06-11 09:32:50.979     0     0 I I00000/HiLog: ========Zeroth log of type: init
06-11 09:32:56.138   368   368 I I02c01/CustCarrierMount: UpdateCotaOpkeyLink start
06-11 09:32:56.138   368   368 W I02c01/CustCarrierMount: not exsit CUST_GLOBAL_CARRIER_DIR or COTA_PARAM_CARRIER_DIR
06-11 09:32:56.755   368   368 I I02c01/CustCarrierMount: success to update cota carrier
06-11 09:35:17.168  2704  2704 I A01b01/HOME: AppIconModel --> bundleName is invalid, not in dynamicIconList.
06-11 09:35:17.169  2704  2704 I A0ff00/SEARCH: [HiSearch] --> ScaleUtils, getFontSizeScale fontSizeScale: 1
06-11 09:35:17.169  2704  2704 I A0ff00/SEARCH: [HiSearch] --> ScaleUtils, getScaleSize: 20vp
06-11 09:35:17.170  2704  2704 I A01b01/HOME: AppIconModel --> bundleName is invalid, not in dynamicIconList.
06-11 09:35:17.170  2704  2704 I A0ff00/SEARCH: [HiSearch] --> ScaleUtils, getFontSizeScale fontSizeScale: 1
06-11 09:35:17.170  2704  2704 I A0ff00/SEARCH: [HiSearch] --> ScaleUtils, getScaleSize: 20vp
06-11 09:35:17.190  3062  3383 W A03d00/makepad-ohos: [W] platform/src/os/linux/opengl.rs:1769:12 - GLSL compile vertex info:
06-11 09:35:17.190  3062  3383 W A03d00/makepad-ohos: ERROR: 0:1: '' :  version '450' is not supported
06-11 09:35:17.190  3062  3383 W A03d00/makepad-ohos: ERROR: 0:2: '' :  #version required and missing.
06-11 09:35:17.190  3062  3383 W A03d00/makepad-ohos: ERROR: 0:63: ';' : syntax error: Uniform blocks may not have identifiers in GLSL 140
06-11 09:35:17.194  3062  3383 E A03d00/makepad-ohos: [E] platform/src/os/linux/opengl.rs:1572:8 - SHADER::VERTEX::COMPILATION_FAILED (skipping shader under ohos_sim tolerant mode)
06-11 09:35:17.194  3062  3383 E A03d00/makepad-ohos: ERROR: 0:1: '' :  version '450' is not supported
06-11 09:35:17.194  3062  3383 E A03d00/makepad-ohos: ERROR: 0:2: '' :  #version required and missing.
06-11 09:35:17.194  3062  3383 E A03d00/makepad-ohos: ERROR: 0:63: ';' : syntax error: Uniform blocks may not have identifiers in GLSL 140
06-11 09:35:17.194  3062  3383 E A03d00/makepad-ohos: 1:#version 300 es
06-11 09:35:17.194  3062  3383 E A03d00/makepad-ohos: 2:            #define VIEW_ID 0
06-11 09:35:17.194  3062  3383 E A03d00/makepad-ohos: 3:            
06-11 09:35:17.194  3062  3383 E A03d00/makepad-ohos: 4:            precision highp float;
06-11 09:35:17.194  3062  3383 E A03d00/makepad-ohos: 5:            precision highp int;
06-11 09:35:17.194  3062  3383 E A03d00/makepad-ohos: 6:            
06-11 09:35:17.194  3062  3383 E A03d00/makepad-ohos: 7:            vec4 depth_clip(vec4 w, vec4 c, float clip);
06-11 09:35:17.194  3062  3383 E A03d00/makepad-ohos: 8:            vec4 sample2d(sampler2D sampler, vec2 pos){return texture(sampler, vec2(pos.x, pos.y));}
06-11 09:35:17.194  3062  3383 E A03d00/makepad-ohos: 9:            vec4 sample2d_lod(sampler2D sampler, vec2 pos, float lod){return textureLod(sampler, vec2(pos.x, pos.y), lod);}
06-11 09:35:17.194  3062  3383 E A03d00/makepad-ohos: 10:            vec4 sample2d_bgra(sampler2D sampler, vec2 pos){return texture(sampler, vec2(pos.x, pos.y));}
06-11 09:35:17.194  3062  3383 E A03d00/makepad-ohos: 11:            vec4 sample2d_rt(sampler2D sampler, vec2 pos){return texture(sampler, vec2(pos.x, 1.0 - pos.y));}
06-11 09:35:17.194  3062  3383 E A03d00/makepad-ohos: 12:            vec4 samplecube(samplerCube sampler, vec3 dir){return texture(sampler, dir);}
06-11 09:35:17.194  3062  3383 E A03d00/makepad-ohos: 13:            vec4 samplecube_lod(samplerCube sampler, vec3 dir, float lod){return textureLod(sampler, dir, lod);}
06-11 09:35:17.194  3062  3383 E A03d00/makepad-ohos: 14:            vec4 samplecube_bgra(samplerCube sampler, vec3 dir){return texture(sampler, dir);}
06-11 09:35:17.194  3062  3383 E A03d00/makepad-ohos: 15:            
06-11 09:35:17.194  3062  3383 E A03d00/makepad-ohos: 16:            
06-11 09:35:17.194  3062  3383 E A03d00/makepad-ohos: 17:            struct DrawCallUniforms {
06-11 09:35:17.194  3062  3383 E A03d00/makepad-ohos: 18:    float zbias;
06-11 09:35:17.194  3062  3383 E A03d00/makepad-ohos: 19:    float pad1;
06-11 09:35:17.194  3062  3383 E A03d00/makepad-ohos: 20:    float pad2;
06-11 09:35:17.194  3062  3383 E A03d00/makepad-ohos: 21:    float pad3;
06-11 09:35:17.194  3062  3383 E A03d00/makepad-ohos: 22:};
06-11 09:35:17.194  3062  3383 E A03d00/makepad-ohos: 23:struct DrawListUniforms {
06-11 09:35:17.194  3062  3383 E A03d00/makepad-ohos: 24:    mat4 view_transform;
06-11 09:35:17.194  3062  3383 E A03d00/makepad-ohos: 25:    vec4 view_clip;
06-11 09:35:17.194  3062  3383 E A03d00/makepad-ohos: 26:    vec2 view_shift;
06-11 09:35:17.194  3062  3383 E A03d00/makepad-ohos: 27:    float pad1;
06-11 09:35:17.194  3062  3383 E A03d00/makepad-ohos: 28:    float pad2;
06-11 09:35:17.194  3062  3383 E A03d00/makepad-ohos: 29:};
06-11 09:35:17.194  3062  3383 E A03d00/makepad-ohos: 30:struct DrawPassUniforms {
06-11 09:35:17.194  3062  3383 E A03d00/makepad-ohos: 31:    mat4 camera_projection;
06-11 09:35:17.194  3062  3383 E A03d00/makepad-ohos: 32:    mat4 camera_projection_r;
06-11 09:35:17.194  3062  3383 E A03d00/makepad-ohos: 33:    mat4 camera_view;
06-11 09:35:17.194  3062  3383 E A03d00/makepad-ohos: 34:    mat4 camera_view_r;
06-11 09:35:17.194  3062  3383 E A03d00/makepad-ohos: 35:    mat4 depth_projection;
06-11 09:35:17.194  3062  3383 E A03d00/makepad-ohos: 36:    mat4 depth_projection_r;
06-11 09:35:17.194  3062  3383 E A03d00/makepad-ohos: 37:    mat4 depth_view;
06-11 09:35:17.194  3062  3383 E A03d00/makepad-ohos: 38:    mat4 depth_view_r;
06-11 09:35:17.194  3062  3383 E A03d00/makepad-ohos: 39:    mat4 camera_inv;
06-11 09:35:17.194  3062  3383 E A03d00/makepad-ohos: 40:    mat4 camera_inv_r;
06-11 09:35:17.194  3062  3383 E A03d00/makepad-ohos: 41:    float dpi_factor;
06-11 09:35:17.194  3062  3383 E A03d00/makepad-ohos: 42:    float dpi_dilate;
06-11 09:35:17.194  3062  3383 E A03d00/makepad-ohos: 43:    float time;
06-11 09:35:17.194  3062  3383 E A03d00/makepad-ohos: 44:    float pad2;
06-11 09:35:17.194  3062  3383 E A03d00/makepad-ohos: 45:};
06-11 09:35:17.194  3062  3383 E A03d00/makepad-ohos: 46:struct QuadVertex {
06-11 09:35:17.194  3062  3383 E A03d00/makepad-ohos: 47:    vec2 pos;
06-11 09:35:17.194  3062  3383 E A03d00/makepad-ohos: 48:};
06-11 09:35:17.194  3062  3383 E A03d00/makepad-ohos: 49:layout(std140) uniform draw_callUniforms {
06-11 09:35:17.194  3062  3383 E A03d00/makepad-ohos: 50:    DrawCallUniforms unibuf_draw_call;
06-11 09:35:17.194  3062  3383 E A03d00/makepad-ohos: 51:};
06-11 09:35:17.194  3062  3383 E A03d00/makepad-ohos: 52:layout(std140) uniform passUniforms {
06-11 09:35:17.194  3062  3383 E A03d00/makepad-ohos: 53:    mat4 camera_projection[2];
06-11 09:35:17.194  3062  3383 E A03d00/makepad-ohos: 54:    mat4 camera_view[2];
06-11 09:35:17.194  3062  3383 E A03d00/makepad-ohos: 55:    mat4 depth_projection[2];
06-11 09:35:17.194  3062  3383 E A03d00/makepad-ohos: 56:    mat4 depth_view[2];
06-11 09:35:17.194  3062  3383 E A03d00/makepad-ohos: 57:    mat4 camera_inv[2];
06-11 09:35:17.194  3062  3383 E A03d00/makepad-ohos: 58:    float dpi_factor;
06-11 09:35:17.194  3062  3383 E A03d00/makepad-ohos: 59:    float dpi_dilate;
06-11 09:35:17.194  3062  3383 E A03d00/makepad-ohos: 60:    float time;
06-11 09:35:17.194  3062  3383 E A03d00/makepad-ohos: 61:    float pad2;
06-11 09:35:17.194  3062  3383 E A03d00/makepad-ohos: 62:} unibuf_draw_pass;
06-11 09:35:17.194  3062  3383 E A03d00/makepad-ohos: 63:layout(std140) uniform draw_listUniforms {
06-11 09:35:17.194  3062  3383 E A03d00/makepad-ohos: 64:    DrawListUniforms unibuf_draw_list;
06-11 09:35:17.194  3062  3383 E A03d00/makepad-ohos: 65:};
06-11 09:35:17.194  3062  3383 E A03d00/makepad-ohos: 66:vec4 vtx_pos;
06-11 09:35:17.194  3062  3383 E A03d00/makepad-ohos: 67:vec2 rustinst_rect_pos;
06-11 09:35:17.194  3062  3383 E A03d00/makepad-ohos: 68:vec2 rustinst_rect_size;
06-11 09:35:17.194  3062  3383 E A03d00/makepad-ohos: 69:vec4 rustinst_draw_clip;
06-11 09:35:17.194  3062  3383 E A03d00/makepad-ohos: 70:float rustinst_depth_clip;
06-11 09:35:17.194  3062  3383 E A03d00/makepad-ohos: 71:float rustinst_draw_depth;
06-11 09:35:17.194  3062  3383 E A03d00/makepad-ohos: 72:float rustinst_pad1;
06-11 09:35:17.194  3062  3383 E A03d00/makepad-ohos: 73:float rustinst_pad2;
06-11 09:35:17.194  3062  3383 E A03d00/makepad-ohos: 74:vec4 rustinst_color;
06-11 09:35:17.194  3062  3383 E A03d00/makepad-ohos: 75:QuadVertex vb_geom;
06-11 09:35:17.194  3062  3383 E A03d00/makepad-ohos: 76:vec2 var_pos;
06-11 09:35:17.194  3062  3383 E A03d00/makepad-ohos: 77:vec4 var_world;
06-11 09:35:17.194  3062  3383 E A03d00/makepad-ohos: 78:in vec4 packed_geometry_0;
06-11 09:35:17.194  3062  3383 E A03d00/makepad-ohos: 79:in vec4 packed_instance_0;
06-11 09:35:17.194  3062  3383 E A03d00/makepad-ohos: 80:in vec4 packed_instance_1;
06-11 09:35:17.194  3062  3383 E A03d00/makepad-ohos: 81:in vec4 packed_instance_2;
06-11 09:35:17.194  3062  3383 E A03d00/makepad-ohos: 82:in vec4 packed_instance_3;
06-11 09:35:17.194  3062  3383 E A03d00/makepad-ohos: 83:out vec4 packed_varying_0;
06-11 09:35:17.194  3062  3383 E A03d00/makepad-ohos: 84:out vec4 packed_varying_1;
06-11 09:35:17.194  3062  3383 E A03d00/makepad-ohos: 85:out vec4 packed_varying_2;
06-11 09:35:17.194  3062  3383 E A03d00/makepad-ohos: 86:out vec4 packed_varying_3;
06-11 09:35:17.194  3062  3383 E A03d00/makepad-ohos: 87:out vec4 packed_varying_4;
06-11 09:35:17.194  3062  3383 E A03d00/makepad-ohos: 88:out vec4 packed_varying_5;
06-11 09:35:17.194  3062  3383 E A03d00/makepad-ohos: 89:vec4 io_clip_and_transform_vertex(vec2 p_rect_pos, vec2 p_rect_size){
06-11 09:35:17.194  3062  3383 E A03d00/makepad-ohos: 90:vec2 l_clipped = clamp((clamp(((vb_geom.pos * p_rect_size) + p_rect_pos), rustinst_draw_clip.xy, rustinst_draw_clip.zw) + unibuf_draw_list.view_shift), unibuf_draw_list.view_clip.xy, unibuf_draw_list.view_clip.zw);
06-11 09:35:17.194  3062  3383 E A03d00/makepad-ohos: 91:var_pos = ((l_clipped - p_rect_pos) / p_rect_size);
06-11 09:35:17.194  3062  3383 E A03d00/makepad-ohos: 92:var_world = (unibuf_draw_list.view_transform * vec4(l_clipped.x, l_clipped.y, (rustinst_draw_depth + unibuf_draw_call.zbias), 1.0));
06-11 09:35:17.194  3062  3383 E A03d00/makepad-ohos: 93:return (unibuf_draw_pass.camera_projection[int(VIEW_ID)] * (unibuf_draw_pass.camera_view[int(VIEW_ID)] * var_world));
06-11 09:35:17.194  3062  3383 E A03d00/makepad-ohos: 94:
06-11 09:35:17.194  3062  3383 E A03d00/makepad-ohos: 95:}
06-11 09:35:17.194  3062  3383 E A03d00/makepad-ohos: 96:
06-11 09:35:17.194  3062  3383 E A03d00/makepad-ohos: 97:void io_vertex(){
06-11 09:35:17.194  3062  3383 E A03d00/makepad-ohos: 98:vtx_pos = io_clip_and_transform_vertex(rustinst_rect_pos, rustinst_rect_size);
06-11 09:35:17.194  3062  3383 E A03d00/makepad-ohos: 99:return;
06-11 09:35:17.194  3062  3383 E A03d00/makepad-ohos: 100:
06-11 09:35:17.194  3062  3383 E A03d00/makepad-ohos: 101:}
06-11 09:35:17.194  3062  3383 E A03d00/makepad-ohos: 102:
06-11 09:35:17.194  3062  3383 E A03d00/makepad-ohos: 103:void main() {
06-11 09:35:17.194  3062  3383 E A03d00/makepad-ohos: 104:    vb_geom.pos = vec2(packed_geometry_0.x, packed_geometry_0.y);
06-11 09:35:17.194  3062  3383 E A03d00/makepad-ohos: 105:    rustinst_rect_pos = vec2(packed_instance_0.x, packed_instance_0.y);
06-11 09:35:17.194  3062  3383 E A03d00/makepad-ohos: 106:    rustinst_rect_size = vec2(packed_inst
06-11 09:35:17.206  3062  3383 W A03d00/makepad-ohos: [W] platform/src/os/linux/opengl.rs:1769:12 - GLSL compile vertex info:
06-11 09:35:17.206  3062  3383 W A03d00/makepad-ohos: ERROR: 0:1: '' :  version '450' is not supported
06-11 09:35:17.206  3062  3383 W A03d00/makepad-ohos: ERROR: 0:2: '' :  #version required and missing.
06-11 09:35:17.206  3062  3383 W A03d00/makepad-ohos: ERROR: 0:77: ';' : syntax error: Uniform blocks may not have identifiers in GLSL 140
06-11 09:35:17.208  3062  3383 E A03d00/makepad-ohos: [E] platform/src/os/linux/opengl.rs:1572:8 - SHADER::VERTEX::COMPILATION_FAILED (skipping shader under ohos_sim tolerant mode)
06-11 09:35:17.208  3062  3383 E A03d00/makepad-ohos: ERROR: 0:1: '' :  version '450' is not supported
06-11 09:35:17.208  3062  3383 E A03d00/makepad-ohos: ERROR: 0:2: '' :  #version required and missing.
06-11 09:35:17.208  3062  3383 E A03d00/makepad-ohos: ERROR: 0:77: ';' : syntax error: Uniform blocks may not have identifiers in GLSL 140
06-11 09:35:17.208  3062  3383 E A03d00/makepad-ohos: 1:#version 300 es
06-11 09:35:17.208  3062  3383 E A03d00/makepad-ohos: 2:            #define VIEW_ID 0
06-11 09:35:17.208  3062  3383 E A03d00/makepad-ohos: 3:            
06-11 09:35:17.208  3062  3383 E A03d00/makepad-ohos: 4:            precision highp float;
06-11 09:35:17.208  3062  3383 E A03d00/makepad-ohos: 5:            precision highp int;
06-11 09:35:17.208  3062  3383 E A03d00/makepad-ohos: 6:            
06-11 09:35:17.208  3062  3383 E A03d00/makepad-ohos: 7:            vec4 depth_clip(vec4 w, vec4 c, float clip);
06-11 09:35:17.208  3062  3383 E A03d00/makepad-ohos: 8:            vec4 sample2d(sampler2D sampler, vec2 pos){return texture(sampler, vec2(pos.x, pos.y));}
06-11 09:35:17.208  3062  3383 E A03d00/makepad-ohos: 9:            vec4 sample2d_lod(sampler2D sampler, vec2 pos, float lod){return textureLod(sampler, vec2(pos.x, pos.y), lod);}
06-11 09:35:17.208  3062  3383 E A03d00/makepad-ohos: 10:            vec4 sample2d_bgra(sampler2D sampler, vec2 pos){return texture(sampler, vec2(pos.x, pos.y));}
06-11 09:35:17.208  3062  3383 E A03d00/makepad-ohos: 11:            vec4 sample2d_rt(sampler2D sampler, vec2 pos){return texture(sampler, vec2(pos.x, 1.0 - pos.y));}
06-11 09:35:17.208  3062  3383 E A03d00/makepad-ohos: 12:            vec4 samplecube(samplerCube sampler, vec3 dir){return texture(sampler, dir);}
06-11 09:35:17.208  3062  3383 E A03d00/makepad-ohos: 13:            vec4 samplecube_lod(samplerCube sampler, vec3 dir, float lod){return textureLod(sampler, dir, lod);}
06-11 09:35:17.208  3062  3383 E A03d00/makepad-ohos: 14:            vec4 samplecube_bgra(samplerCube sampler, vec3 dir){return texture(sampler, dir);}
06-11 09:35:17.208  3062  3383 E A03d00/makepad-ohos: 15:            
06-11 09:35:17.208  3062  3383 E A03d00/makepad-ohos: 16:            
06-11 09:35:17.208  3062  3383 E A03d00/makepad-ohos: 17:            struct DrawCallUniforms {
06-11 09:35:17.208  3062  3383 E A03d00/makepad-ohos: 18:    float zbias;
06-11 09:35:17.208  3062  3383 E A03d00/makepad-ohos: 19:    float pad1;
06-11 09:35:17.208  3062  3383 E A03d00/makepad-ohos: 20:    float pad2;
06-11 09:35:17.208  3062  3383 E A03d00/makepad-ohos: 21:    float pad3;
06-11 09:35:17.208  3062  3383 E A03d00/makepad-ohos: 22:};
06-11 09:35:17.208  3062  3383 E A03d00/makepad-ohos: 23:struct DrawListUniforms {
06-11 09:35:17.208  3062  3383 E A03d00/makepad-ohos: 24:    mat4 view_transform;
06-11 09:35:17.208  3062  3383 E A03d00/makepad-ohos: 25:    vec4 view_clip;
06-11 09:35:17.208  3062  3383 E A03d00/makepad-ohos: 26:    vec2 view_shift;
06-11 09:35:17.208  3062  3383 E A03d00/makepad-ohos: 27:    float pad1;
06-11 09:35:17.208  3062  3383 E A03d00/makepad-ohos: 28:    float pad2;
06-11 09:35:17.208  3062  3383 E A03d00/makepad-ohos: 29:};
06-11 09:35:17.208  3062  3383 E A03d00/makepad-ohos: 30:struct DrawPassUniforms {
06-11 09:35:17.208  3062  3383 E A03d00/makepad-ohos: 31:    mat4 camera_projection;
06-11 09:35:17.208  3062  3383 E A03d00/makepad-ohos: 32:    mat4 camera_projection_r;
06-11 09:35:17.208  3062  3383 E A03d00/makepad-ohos: 33:    mat4 camera_view;
06-11 09:35:17.208  3062  3383 E A03d00/makepad-ohos: 34:    mat4 camera_view_r;
06-11 09:35:17.208  3062  3383 E A03d00/makepad-ohos: 35:    mat4 depth_projection;
06-11 09:35:17.208  3062  3383 E A03d00/makepad-ohos: 36:    mat4 depth_projection_r;
06-11 09:35:17.208  3062  3383 E A03d00/makepad-ohos: 37:    mat4 depth_view;
06-11 09:35:17.208  3062  3383 E A03d00/makepad-ohos: 38:    mat4 depth_view_r;
06-11 09:35:17.208  3062  3383 E A03d00/makepad-ohos: 39:    mat4 camera_inv;
06-11 09:35:17.208  3062  3383 E A03d00/makepad-ohos: 40:    mat4 camera_inv_r;
06-11 09:35:17.208  3062  3383 E A03d00/makepad-ohos: 41:    float dpi_factor;
06-11 09:35:17.208  3062  3383 E A03d00/makepad-ohos: 42:    float dpi_dilate;
06-11 09:35:17.208  3062  3383 E A03d00/makepad-ohos: 43:    float time;
06-11 09:35:17.208  3062  3383 E A03d00/makepad-ohos: 44:    float pad2;
06-11 09:35:17.208  3062  3383 E A03d00/makepad-ohos: 45:};
06-11 09:35:17.208  3062  3383 E A03d00/makepad-ohos: 46:struct Sdf2d {
06-11 09:35:17.208  3062  3383 E A03d00/makepad-ohos: 47:    vec2 pos;
06-11 09:35:17.208  3062  3383 E A03d00/makepad-ohos: 48:    vec4 result;
06-11 09:35:17.208  3062  3383 E A03d00/makepad-ohos: 49:    vec2 last_pos;
06-11 09:35:17.208  3062  3383 E A03d00/makepad-ohos: 50:    vec2 start_pos;
06-11 09:35:17.208  3062  3383 E A03d00/makepad-ohos: 51:    float shape;
06-11 09:35:17.208  3062  3383 E A03d00/makepad-ohos: 52:    float clip;
06-11 09:35:17.208  3062  3383 E A03d00/makepad-ohos: 53:    float has_clip;
06-11 09:35:17.208  3062  3383 E A03d00/makepad-ohos: 54:    float old_shape;
06-11 09:35:17.208  3062  3383 E A03d00/makepad-ohos: 55:    float blur;
06-11 09:35:17.208  3062  3383 E A03d00/makepad-ohos: 56:    float aa;
06-11 09:35:17.208  3062  3383 E A03d00/makepad-ohos: 57:    float scale_factor;
06-11 09:35:17.208  3062  3383 E A03d00/makepad-ohos: 58:    float dist;
06-11 09:35:17.208  3062  3383 E A03d00/makepad-ohos: 59:};
06-11 09:35:17.208  3062  3383 E A03d00/makepad-ohos: 60:struct QuadVertex {
06-11 09:35:17.208  3062  3383 E A03d00/makepad-ohos: 61:    vec2 pos;
06-11 09:35:17.208  3062  3383 E A03d00/makepad-ohos: 62:};
06-11 09:35:17.208  3062  3383 E A03d00/makepad-ohos: 63:layout(std140) uniform draw_callUniforms {
06-11 09:35:17.208  3062  3383 E A03d00/makepad-ohos: 64:    DrawCallUniforms unibuf_draw_call;
06-11 09:35:17.208  3062  3383 E A03d00/makepad-ohos: 65:};
06-11 09:35:17.208  3062  3383 E A03d00/makepad-ohos: 66:layout(std140) uniform passUniforms {
06-11 09:35:17.208  3062  3383 E A03d00/makepad-ohos: 67:    mat4 camera_projection[2];
06-11 09:35:17.208  3062  3383 E A03d00/makepad-ohos: 68:    mat4 camera_view[2];
06-11 09:35:17.208  3062  3383 E A03d00/makepad-ohos: 69:    mat4 depth_projection[2];
06-11 09:35:17.208  3062  3383 E A03d00/makepad-ohos: 70:    mat4 depth_view[2];
06-11 09:35:17.208  3062  3383 E A03d00/makepad-ohos: 71:    mat4 camera_inv[2];
06-11 09:35:17.208  3062  3383 E A03d00/makepad-ohos: 72:    float dpi_factor;
06-11 09:35:17.208  3062  3383 E A03d00/makepad-ohos: 73:    float dpi_dilate;
06-11 09:35:17.208  3062  3383 E A03d00/makepad-ohos: 74:    float time;
06-11 09:35:17.208  3062  3383 E A03d00/makepad-ohos: 75:    float pad2;
06-11 09:35:17.208  3062  3383 E A03d00/makepad-ohos: 76:} unibuf_draw_pass;
06-11 09:35:17.208  3062  3383 E A03d00/makepad-ohos: 77:layout(std140) uniform draw_listUniforms {
06-11 09:35:17.208  3062  3383 E A03d00/makepad-ohos: 78:    DrawListUniforms unibuf_draw_list;
06-11 09:35:17.208  3062  3383 E A03d00/makepad-ohos: 79:};
06-11 09:35:17.208  3062  3383 E A03d00/makepad-ohos: 80:layout(std140) uniform userUniforms {
06-11 09:35:17.208  3062  3383 E A03d00/makepad-ohos: 81:    float uni_border_size;
06-11 09:35:17.208  3062  3383 E A03d00/makepad-ohos: 82:    float uni_border_radius;
06-11 09:35:17.208  3062  3383 E A03d00/makepad-ohos: 83:    float uni_color_dither;
06-11 09:35:17.208  3062  3383 E A03d00/makepad-ohos: 84:    float uni_gradient_border_horizontal;
06-11 09:35:17.208  3062  3383 E A03d00/makepad-ohos: 85:    float uni_gradient_fill_horizontal;
06-11 09:35:17.208  3062  3383 E A03d00/makepad-ohos: 86:    vec4 uni_color;
06-11 09:35:17.208  3062  3383 E A03d00/makepad-ohos: 87:    vec4 uni_color_hover;
06-11 09:35:17.208  3062  3383 E A03d00/makepad-ohos: 88:    vec4 uni_color_down;
06-11 09:35:17.208  3062  3383 E A03d00/makepad-ohos: 89:    vec4 uni_color_focus;
06-11 09:35:17.208  3062  3383 E A03d00/makepad-ohos: 90:    vec4 uni_color_disabled;
06-11 09:35:17.208  3062  3383 E A03d00/makepad-ohos: 91:    vec4 uni_color_2;
06-11 09:35:17.208  3062  3383 E A03d00/makepad-ohos: 92:    vec4 uni_color_2_hover;
06-11 09:35:17.208  3062  3383 E A03d00/makepad-ohos: 93:    vec4 uni_color_2_down;
06-11 09:35:17.208  3062  3383 E A03d00/makepad-ohos: 94:    vec4 uni_color_2_focus;
06-11 09:35:17.208  3062  3383 E A03d00/makepad-ohos: 95:    vec4 uni_color_2_disabled;
06-11 09:35:17.208  3062  3383 E A03d00/makepad-ohos: 96:    vec4 uni_border_color;
06-11 09:35:17.208  3062  3383 E A03d00/makepad-ohos: 97:    vec4 uni_border_color_hover;
06-11 09:35:17.208  3062  3383 E A03d00/makepad-ohos: 98:    vec4 uni_border_color_down;
06-11 09:35:17.208  3062  3383 E A03d00/makepad-ohos: 99:    vec4 uni_border_color_focus;
06-11 09:35:17.208  3062  3383 E A03d00/makepad-ohos: 100:    vec4 uni_border_color_disabled;
06-11 09:35:17.208  3062  3383 E A03d00/makepad-ohos: 101:    vec4 uni_border_color_2;
06-11 09:35:17.208  3062  3383 E A03d00/makepad-ohos: 102:    vec4 uni_border_color_2_hover;
06-11 09:35:17.208  3062  3383 E A03d00/makepad-ohos: 103:    vec4 uni_border_color_2_down;
06-11 09:35:17.208  3062  3383 E A03d00/makepad-ohos: 104:    vec4 uni_border_color_2_focus;
06-11 09:35:17.208  3062  3383 E A03d00/makepad-ohos: 105:    vec4 uni_border_color_2_disabled;
06-11 09:35:17.208  3062  3383 E A03d00/makepad-ohos: 106:};
06-11 09:35:17.208  3062  3383 E A03d00/makepad-ohos: 107:vec4 vtx_pos;
06-11 09:35:17.208  3062  3383 E A03d00/makepad-ohos: 108:vec2 rustinst_rect_pos;
06-11 09:35:17.208  3062  3383 E A03d00/makepad-ohos: 109:vec2 rustinst_rect_size;
06-11 09:35:17.208  3062  3383 E A03d00/makepad-ohos: 110:vec4 rustinst_draw_clip;
06-11 09:35:17.208  3062  3383 E A03d00/makepad-ohos: 111:float rustinst_depth_clip;
06-11 09:35:17.208  3062  3383 E A03d00/makepad-ohos: 112:float rustinst_draw_depth;
06-11 09:35:17.208  3062  3383 E A03d00/makepad-ohos: 113:float rustinst_pad1;
06-11 09:35:17.208  3062  3383 E A03d00/makepad-ohos: 114:float rustinst_pad2;
06-11 09:35:17.208  3062  3383 E A03d00/makepad-ohos: 115:QuadVertex vb_geom;
06-11 09:35:17.208  3062  3383 E A03d00/makepad-ohos: 116:vec2 var_pos;
06-11 09:35:17.208  3062  3383 E A03d00/makepad-ohos: 117:vec4 var_world;
06-11 09:35:17.208  3062  3383 E A03d00/makepad-ohos: 118:float dyninst_focus;
06-11 09:35:17.208  3062  3383 E A03d00/makepad-ohos: 119:float dyninst_hover;
06-11 09:35:17.208  3062  3383 E A03d00/makepad-ohos: 120:float dyninst_down;
06-11 09:35:17.208  3062  3383 E A03d00/makepad-ohos: 121:float dyninst_disabled;
06-11 09:35:17.208  3062  3383 E A03d00/makepad-ohos: 122:in vec4 packed_geometry_0;
06-11 09:35:17.208  3062  3383 E A03d00/makepad-ohos: 12
06-11 09:35:17.209  3358  3358 I A00a00/VersionUtils: isNeedBackupDelete hasBackupRecord 0
06-11 09:35:17.209  3358  3358 I A00a00/SourceHandlerUtils: createNotifySourceHandler, remindSource: undefined
06-11 09:35:17.209  3358  3358 E A00a00/DefaultNotifyStrategy: appendCustomVersionInfo, return by versionInfo is empty.
06-11 09:35:17.225  3358  3358 E A00a00/BundleManager: getBundleInfoSync failed. error: BusinessError 17700001: The specified bundle is not found.
06-11 09:35:17.225  3358  3358 I A00a00/DeviceUtils: getDeviceType phone
06-11 09:35:17.225  3358  3358 I A00a00/BaseUpgradeStrategy: init done.
06-11 09:35:17.225  3358  3358 I A00a00/NormalUpgradeStrategy: init done.
06-11 09:35:17.225  3358  3358 I A00a00/DefaultNotifyStrategy: setResidentNotification, status: undefined.
06-11 09:35:17.229  3062  3383 W A03d00/makepad-ohos: [W] platform/src/os/linux/opengl.rs:1769:12 - GLSL compile vertex info:
06-11 09:35:17.229  3062  3383 W A03d00/makepad-ohos: ERROR: 0:1: '' :  version '450' is not supported
06-11 09:35:17.229  3062  3383 W A03d00/makepad-ohos: ERROR: 0:2: '' :  #version required and missing.
06-11 09:35:17.229  3062  3383 W A03d00/makepad-ohos: ERROR: 0:77: ';' : syntax error: Uniform blocks may not have identifiers in GLSL 140
06-11 09:35:17.231  3062  3383 E A03d00/makepad-ohos: [E] platform/src/os/linux/opengl.rs:1572:8 - SHADER::VERTEX::COMPILATION_FAILED (skipping shader under ohos_sim tolerant mode)
06-11 09:35:17.231  3062  3383 E A03d00/makepad-ohos: ERROR: 0:1: '' :  version '450' is not supported
06-11 09:35:17.231  3062  3383 E A03d00/makepad-ohos: ERROR: 0:2: '' :  #version required and missing.
06-11 09:35:17.231  3062  3383 E A03d00/makepad-ohos: ERROR: 0:77: ';' : syntax error: Uniform blocks may not have identifiers in GLSL 140
06-11 09:35:17.231  3062  3383 E A03d00/makepad-ohos: 1:#version 300 es
06-11 09:35:17.231  3062  3383 E A03d00/makepad-ohos: 2:            #define VIEW_ID 0
06-11 09:35:17.231  3062  3383 E A03d00/makepad-ohos: 3:            
06-11 09:35:17.231  3062  3383 E A03d00/makepad-ohos: 4:            precision highp float;
06-11 09:35:17.231  3062  3383 E A03d00/makepad-ohos: 5:            precision highp int;
06-11 09:35:17.231  3062  3383 E A03d00/makepad-ohos: 6:            
06-11 09:35:17.231  3062  3383 E A03d00/makepad-ohos: 7:            vec4 depth_clip(vec4 w, vec4 c, float clip);
06-11 09:35:17.231  3062  3383 E A03d00/makepad-ohos: 8:            vec4 sample2d(sampler2D sampler, vec2 pos){return texture(sampler, vec2(pos.x, pos.y));}
06-11 09:35:17.231  3062  3383 E A03d00/makepad-ohos: 9:            vec4 sample2d_lod(sampler2D sampler, vec2 pos, float lod){return textureLod(sampler, vec2(pos.x, pos.y), lod);}
06-11 09:35:17.231  3062  3383 E A03d00/makepad-ohos: 10:            vec4 sample2d_bgra(sampler2D sampler, vec2 pos){return texture(sampler, vec2(pos.x, pos.y));}
06-11 09:35:17.231  3062  3383 E A03d00/makepad-ohos: 11:            vec4 sample2d_rt(sampler2D sampler, vec2 pos){return texture(sampler, vec2(pos.x, 1.0 - pos.y));}
06-11 09:35:17.231  3062  3383 E A03d00/makepad-ohos: 12:            vec4 samplecube(samplerCube sampler, vec3 dir){return texture(sampler, dir);}
06-11 09:35:17.231  3062  3383 E A03d00/makepad-ohos: 13:            vec4 samplecube_lod(samplerCube sampler, vec3 dir, float lod){return textureLod(sampler, dir, lod);}
06-11 09:35:17.231  3062  3383 E A03d00/makepad-ohos: 14:            vec4 samplecube_bgra(samplerCube sampler, vec3 dir){return texture(sampler, dir);}
06-11 09:35:17.231  3062  3383 E A03d00/makepad-ohos: 15:            
06-11 09:35:17.231  3062  3383 E A03d00/makepad-ohos: 16:            
06-11 09:35:17.231  3062  3383 E A03d00/makepad-ohos: 17:            struct DrawCallUniforms {
06-11 09:35:17.231  3062  3383 E A03d00/makepad-ohos: 18:    float zbias;
06-11 09:35:17.231  3062  3383 E A03d00/makepad-ohos: 19:    float pad1;
06-11 09:35:17.231  3062  3383 E A03d00/makepad-ohos: 20:    float pad2;
06-11 09:35:17.231  3062  3383 E A03d00/makepad-ohos: 21:    float pad3;
06-11 09:35:17.231  3062  3383 E A03d00/makepad-ohos: 22:};
06-11 09:35:17.231  3062  3383 E A03d00/makepad-ohos: 23:struct DrawListUniforms {
06-11 09:35:17.231  3062  3383 E A03d00/makepad-ohos: 24:    mat4 view_transform;
06-11 09:35:17.231  3062  3383 E A03d00/makepad-ohos: 25:    vec4 view_clip;
06-11 09:35:17.231  3062  3383 E A03d00/makepad-ohos: 26:    vec2 view_shift;
06-11 09:35:17.231  3062  3383 E A03d00/makepad-ohos: 27:    float pad1;
06-11 09:35:17.231  3062  3383 E A03d00/makepad-ohos: 28:    float pad2;
06-11 09:35:17.231  3062  3383 E A03d00/makepad-ohos: 29:};
06-11 09:35:17.231  3062  3383 E A03d00/makepad-ohos: 30:struct DrawPassUniforms {
06-11 09:35:17.231  3062  3383 E A03d00/makepad-ohos: 31:    mat4 camera_projection;
06-11 09:35:17.231  3062  3383 E A03d00/makepad-ohos: 32:    mat4 camera_projection_r;
06-11 09:35:17.231  3062  3383 E A03d00/makepad-ohos: 33:    mat4 camera_view;
06-11 09:35:17.231  3062  3383 E A03d00/makepad-ohos: 34:    mat4 camera_view_r;
06-11 09:35:17.231  3062  3383 E A03d00/makepad-ohos: 35:    mat4 depth_projection;
06-11 09:35:17.231  3062  3383 E A03d00/makepad-ohos: 36:    mat4 depth_projection_r;
06-11 09:35:17.231  3062  3383 E A03d00/makepad-ohos: 37:    mat4 depth_view;
06-11 09:35:17.231  3062  3383 E A03d00/makepad-ohos: 38:    mat4 depth_view_r;
06-11 09:35:17.231  3062  3383 E A03d00/makepad-ohos: 39:    mat4 camera_inv;
06-11 09:35:17.231  3062  3383 E A03d00/makepad-ohos: 40:    mat4 camera_inv_r;
06-11 09:35:17.231  3062  3383 E A03d00/makepad-ohos: 41:    float dpi_factor;
06-11 09:35:17.231  3062  3383 E A03d00/makepad-ohos: 42:    float dpi_dilate;
06-11 09:35:17.231  3062  3383 E A03d00/makepad-ohos: 43:    float time;
06-11 09:35:17.231  3062  3383 E A03d00/makepad-ohos: 44:    float pad2;
06-11 09:35:17.231  3062  3383 E A03d00/makepad-ohos: 45:};
06-11 09:35:17.231  3062  3383 E A03d00/makepad-ohos: 46:struct Sdf2d {
06-11 09:35:17.231  3062  3383 E A03d00/makepad-ohos: 47:    vec2 pos;
06-11 09:35:17.231  3062  3383 E A03d00/makepad-ohos: 48:    vec4 result;
06-11 09:35:17.231  3062  3383 E A03d00/makepad-ohos: 49:    vec2 last_pos;
06-11 09:35:17.231  3062  3383 E A03d00/makepad-ohos: 50:    vec2 start_pos;
06-11 09:35:17.231  3062  3383 E A03d00/makepad-ohos: 51:    float shape;
06-11 09:35:17.231  3062  3383 E A03d00/makepad-ohos: 52:    float clip;
06-11 09:35:17.231  3062  3383 E A03d00/makepad-ohos: 53:    float has_clip;
06-11 09:35:17.231  3062  3383 E A03d00/makepad-ohos: 54:    float old_shape;
06-11 09:35:17.231  3062  3383 E A03d00/makepad-ohos: 55:    float blur;
06-11 09:35:17.231  3062  3383 E A03d00/makepad-ohos: 56:    float aa;
06-11 09:35:17.231  3062  3383 E A03d00/makepad-ohos: 57:    float scale_factor;
06-11 09:35:17.231  3062  3383 E A03d00/makepad-ohos: 58:    float dist;
06-11 09:35:17.231  3062  3383 E A03d00/makepad-ohos: 59:};
06-11 09:35:17.231  3062  3383 E A03d00/makepad-ohos: 60:struct QuadVertex {
06-11 09:35:17.231  3062  3383 E A03d00/makepad-ohos: 61:    vec2 pos;
06-11 09:35:17.231  3062  3383 E A03d00/makepad-ohos: 62:};
06-11 09:35:17.231  3062  3383 E A03d00/makepad-ohos: 63:layout(std140) uniform draw_callUniforms {
06-11 09:35:17.231  3062  3383 E A03d00/makepad-ohos: 64:    DrawCallUniforms unibuf_draw_call;
06-11 09:35:17.231  3062  3383 E A03d00/makepad-ohos: 65:};
06-11 09:35:17.231  3062  3383 E A03d00/makepad-ohos: 66:layout(std140) uniform passUniforms {
06-11 09:35:17.231  3062  3383 E A03d00/makepad-ohos: 67:    mat4 camera_projection[2];
06-11 09:35:17.231  3062  3383 E A03d00/makepad-ohos: 68:    mat4 camera_view[2];
06-11 09:35:17.231  3062  3383 E A03d00/makepad-ohos: 69:    mat4 depth_projection[2];
06-11 09:35:17.231  3062  3383 E A03d00/makepad-ohos: 70:    mat4 depth_view[2];
06-11 09:35:17.231  3062  3383 E A03d00/makepad-ohos: 71:    mat4 camera_inv[2];
06-11 09:35:17.231  3062  3383 E A03d00/makepad-ohos: 72:    float dpi_factor;
06-11 09:35:17.231  3062  3383 E A03d00/makepad-ohos: 73:    float dpi_dilate;
06-11 09:35:17.231  3062  3383 E A03d00/makepad-ohos: 74:    float time;
06-11 09:35:17.231  3062  3383 E A03d00/makepad-ohos: 75:    float pad2;
06-11 09:35:17.231  3062  3383 E A03d00/makepad-ohos: 76:} unibuf_draw_pass;
06-11 09:35:17.231  3062  3383 E A03d00/makepad-ohos: 77:layout(std140) uniform draw_listUniforms {
06-11 09:35:17.231  3062  3383 E A03d00/makepad-ohos: 78:    DrawListUniforms unibuf_draw_list;
06-11 09:35:17.231  3062  3383 E A03d00/makepad-ohos: 79:};
06-11 09:35:17.231  3062  3383 E A03d00/makepad-ohos: 80:layout(std140) uniform userUniforms {
06-11 09:35:17.231  3062  3383 E A03d00/makepad-ohos: 81:    float uni_size;
06-11 09:35:17.231  3062  3383 E A03d00/makepad-ohos: 82:    float uni_border_size;
06-11 09:35:17.231  3062  3383 E A03d00/makepad-ohos: 83:    float uni_border_radius;
06-11 09:35:17.231  3062  3383 E A03d00/makepad-ohos: 84:    vec4 uni_color;
06-11 09:35:17.231  3062  3383 E A03d00/makepad-ohos: 85:    vec4 uni_color_hover;
06-11 09:35:17.231  3062  3383 E A03d00/makepad-ohos: 86:    vec4 uni_color_drag;
06-11 09:35:17.231  3062  3383 E A03d00/makepad-ohos: 87:    vec4 uni_border_color;
06-11 09:35:17.231  3062  3383 E A03d00/makepad-ohos: 88:    vec4 uni_border_color_hover;
06-11 09:35:17.231  3062  3383 E A03d00/makepad-ohos: 89:    vec4 uni_border_color_drag;
06-11 09:35:17.231  3062  3383 E A03d00/makepad-ohos: 90:};
06-11 09:35:17.231  3062  3383 E A03d00/makepad-ohos: 91:vec4 vtx_pos;
06-11 09:35:17.231  3062  3383 E A03d00/makepad-ohos: 92:vec2 rustinst_rect_pos;
06-11 09:35:17.231  3062  3383 E A03d00/makepad-ohos: 93:vec2 rustinst_rect_size;
06-11 09:35:17.231  3062  3383 E A03d00/makepad-ohos: 94:vec4 rustinst_draw_clip;
06-11 09:35:17.231  3062  3383 E A03d00/makepad-ohos: 95:float rustinst_depth_clip;
06-11 09:35:17.231  3062  3383 E A03d00/makepad-ohos: 96:float rustinst_draw_depth;
06-11 09:35:17.231  3062  3383 E A03d00/makepad-ohos: 97:float rustinst_pad1;
06-11 09:35:17.231  3062  3383 E A03d00/makepad-ohos: 98:float rustinst_pad2;
06-11 09:35:17.231  3062  3383 E A03d00/makepad-ohos: 99:float rustinst_is_vertical;
06-11 09:35:17.231  3062  3383 E A03d00/makepad-ohos: 100:float rustinst_norm_handle;
06-11 09:35:17.231  3062  3383 E A03d00/makepad-ohos: 101:float rustinst_norm_scroll;
06-11 09:35:17.231  3062  3383 E A03d00/makepad-ohos: 102:QuadVertex vb_geom;
06-11 09:35:17.231  3062  3383 E A03d00/makepad-ohos: 103:vec2 var_pos;
06-11 09:35:17.231  3062  3383 E A03d00/makepad-ohos: 104:vec4 var_world;
06-11 09:35:17.231  3062  3383 E A03d00/makepad-ohos: 105:float dyninst_drag;
06-11 09:35:17.231  3062  3383 E A03d00/makepad-ohos: 106:float dyninst_hover;
06-11 09:35:17.231  3062  3383 E A03d00/makepad-ohos: 107:in vec4 packed_geometry_0;
06-11 09:35:17.231  3062  3383 E A03d00/makepad-ohos: 108:in vec4 packed_instance_0;
06-11 09:35:17.231  3062  3383 E A03d00/makepad-ohos: 109:in vec4 packed_instance_1;
06-11 09:35:17.231  3062  3383 E A03d00/makepad-ohos: 110:in vec4 packed_instance_2;
06-11 09:35:17.231  3062  3383 E A03d00/makepad-ohos: 111:in vec4 packed_instance_3;
06-11 09:35:17.231  3062  3383 E A03d00/makepad-ohos: 112:in vec4 packed_instance_4;
06-11 09:35:17.231  3062  3383 E A03d00/makepad-ohos: 113:out vec4 packed_varying_0;
06-11 09:35:17.231  3062  3383 E A03d00/makepad-ohos: 114:out vec4 packed_varying_1;
06-11 09:35:17.231  3062  3383 E A03d00/makepad-ohos: 115:out vec4 packed_varying_2;
06-11 09:35:17.231  3062  3383 E A03d00/makepad-ohos: 116:out vec4 packed_varying_3;
06-11 09:35:17.231  3062  3383 E A03d00/makepad-ohos: 117:out vec4 packed_varying_4;
06-11 09:35:17.231  3062  3383 E A03d00/makepad-ohos: 118:out vec4 packed_varying_5;
06-11 09:35:17.231  3062  3383 E A03d00/makepad-ohos: 119:vec4 io_clip_and_transform_vertex(vec2 p_rect_pos, vec2 p_rect_size){
06-11 09:35:17.231  3062  3383 E A03d00/makepad-ohos: 120:vec2 l_clipped = clamp((clamp(((vb_geom.pos * p_rect_size) + p_rect_pos), rustinst_draw_clip.xy, rustinst_draw_clip.zw) + uni
06-11 09:35:17.244  3358  3358 I A00a00/SettingsDataShareUtils: setDataShareValue: hw_new_system_update 0
06-11 09:35:17.257  3062  3062 I A03d00/JSAPP: [MakepadNTI] layout id=21 makepad_rect=38,102,311.69232177734375,28 applied_size=311.69232177734375x28 visible=true vp_px=3.25
06-11 09:35:17.259  3062  3062 I A03d00/JSAPP: [MakepadNTI] create id=23 editable=true attached=false
06-11 09:35:17.262  3062  3062 I A03d00/JSAPP: [MakepadNTI] layout id=23 makepad_rect=38,162,311.69232177734375,36 applied_size=311.69232177734375x36 visible=true vp_px=3.25
06-11 09:35:17.263  3358  3358 I A00a00/SettingsDataShareUtils: setDataShareValue: hw_new_system_update_status 0
06-11 09:35:17.265  3062  3062 I A03d00/JSAPP: [MakepadNTI] create id=25 editable=true attached=false
06-11 09:35:17.265  3062  3062 I A03d00/JSAPP: [MakepadNTI] layout id=25 makepad_rect=38,230,311.69232177734375,36 applied_size=311.69232177734375x36 visible=true vp_px=3.25
06-11 09:35:17.268  3062  3062 I A03d00/JSAPP: [MakepadNTI] create id=58 editable=true attached=false
06-11 09:35:17.269  3062  3062 I A03d00/JSAPP: [MakepadNTI] layout id=58 makepad_rect=46,668,295.69232177734375,36 applied_size=295.69232177734375x36 visible=true vp_px=3.25
06-11 09:35:17.296  2704  2704 I A0ff00/SEARCH: [HiSearch] --> [BaseSilenceController], registerDataChange, true, true, 2
06-11 09:35:17.312  3358  3358 I A00a00/SettingsDataShareUtils: getDataShareValue: hw_new_system_update
06-11 09:35:17.315  2704  2704 E A0ff00/SEARCH: [HiSearch] --> [BaseSilenceController], createDataShareHelper err, { code: 15700010, msg: The DataShareHelper is not initialized successfully. }
06-11 09:35:17.315  2704  2704 W A0ff00/SEARCH: [HiSearch] --> [BaseSilenceController], uri:, datashare:///com.huawei.hmsapp.hisearch/phone/default_relational_store/Common?Proxy=true, retryTimes, 1
06-11 09:35:17.323  3358  3358 I A00a00/SettingsDataShareUtils: getDataShareValue: hw_new_system_update_status
06-11 09:35:17.330  3358  3358 I A00a00/BadgeManager: notifySettingsUpdateBadge num: 0
06-11 09:35:17.331  3358  3358 I A03d00/JSAPP: connectServiceExtensionAbility
06-11 09:35:17.331  3358  3358 I A00a00/BadgeManager: connectSettingsService, connectId: 0
06-11 09:35:17.332  3358  3358 I A00a00/SystemEventHandler: ******
06-11 09:35:17.337  3062  3062 I A03d00/JSAPP: [MakepadNTI] area id=25 arkui_global={"x":38,"y":268.7692307692308} arkui_size=311.6923264723558x36
06-11 09:35:17.337  3062  3062 I A03d00/JSAPP: [MakepadNTI] area id=23 arkui_global={"x":38,"y":200.76923076923077} arkui_size=311.6923264723558x36
06-11 09:35:17.337  3062  3062 I A03d00/JSAPP: [MakepadNTI] area id=58 arkui_global={"x":46,"y":706.7692307692307} arkui_size=295.6923264723558x36
06-11 09:35:17.338  3062  3062 I A03d00/JSAPP: [MakepadNTI] attached id=23
06-11 09:35:17.338  3062  3062 I A03d00/JSAPP: [MakepadNTI] attached id=25
06-11 09:35:17.339  3062  3062 I A03d00/JSAPP: [MakepadNTI] attached id=58
06-11 09:35:17.340  3062  3062 I A03d00/JSAPP: [MakepadNTI] layout id=Cannot get source code of funtion makepad_rect=0,0,0,0 applied_size=1x1 visible=true vp_px=3.25
06-11 09:35:17.340  3062  3062 I A03d00/JSAPP: [MakepadNTI] layout id=23 makepad_rect=38,162,311.69232177734375,36 applied_size=311.69232177734375x36 visible=true vp_px=3.25
06-11 09:35:17.343  3062  3062 I A03d00/JSAPP: [MakepadNTI] layout id=25 makepad_rect=38,230,311.69232177734375,36 applied_size=311.69232177734375x36 visible=true vp_px=3.25
06-11 09:35:17.360  3358  3358 I A00a00/UpdateUtils: ******
06-11 09:35:17.361  3358  3358 I A00a00/UpdateUtils: patch is empty, clear display version
06-11 09:35:17.369  3062  3062 I A03d00/JSAPP: [MakepadNTI] layout id=[object Object] makepad_rect=46,668,295.69232177734375,36 applied_size=295.69232177734375x36 visible=true vp_px=3.25
06-11 09:35:17.372  3062  3383 I A03d00/makepad-ohos: [I] examples/native_text_input/src/main.rs:498:12 - NativeTextInput smoke: selection 0..0
06-11 09:35:17.372  3062  3383 I A03d00/makepad-ohos: [I] examples/native_text_input/src/main.rs:516:12 - NativeTextInput smoke: secondary selection 0..0
06-11 09:35:17.378  3358  3358 I A00a00/UpdateUtils: ******
06-11 09:35:17.387  3358  3358 I A00a00/PreferencesManager: dbPreferences is not empty do not init again
06-11 09:35:17.388  3358  3358 I A00a00/SurveyManager: init SurveyManager
06-11 09:35:17.388  3358  3358 I A00a00/SurveyManager: receive system reboot, no showRomSurvey timer
06-11 09:35:17.388  3358  3358 I A00a00/ServiceHandler: handleSystemEvent return : true
06-11 09:35:17.388  3358  3358 I A00a00/ServiceHandler: handleEvent return !
06-11 09:35:17.818  2704  2704 I A0ff00/SEARCH: [HiSearch] --> [BaseSilenceController], registerDataChange, true, true, 2
06-11 09:35:17.831  2704  2704 E A0ff00/SEARCH: [HiSearch] --> [BaseSilenceController], createDataShareHelper err, { code: 15700010, msg: The DataShareHelper is not initialized successfully. }
06-11 09:35:17.832  2704  2704 W A0ff00/SEARCH: [HiSearch] --> [BaseSilenceController], uri:, datashare:///com.huawei.hmsapp.hisearch/phone/default_relational_store/Common?Proxy=true, retryTimes, 2
06-11 09:35:17.939  3378  3378 I A00500/Settings: SettingsAbilityStage onCreate
06-11 09:35:17.939  3378  3378 I A00500/Settings: Settings:Trace: init trace parameters
06-11 09:35:17.939  3378  3378 I A00500/Settings: Settings:Trace: start trace 20000, methodName: SettingsAbilityStage onCreate
06-11 09:35:17.939  3378  3378 I A00500/Settings: create DynamicLoader instance
06-11 09:35:17.951  3378  3378 I A00500/Settings: Succeeded in invoking requestTimerResources.
06-11 09:35:17.956  3378  3378 I A00500/Settings: Settings:Trace: end trace 20000
06-11 09:35:17.981  3378  3454 I A00500/Settings: SettingsAbilityStage init data.
06-11 09:35:18.002  3037  3037 I A0ff00/[HiViewX]: MyAbilityStage, onDestroy
06-11 09:35:18.005  3037  3037 I A0ff00/[HiViewX]: NetWorkManager, updateNetWorkType:currentNetType is 3
06-11 09:35:18.005  3037  3037 I A0ff00/[HiViewX]: NetWorkManager, not registered, no need to unregister
06-11 09:35:18.017  3378  3454 I A00500/Settings: isMainOsAccount start.
06-11 09:35:18.029  3378  3459 I A00500/Settings: isMainOsAccount end isMainOsAccount true .
06-11 09:35:18.120  3378  3378 I A00500/Settings: initDataSync is main account true.
06-11 09:35:18.122  3378  3378 I A00500/Settings: SettingsExtServiceAbility --> onCreate
06-11 09:35:18.122  3378  3378 I A00500/Settings: AbilityContextManager : getContext length 0
06-11 09:35:18.122  3378  3378 I A00500/Settings: NotDisturbTimerManager --> get context
06-11 09:35:18.133  3378  3378 I A00500/Settings: NotDisturbUtils handleHmosToNextNotDisturbRestore return
06-11 09:35:18.137  3378  3378 I A00500/Settings: ScheduledPowerOnOffDataUtil:  --> SettingsExtServiceAbility getSwitchModeType 0
06-11 09:35:18.137  3378  3378 I A00500/Settings: ScheduledPowerOnOffTimerManager:  --> destroy alarms
06-11 09:35:18.137  3378  3378 I A00500/Settings: AbilityContextManager : getContext length 0
06-11 09:35:18.142  3378  3378 I A00500/Settings: AbilityContextManager : getContext length 0
06-11 09:35:18.142  3378  3378 I A00500/Settings: SettingsDataUtils :  setSettingsData key: settings.system.power_on_timer_id
06-11 09:35:18.154  3378  3378 I A00500/Settings: AbilityContextManager : getContext length 0
06-11 09:35:18.158  3378  3378 I A00500/Settings: ScheduledPowerOnOffTimerManager:  --> destroyPowerOffNowTimer timerId: -1
06-11 09:35:18.158  3378  3378 I A00500/Settings: AbilityContextManager : getContext length 0
06-11 09:35:18.162  3378  3378 I A00500/Settings: AbilityContextManager : getContext length 0
06-11 09:35:18.162  3378  3378 I A00500/Settings: SettingsDataUtils :  setSettingsData key: settings.system.power_off_timer_id
06-11 09:35:18.175  3378  3378 I A00500/Settings: SettingsExtServiceAbility --> onConnect
06-11 09:35:18.179  3358  3358 I A00a00/BadgeManager: connectOptions onConnect.
06-11 09:35:18.180  3378  3378 I A00500/Settings: SettingsExtServiceStub --> verify ohos.permission.ACCESS_SYSTEM_SETTINGS success
06-11 09:35:18.181  3378  3378 I A00500/Settings: SetBadgeNumberService --> onCall method = setBadgeNumber
06-11 09:35:18.181  3378  3378 I A00500/Settings: SetBadgeNumberService --> onCall badgeNumber = 0
06-11 09:35:18.183  3358  3358 I A00a00/BadgeManager: connectOptions, replyStr: success, errCode: 0
06-11 09:35:18.183  3358  3358 I A03d00/JSAPP: disconnectServiceExtensionAbility
06-11 09:35:18.186  3378  3378 I A00500/Settings: BadgeManagement Succeeded in setting badge number.
06-11 09:35:18.186  2704  2704 W A01b01/HOME: NumBadgeManager --> onBadgeChangedCallBack, badgeNumber: 0, bundleName:com.huawei.hmos.settings, uid: 20020019
06-11 09:35:18.186  2704  2704 I A01b01/HOME: NumBadgeManager --> add task, bundleName:com.huawei.hmos.settings, uid: 20020019, badgeNumber: 0
06-11 09:35:18.188  3378  3378 I A00500/Settings: SettingsExtServiceAbility --> onDisconnect
06-11 09:35:18.189  2704  2704 W A01b01/HOME: RdbTaskPool --> doTask start name:queryBadge
06-11 09:35:18.190  2704  2704 W A01b01/HOME: NumBadgeManager --> onBadgeChangedTask, badgeNumber:0, bundleName:com.huawei.hmos.settings uid: 20020019 appIndex:0
06-11 09:35:18.190  2704  2704 I A01b01/HOME: NumBadgeManager --> badge is not change! lastBadgeNumber: 0, bundleName:com.huawei.hmos.settings uid: 20020019 appIndex:0
06-11 09:35:18.191  3378  3378 I A00500/Settings: SettingsExtServiceAbility --> onDestroy
06-11 09:35:18.192  3358  3358 I A00a00/BadgeManager: sendBadgeMessage disconnect
06-11 09:35:18.334  1524  1524 I A0001b/Intelligent: WearEngineMessageManager --> onScreenUnlocked timeOut
06-11 09:35:18.334  1524  1524 I A0001b/Intelligent: WearEngineMessageManager --> value:{"is_user_unlock":true}
06-11 09:35:18.334  1524  1524 I A0001b/Intelligent: IntelligentDataShareResidentUtil --> updatePreference2Intelligent
06-11 09:35:18.335  2704  2704 I A0ff00/SEARCH: [HiSearch] --> [BaseSilenceController], registerDataChange, true, true, 2
06-11 09:35:18.337  1524  1524 E A0001b/Intelligent: IntelligentEncryptResidentKVStore --> get catch err code: 15100004, msg: Not found.
06-11 09:35:18.337  1524  1524 I A0001b/Intelligent: IntelligentEncryptResidentKVStore --> get key: permission_sign_record complete
06-11 09:35:18.338  1524  1524 I A0001b/Intelligent: CommonResidentUtil --> signInfoOldToNew, old is empty in kv
06-11 09:35:18.338  1524  1524 I A0001b/Intelligent: ContextManager --> getApplicationContext context: true
06-11 09:35:18.338  1524  1524 I A0001b/Intelligent: CommonResidentUtil --> isAgreeAgreement context: true
06-11 09:35:18.338  2704  2704 E A0ff00/SEARCH: [HiSearch] --> [BaseSilenceController], createDataShareHelper err, { code: 15700010, msg: The DataShareHelper is not initialized successfully. }
06-11 09:35:18.338  2704  2704 E A0ff00/SEARCH: [HiSearch] --> [BaseSilenceController], create more than 3 times
06-11 09:35:18.338  1524  1524 I A0001b/Intelligent: SharedPrefsResidentUtil --> getPreferencesByArea instance isExist
06-11 09:35:18.338  1524  1524 E A0aeae/Aegis-base: aegis SafeJson ohAegJsonParse JSON.parse parse fail, err code: undefined, err msg: Unexpected Text in JSON 
06-11 09:35:18.338  1524  1524 I A0001b/Intelligent: CommonResidentUtil --> isAgreeAgreement, not agree agreement
06-11 09:35:18.338  1524  1524 I A0001b/Intelligent: WearEngineMessageManager --> isUserUnlocked :true
06-11 09:35:18.338  1524  1524 I A0001b/Intelligent: WearEngineMessageManager --> getConnectedDeviceAndRegisterWatcher checkAgreeState:false,isUserUnlocked:true
06-11 09:35:18.536  3440  3440 I A00000/AKI: [INFO:napi_init.cpp(99)] begin to initial AKI with version: 1.2.13
06-11 09:35:18.537  3440  3440 I A00001/NK_URL_TS: Url Engine start, buildVersion:8.0.6-309 buildType:RelWithDebInfo isLite:false
06-11 09:35:18.537  3440  3440 I A00001/NK_COMM_TS: NetworkStatus set callback to cpp start
06-11 09:35:18.557  3440  3440 I A00000/AKI: [INFO:entry_manager.h(14)] register AKI addon: ucs_fullsdk_appauth
06-11 09:35:18.557  3440  3440 I A00000/AKI: [INFO:napi_init.cpp(99)] begin to initial AKI with version: 1.2.14
06-11 09:35:18.586  3440  3440 I A06666/PafLog_CPP: [LogBridge.cpp(SetEmitCallback:360)] SetEmitCallback success
06-11 09:35:18.591  3440  3440 I A0001b/Intelligent: MyAbilityStage --> onCreate
06-11 09:35:18.591  3440  3440 I A0001b/Intelligent: MyAbilityStage --> myAbilityStage initializer
06-11 09:35:18.591  3440  3440 I A0001b/Intelligent: ContextManager --> init
06-11 09:35:18.592  3440  3440 I A0001b/Intelligent: ContextManager --> getApplicationContext context: true
06-11 09:35:18.592  3440  3440 I A0001b/Intelligent: SysUtil --> initDataConfig
06-11 09:35:18.592  3440  3440 I A0001b/Intelligent: UIMainAbilityController --> startTaskGetAgreeState
06-11 09:35:18.592  3440  3440 I A0001b/Intelligent: ContextManager --> getApplicationContext context: true
06-11 09:35:18.592  3440  3440 I A0001b/Intelligent: SharedPrefsUtil --> getPreferencesByArea instance isEmpty
06-11 09:35:18.592  3440  3440 I A0001b/Intelligent: SharedPrefsUtil --> getNewPreferences start area: 1
06-11 09:35:18.592  3440  3440 I A0001b/Intelligent: SharedPrefsUtil --> getNewPreferences remove sp cache, area: 0, spDir: /data/storage/el1/base/preferences
06-11 09:35:18.592  3440  3440 I A0001b/Intelligent: SharedPrefsUtil --> getPreferencesSync start
06-11 09:35:18.592  3440  3440 I A0001b/Intelligent: SharedPrefsUtil --> getPreferencesSync create sp, area: 0, spDir: /data/storage/el1/base/preferences
06-11 09:35:18.593  3440  3440 I A0001b/Intelligent: SharedPrefsUtil --> getNewPreferences end area: 1
06-11 09:35:18.594  3440  3440 E A0aeae/Aegis-base: aegis SafeJson ohAegJsonParse JSON.parse parse fail, err code: undefined, err msg: Unexpected Text in JSON 
06-11 09:35:18.594  3440  3440 I A0001b/Intelligent: CommonUtil --> isAgreeAgreementSync, not agree agreement
06-11 09:35:18.611  3440  3440 I A0001b/Intelligent: ContextManager --> getRuntimeContext context: false
06-11 09:35:18.611  3440  3440 I A0001b/Intelligent: MyAbilityStage --> init isAgree: false
06-11 09:35:18.611  3440  3440 I A0001b/Intelligent: MyAbilityStage --> myAbilityStage initializer end
06-11 09:35:18.611  3440  3440 I A0001b/Intelligent: MyAbilityStage --> isFirstLoadMinorsMode
06-11 09:35:18.611  3440  3440 I A0001b/Intelligent: PermissionUtil --> getMinorsProtectionMode start
06-11 09:35:18.612  3440  3440 E A0001b/Intelligent: PermissionUtil --> getMinorsProtectionMode failed, code: undefined, message: Cannot read property getMinorsProtectionInfoSync of undefined
06-11 09:35:18.614  3440  3440 I A0001b/Intelligent: ContextManager --> getRuntimeContext context: false
06-11 09:35:18.615  3440  3440 I A0001b/Intelligent: PermissionUtil --> getRestrictStatus start
06-11 09:35:18.615  3440  3440 I A0001b/Intelligent: ContextManager --> getRuntimeContext context: false
06-11 09:35:18.615  3440  3440 E A0001b/Intelligent: PermissionUtil --> getRestrictStatus, context is undefined
06-11 09:35:18.616  3440  3440 I A0001b/Intelligent: ContextManager --> getRuntimeContext context: false
06-11 09:35:18.616  3440  3440 I A0001b/Intelligent: PermissionUtil --> isOnMinorsAndRestrict res: false isOnMinors: false isRestrictVersion: undefined isOnRestrict: false
06-11 09:35:18.616  3440  3440 I A0001b/Intelligent: CommonEventUtil --> subscribe, eventName: HI_BOARD_EVENT_STAGE
06-11 09:35:18.627  3440  3440 I A0001b/Intelligent: IntelligentUiDataShareExtAbility --> onCreate
06-11 09:35:18.630  3440  3440 I A0001b/Intelligent: ContextManager --> getRuntimeContext context: false
06-11 09:35:18.631  3440  3440 I A0001b/Intelligent: ContextManager --> setUiAbilityContext context: true
06-11 09:35:18.637  3440  3440 I A0001b/Intelligent: CommonEventUtil --> subscribe, Succeeded in createSubscriber, eventName is HI_BOARD_EVENT_STAGE.
06-11 09:35:18.639  3440  3440 I A0001b/Intelligent: IntelligentUiDataShareExtAbility --> getBundleName, callUid:20020013
06-11 09:35:18.643  3440  3440 I A0001b/Intelligent: IntelligentUiDataShareExtAbility --> update, uri: updatePreference
06-11 09:35:18.644  3440  3440 I A0001b/Intelligent: IntelligentUiDataShareExtAbility --> updatePreference start:is_user_unlock
06-11 09:35:18.645  3440  3440 I A0001b/Intelligent: ContextManager --> getApplicationContext context: true
06-11 09:35:18.645  3440  3440 I A0001b/Intelligent: SharedPrefsUtil --> getPreferencesByArea instance isExist
06-11 09:35:18.659  3440  3440 I A0001b/Intelligent: SharedPrefsUtil --> putMultiple keys: is_user_unlock
06-11 09:35:18.659  1524  1524 I A0001b/Intelligent: DeviceBatteryManager_DeviceBatteryStateInfo --> value changed for:is_user_unlock
06-11 09:35:18.668  3440  3440 I A0001b/Intelligent: MyAbilityStage --> onDestroy
06-11 09:35:18.669  3440  3440 I A0001b/Intelligent: ContextManager --> getRuntimeContext context: false
06-11 09:35:18.670  3440  3440 I A0001b/Intelligent: PersonalCollectedTable --> insertPersonalCollectedInfo start
06-11 09:35:18.670  3440  3440 I A0001b/Intelligent: AccountUtil --> getAccountInfoFromDB
06-11 09:35:18.670  3440  3440 I A0001b/Intelligent: ContextManager --> getApplicationContext context: true
06-11 09:35:18.671  3440  3440 I A0001b/Intelligent: ContextManager --> getApplicationContext context: true
06-11 09:35:18.671  3440  3440 I A0001b/Intelligent: ContextManager --> getApplicationContext context: true
06-11 09:35:18.671  3440  3440 I A0001b/Intelligent: ContextManager --> getApplicationContext context: true
06-11 09:35:19.723  3465  3465 I A00500/SettingsData: DataAbilityStage onCreate
06-11 09:35:19.763  3465  3465 I A00500/SettingsData: Area 0
06-11 09:35:19.763  3465  3465 I A00500/SettingsData: onInitialize start
06-11 09:35:19.763  3465  3465 I A00500/SettingsData: call initRdbStore start
06-11 09:35:19.764  3465  3465 I A00500/SettingsData: onInitialize end
06-11 09:35:19.771  3465  3465 I A00500/SettingsData: get userID from uri: datashare:///com.ohos.settingsdata/entry/settingsdata/SETTINGSDATA?Proxy=true&key=asde_atomicservice_status
06-11 09:35:19.771  3465  3465 I A00500/SettingsData: rPos 67
06-11 09:35:19.771  3465  3465 I A00500/SettingsData: lPos 63
06-11 09:35:19.771  3465  3465 I A00500/SettingsData: userID substring: ATA
06-11 09:35:19.771  3465  3465 I A00500/SettingsData: getUserIDFromUri: user ID: 100
06-11 09:35:19.771  3465  3465 I A00500/SettingsData: current maxuserno is: 100
06-11 09:35:19.771  3465  3465 I A00500/SettingsData: query start uri:datashare:///com.ohos.settingsdata/entry/settingsdata/SETTINGSDATA?Proxy=true&key=asde_atomicservice_status with userID: 100 , callback is: function AsyncCallback() { [native code] }
06-11 09:35:19.771  3465  3465 I A00500/SettingsData: query request
06-11 09:35:19.771  3465  3465 E A00500/SettingsData: DB not ready request = datashare:///com.ohos.settingsdata/entry/settingsdata/SETTINGSDATA?Proxy=true&key=asde_atomicservice_status , retry after DB startup
06-11 09:35:19.782  3465  3465 I A00500/SettingsData: get rdbStore success, rdbstore: 0
06-11 09:35:19.782  3465  3465 I A00500/SettingsData: rdbStore [object Object]
06-11 09:35:19.782  3465  3465 I A00500/SettingsData: firstStartupConfig start
06-11 09:35:19.783  3465  3465 I A00500/SettingsData: firstStartupConfig isFirstStartUp = false max user no: 100
06-11 09:35:19.784  3465  3465 I A00500/SettingsData: firstStartupConfig end
06-11 09:35:19.785  3465  3465 I A00500/SettingsData: call initRdbStore end
06-11 09:35:19.785  3465  3465 I A00500/SettingsData: start load ccm json file
06-11 09:35:19.785  3465  3465 I A00500/SettingsData: WakeUpDataMigrate start doWakeUpMigrate
06-11 09:35:19.785  3465  3465 I A00500/SettingsData: WakeUpDataMigrate srcPath: false dstPath: false
06-11 09:35:19.785  3465  3465 I A00500/SettingsData: WakeUpDataMigrate srcfile is null or dstfile not null
06-11 09:35:19.785  3465  3465 I A00500/SettingsData: ccm json file read success
06-11 09:35:19.786  3465  3465 I A00500/SettingsData: KeyMap:power_saving_on  -  settings.push.sleep_notification_enable
06-11 09:35:19.786  3465  3465 I A00500/SettingsData: KeyMap:swing_quick_pay  -  quick_pay_open_switch
06-11 09:35:19.786  3465  3465 I A00500/SettingsData: KeyMap:swing_scan_code  -  scan_code_open_switch
06-11 09:35:19.786  3465  3465 I A00500/SettingsData: KeyMap:enable_annoy_card_1  -  spamshield_sim1_phone_switch_ring_once
06-11 09:35:19.786  3465  3465 I A00500/SettingsData: KeyMap:enable_annoy_card_2  -  spamshield_sim2_phone_switch_ring_once
06-11 09:35:19.786  3465  3465 I A00500/SettingsData: KeyMap:airplane_mode_on  -  settings.telephony.airplanemode
06-11 09:35:19.786  3465  3465 I A00500/SettingsData: KeyMap:sle_on  -  nearlink_switch_enable
06-11 09:35:19.786  3465  3465 I A00500/SettingsData: KeyMap:location_mode  -  location_switch_enable
06-11 09:35:19.786  3465  3465 I A00500/SettingsData: KeyMap:accelerometer_rotation  -  settings.general.accelerometer_rotation_status
06-11 09:35:19.786  3465  3465 I A00500/SettingsData: KeyMap:screen_brightness_mode  -  settings.display.auto_screen_brightness
06-11 09:35:19.786  3465  3465 I A00500/SettingsData: KeyMap:screen_brightness  -  settings.display.screen_brightness_status
06-11 09:35:19.786  3465  3465 I A00500/SettingsData: KeyMap:screen_off_timeout  -  settings.display.screen_off_timeout
06-11 09:35:19.786  3465  3465 I A00500/SettingsData: KeyMap:time_12_24  -  settings.date.time_format
06-11 09:35:19.786  3465  3465 I A00500/SettingsData: KeyMap:parentcontrol_screentime_status  -  parent_control_switch
06-11 09:35:19.786  3465  3465 I A00500/SettingsData: KeyMap:parentcontrol_controlmode_status  -  parentcontrol_controlmode_status
06-11 09:35:19.786  3465  3465 I A00500/SettingsData: KeyMap:unified_default_device_name  -  settings.general.device_name
06-11 09:35:19.786  3465  3465 I A00500/SettingsData: KeyMap:unified_device_name  -  settings.general.user_defined_device_name
06-11 09:35:19.786  3465  3465 I A00500/SettingsData: KeyMap:unified_display_device_name  -  settings.general.display_device_name
06-11 09:35:19.786  3465  3465 I A00500/SettingsData: KeyMap:auto_time_zone  -  auto_timezone
06-11 09:35:19.786  3465  3465 I A00500/SettingsData: KeyMap:status_bar_pure_display_enabled  -  status_bar_pure_show
06-11 09:35:19.786  3465  3465 I A00500/SettingsData: KeyMap:show_network_speed_enabled  -  status_bar_show_real_time_network_speed
06-11 09:35:19.786  3465  3465 I A00500/SettingsData: KeyMap:notification_way_switch  -  status_bar_show_notification_icon
06-11 09:35:19.786  3465  3465 I A00500/SettingsData: KeyMap:lock_screen_allow_private_notifications  -  app_ntf_config_hide_content
06-11 09:35:19.786  3465  3465 I A00500/SettingsData: KeyMap:wakeup_when_receive_notification  -  app_ntf_config_screen_on
06-11 09:35:19.786  3465  3465 I A00500/SettingsData: KeyMap:hw_system_night_upgrade_switch  -  night_upgrade_switch
06-11 09:35:19.786  3465  3465 I A00500/SettingsData: KeyMap:hw_system_update_auto_download  -  wlan_auto_download_switch
06-11 09:35:19.786  3465  3465 I A00500/SettingsData: KeyMap:default_simcard_slotid  -  is_voice_card
06-11 09:35:19.786  3465  3465 I A00500/SettingsData: KeyMap:user_experience_involved  -  hiview_ue_switch_tmp
06-11 09:35:19.786  3465  3465 I A00500/SettingsData: KeyMap:call_log_merge_type  -  settings.telephony.calllogmergetype
06-11 09:35:19.786  3465  3465 I A00500/SettingsData: KeyMap:oobe_statement_agreed  -  basic_statement_agreed
06-11 09:35:19.786  3465  3465 I A00500/SettingsData: KeyMap:elder_care_switch  -  accessibility_elder_care_switch_enabled
06-11 09:35:19.786  3465  3465 I A00500/SettingsData: KeyMap:persist.sys.easyflag  -  settings.power.wakeup_double_click
06-11 09:35:19.786  3465  3465 I A00500/SettingsData: KeyMap:low_resolution_switch  -  settings.display.resolution_smart_switch
06-11 09:35:19.786  3465  3465 I A00500/SettingsData: KeyMap:SmartModeStatus  -  settings.power.smart_mode_status
06-11 09:35:19.786  3465  3465 I A00500/SettingsData: KeyMap:battery_percent_switch  -  status_bar_show_battery_soc
06-11 09:35:19.786  3465  3465 I A00500/SettingsData: KeyMap:app_ntf_config_hide_content  -  app_ntf_config_hide_banner_content
06-11 09:35:19.786  3465  3465 I A00500/SettingsData: KeyMap:mode_ringer  -  ringer_mode
06-11 09:35:19.786  3465  3465 I A00500/SettingsData: KeyMap:volume_alarm  -  alarm_volume
06-11 09:35:19.786  3465  3465 I A00500/SettingsData: KeyMap:volume_alarm_speaker  -  alarm_volume_builtin
06-11 09:35:19.786  3465  3465 I A00500/SettingsData: KeyMap:volume_music  -  music_volume
06-11 09:35:19.786  3465  3465 I A00500/SettingsData: KeyMap:volume_music_speaker  -  music_volume_builtin
06-11 09:35:19.786  3465  3465 I A00500/SettingsData: KeyMap:volume_music_bt_a2dp  -  music_volume_wireless
06-11 09:35:19.786  3465  3465 I A00500/SettingsData: KeyMap:volume_music_usb_device  -  music_volume_wired
06-11 09:35:19.786  3465  3465 I A00500/SettingsData: KeyMap:volume_notification  -  notification_volume_builtin
06-11 09:35:19.786  3465  3465 I A00500/SettingsData: KeyMap:volume_ring  -  ring_volume
06-11 09:35:19.786  3465  3465 I A00500/SettingsData: KeyMap:volume_ring_bt_a2dp  -  ring_volume_wireless
06-11 09:35:19.786  3465  3465 I A00500/SettingsData: KeyMap:volume_ring_usb_device  -  ring_volume_wired
06-11 09:35:19.786  3465  3465 I A00500/SettingsData: KeyMap:volume_ring_speaker  -  ring_volume_builtin
06-11 09:35:19.786  3465  3465 I A00500/SettingsData: KeyMap:volume_system  -  system_volume
06-11 09:35:19.786  3465  3465 I A00500/SettingsData: KeyMap:volume_voice  -  voice_call_volume
06-11 09:35:19.786  3465  3465 I A00500/SettingsData: KeyMap:volume_voice_earpiece  -  voice_call_volume_builtin
06-11 09:35:19.786  3465  3465 I A00500/SettingsData: KeyMap:volume_voice_bt_a2dp  -  voice_call_volume_wireless
06-11 09:35:19.786  3465  3465 I A00500/SettingsData: KeyMap:volume_voice_usb_device  -  voice_call_volume_wired
06-11 09:35:19.786  3465  3465 I A00500/SettingsData: KeyMap:volume_tts  -  voice_assistant_volume_builtin
06-11 09:35:19.786  3465  3465 I A00500/SettingsData: KeyMap:volume_tts_bt_a2dp  -  voice_assistant_volume_wireless
06-11 09:35:19.786  3465  3465 I A00500/SettingsData: KeyMap:volume_tts_usb_device  -  voice_assistant_volume_wired
06-11 09:35:19.786  3465  3465 I A00500/SettingsData: KeyMap:haptic_feedback_enabled  -  physic_navi_haptic_feedback_enabled
06-11 09:35:19.786  3465  3465 I A00500/SettingsData: KeyMap:hw_screen_freq  -  settings.display.hw_screen_freq
06-11 09:35:19.786  3465  3465 I A00500/SettingsData: KeyMap:screen_lock_fingerprint_unlock_protection_db  -  key_fp_unlock_protection_for_screen_lock
06-11 09:35:19.786  3465  3465 I A00500/SettingsData: KeyMap:setting_distributed_pasteboard_switch  -  distributed_pasteboard_switch
06-11 09:35:19.786  3465  3465 I A00500/SettingsData: KeyMap:nfc_payment_default_component  -  nfc_payment_default_app
06-11 09:35:19.786  3465  3465 I A00500/SettingsData: KeyMap:play_camera_sound  -  always_play_screenshot_sound
06-11 09:35:19.786  3465  3465 I A00500/SettingsData: KeyMap:accessibility_shortcut_dialog_shown  -  accessibility_shortcut_timeout
06-11 09:35:19.786  3465  3465 I A00500/SettingsData: KeyMap:default_input_method  -  default_input_method
06-11 09:35:19.786  3465  3465 I A00500/SettingsData: KeyMap:cover_enabled  -  cover_enabled
06-11 09:35:19.786  3465  3465 I A00500/SettingsData: KeyMap:cover_type  -  cover_type
06-11 09:35:19.786  3465  3465 I A00500/SettingsData: KeyMap:hw_gnss_high_accuracy_state  -  loc_hd_gnss_status
06-11 09:35:19.786  3465  3465 I A00500/SettingsData: KeyMap:hw_ebook_mode_switch  -  settings.display.ebook_switch
06-11 09:35:19.786  3465  3465 I A00500/SettingsData: KeyMap:hw_ebook_mode_value  -  settings.display.ebook_mode
06-11 09:35:19.786  3465  3465 I A00500/SettingsData: KeyMap:eyes_protection_mode  -  settings.eyeshield.enable
06-11 09:35:19.786  3465  3465 I A00500/SettingsData: KeyMap:eye_comfort_schedule_switch  -  settings.display.eye_comfort_mode
06-11 09:35:19.786  3465  3465 I A00500/SettingsData: KeyMap:eye_comfort_starttime  -  settings.display.eye_comfort_starttime
06-11 09:35:19.786  3465  3465 I A00500/SettingsData: KeyMap:eye_comfort_endtime  -  settings.display.eye_comfort_endtime
06-11 09:35:19.786  3465  3465 I A00500/SettingsData: KeyMap:wallpaperAodDisplay  -  wallpaperAodDisplay
06-11 09:35:19.786  3465  3465 I A00500/SettingsData: KeyMap:color_mode_switch  -  settings.color_mode
06-11 09:35:19.786  3465  3465 I A00500/SettingsData: KeyMap:color_temperature_mode  -  settings.color_temperature
06-11 09:35:19.786  3465  3465 I A00500/SettingsData: KeyMap:color_temperature_pos  -  settings.color_temperature_coordinate
06-11 09:35:19.786  3465  3465 I A00500/SettingsData: KeyMap:hw_natural_tone_display_switch  -  settings.hw_natural_tone_display_switch
06-11 09:35:19.786  3465  3465 I A00500/SettingsData: KeyMap:hw_dc_brightness_dimming_switch  -  settings.display.eye_dc_brightness_switch
06-11 09:35:19.786  3465  3465 I A00500/SettingsData: KeyMap:user_set_warm  -  settings.display.eye_comfort_level
06-11 09:35:19.786  3465  3465 I A00500/SettingsData: KeyMap:hdr_image_display  -  settings.display.hdr_picture_switch
06-11 09:35:19.786  3465  3465 I A00500/SettingsData: KeyMap:smart_backlight_enable  -  settings.display.natural_light_switch
06-11 09:35:19.786  3465  3465 I A00500/SettingsData: KeyMap:multi_win_interact  -  multi_dock_status
06-11 09:35:19.786  3465  3465 I A00500/SettingsData: KeyMap:default_input_method  -  default_input_method
06-11 09:35:19.786  3465  3465 I A00500/SettingsData: KeyMap:VOICE_AIVOICE_ENABLE_FLAG  -  ai_voice_noise_suppression_flag
06-11 09:35:19.786  3465  3465 I A00500/SettingsData: KeyMap:AIVOICE_POPUP_TIMES  -  ai_voice_banner_noitication_popup_times
06-11 09:35:19.786  3465  3465 I A00500/SettingsData: KeyMap:ui_night_mode  -  settings.uiappearance.darkmode_mode
06-11 09:35:19.786  3465  3465 I A00500/SettingsData: KeyMap:com.android.settings.development.stereo_enhancement_disabled  -  settings.developer.stereo_enhancement
06-11 09:35:19.786  3465  3465 I A00500/SettingsData: KeyMap:undefined  -  undefined
06-11 09:35:19.786  3465  3465 I A00500/SettingsData: dump map: doSystemMigrate migrateKeyMap:  with size: 214
06-11 09:35:19.786  3465  3465 I A00500/SettingsData: myMap.size > 0 dump map: doSystemMigrate migrateKeyMap:  with size: 214
06-11 09:35:19.786  3465  3465 I A00500/SettingsData: start load ccm json file
06-11 09:35:19.787  3465  3465 I A00500/SettingsData: ccm json file read success
06-11 09:35:19.787  3465  3465 I A00500/SettingsData: dump map: doSystemMigrate targetsTableMap:  with size: 206
06-11 09:35:19.787  3465  3465 I A00500/SettingsData: myMap.size > 0 dump map: doSystemMigrate targetsTableMap:  with size: 206
06-11 09:35:19.787  3465  3465 I A00500/SettingsData: doSystemMigrate start... 
06-11 09:35:19.788  3465  3465 I A00000/ABX_CONVERTER: abx2Xml start
06-11 09:35:19.788  3465  3465 I A00000/ABX_CONVERTER: src value is /data/migrate/settings_global.xml , dest value is /data/storage/el1/database/settings_global.xml
06-11 09:35:19.788  3465  3465 I A00000/ABX_CONVERTER: convert result is  -1
06-11 09:35:19.788  3465  3465 E A00500/SettingsData: decoder failure: /data/migrate/settings_global.xml , error code:-1
06-11 09:35:19.788  3465  3465 E A00500/SettingsData: readText failed:No such file or directory, error code:13900002
06-11 09:35:19.788  3465  3465 I A00500/SettingsData: doSystemMigrate end - no need!
06-11 09:35:19.788  3465  3465 I A00500/SettingsData: userLeft : 0
06-11 09:35:19.788  3465  3465 I A00500/SettingsData: current maxuserno is: 100
06-11 09:35:19.788  3465  3465 I A00500/SettingsData: loadDefaultSettingsData exists
06-11 09:35:19.788  3465  3465 I A00500/SettingsData: checkAndDoDBVersionUpgrade start 
06-11 09:35:19.789  3465  3465 I A00500/SettingsData: query result:1
06-11 09:35:19.789  3465  3465 I A00500/SettingsData: DB version 6 <==> 6 is latest
06-11 09:35:19.790  3465  3465 I A00500/SettingsData: SilentProxy processInitialRequests enable success
06-11 09:35:19.790  3465  3465 I A00500/SettingsData: processInitialRequests
06-11 09:35:19.790  3465  3465 I A00500/SettingsData: onInitialized query start with uri: datashare:///com.ohos.settingsdata/entry/settingsdata/SETTINGSDATA?Proxy=true&key=asde_atomicservice_status
06-11 09:35:19.791  3465  3465 I A00500/SettingsData: query result from datashare: empty! DB state: 3
06-11 09:35:29.126  3358  3358 I A00a00/ServiceExtAbility: onDisconnect from 
06-11 09:35:29.126  3358  3358 I A00a00/ServiceExtAbility: startStopSelfTimeout startId: 10001
06-11 09:35:29.127  3358  3358 I A00a00/ServiceExtAbility: create timerId 4
06-11 09:35:37.597  3490  3490 I A00500/SettingsData: DataAbilityStage onCreate
06-11 09:35:37.632  3490  3490 I A00500/SettingsData: Area 0
06-11 09:35:37.632  3490  3490 I A00500/SettingsData: onInitialize start
06-11 09:35:37.632  3490  3490 I A00500/SettingsData: call initRdbStore start
06-11 09:35:37.633  3490  3490 I A00500/SettingsData: onInitialize end
06-11 09:35:37.653  3490  3490 I A00500/SettingsData: get userID from uri: datashare:///com.ohos.settingsdata/entry/settingsdata/SETTINGSDATA?Proxy=true&key=basic_statement_agreed
06-11 09:35:37.653  3490  3490 I A00500/SettingsData: rPos 67
06-11 09:35:37.653  3490  3490 I A00500/SettingsData: lPos 63
06-11 09:35:37.653  3490  3490 I A00500/SettingsData: userID substring: ATA
06-11 09:35:37.653  3490  3490 I A00500/SettingsData: getUserIDFromUri: user ID: 100
06-11 09:35:37.653  3490  3490 I A00500/SettingsData: current maxuserno is: 100
06-11 09:35:37.653  3490  3490 I A00500/SettingsData: query start uri:datashare:///com.ohos.settingsdata/entry/settingsdata/SETTINGSDATA?Proxy=true&key=basic_statement_agreed with userID: 100 , callback is: function AsyncCallback() { [native code] }
06-11 09:35:37.653  3490  3490 I A00500/SettingsData: query request
06-11 09:35:37.654  3490  3490 E A00500/SettingsData: DB not ready request = datashare:///com.ohos.settingsdata/entry/settingsdata/SETTINGSDATA?Proxy=true&key=basic_statement_agreed , retry after DB startup
06-11 09:35:37.674  3490  3490 I A00500/SettingsData: get rdbStore success, rdbstore: 0
06-11 09:35:37.674  3490  3490 I A00500/SettingsData: rdbStore [object Object]
06-11 09:35:37.674  3490  3490 I A00500/SettingsData: firstStartupConfig start
06-11 09:35:37.677  3490  3490 I A00500/SettingsData: firstStartupConfig isFirstStartUp = false max user no: 100
06-11 09:35:37.679  3490  3490 I A00500/SettingsData: firstStartupConfig end
06-11 09:35:37.679  3490  3490 I A00500/SettingsData: call initRdbStore end
06-11 09:35:37.679  3490  3490 I A00500/SettingsData: start load ccm json file
06-11 09:35:37.679  3490  3490 I A00500/SettingsData: WakeUpDataMigrate start doWakeUpMigrate
06-11 09:35:37.679  3490  3490 I A00500/SettingsData: WakeUpDataMigrate srcPath: false dstPath: false
06-11 09:35:37.679  3490  3490 I A00500/SettingsData: WakeUpDataMigrate srcfile is null or dstfile not null
06-11 09:35:37.680  3490  3490 I A00500/SettingsData: ccm json file read success
06-11 09:35:37.680  3490  3490 I A00500/SettingsData: KeyMap:power_saving_on  -  settings.push.sleep_notification_enable
06-11 09:35:37.681  3490  3490 I A00500/SettingsData: KeyMap:swing_quick_pay  -  quick_pay_open_switch
06-11 09:35:37.681  3490  3490 I A00500/SettingsData: KeyMap:swing_scan_code  -  scan_code_open_switch
06-11 09:35:37.681  3490  3490 I A00500/SettingsData: KeyMap:enable_annoy_card_1  -  spamshield_sim1_phone_switch_ring_once
06-11 09:35:37.681  3490  3490 I A00500/SettingsData: KeyMap:enable_annoy_card_2  -  spamshield_sim2_phone_switch_ring_once
06-11 09:35:37.681  3490  3490 I A00500/SettingsData: KeyMap:airplane_mode_on  -  settings.telephony.airplanemode
06-11 09:35:37.681  3490  3490 I A00500/SettingsData: KeyMap:sle_on  -  nearlink_switch_enable
06-11 09:35:37.681  3490  3490 I A00500/SettingsData: KeyMap:location_mode  -  location_switch_enable
06-11 09:35:37.681  3490  3490 I A00500/SettingsData: KeyMap:accelerometer_rotation  -  settings.general.accelerometer_rotation_status
06-11 09:35:37.681  3490  3490 I A00500/SettingsData: KeyMap:screen_brightness_mode  -  settings.display.auto_screen_brightness
06-11 09:35:37.681  3490  3490 I A00500/SettingsData: KeyMap:screen_brightness  -  settings.display.screen_brightness_status
06-11 09:35:37.681  3490  3490 I A00500/SettingsData: KeyMap:screen_off_timeout  -  settings.display.screen_off_timeout
06-11 09:35:37.681  3490  3490 I A00500/SettingsData: KeyMap:time_12_24  -  settings.date.time_format
06-11 09:35:37.681  3490  3490 I A00500/SettingsData: KeyMap:parentcontrol_screentime_status  -  parent_control_switch
06-11 09:35:37.681  3490  3490 I A00500/SettingsData: KeyMap:parentcontrol_controlmode_status  -  parentcontrol_controlmode_status
06-11 09:35:37.681  3490  3490 I A00500/SettingsData: KeyMap:unified_default_device_name  -  settings.general.device_name
06-11 09:35:37.681  3490  3490 I A00500/SettingsData: KeyMap:unified_device_name  -  settings.general.user_defined_device_name
06-11 09:35:37.681  3490  3490 I A00500/SettingsData: KeyMap:unified_display_device_name  -  settings.general.display_device_name
06-11 09:35:37.681  3490  3490 I A00500/SettingsData: KeyMap:auto_time_zone  -  auto_timezone
06-11 09:35:37.681  3490  3490 I A00500/SettingsData: KeyMap:status_bar_pure_display_enabled  -  status_bar_pure_show
06-11 09:35:37.681  3490  3490 I A00500/SettingsData: KeyMap:show_network_speed_enabled  -  status_bar_show_real_time_network_speed
06-11 09:35:37.681  3490  3490 I A00500/SettingsData: KeyMap:notification_way_switch  -  status_bar_show_notification_icon
06-11 09:35:37.681  3490  3490 I A00500/SettingsData: KeyMap:lock_screen_allow_private_notifications  -  app_ntf_config_hide_content
06-11 09:35:37.681  3490  3490 I A00500/SettingsData: KeyMap:wakeup_when_receive_notification  -  app_ntf_config_screen_on
06-11 09:35:37.681  3490  3490 I A00500/SettingsData: KeyMap:hw_system_night_upgrade_switch  -  night_upgrade_switch
06-11 09:35:37.681  3490  3490 I A00500/SettingsData: KeyMap:hw_system_update_auto_download  -  wlan_auto_download_switch
06-11 09:35:37.681  3490  3490 I A00500/SettingsData: KeyMap:default_simcard_slotid  -  is_voice_card
06-11 09:35:37.681  3490  3490 I A00500/SettingsData: KeyMap:user_experience_involved  -  hiview_ue_switch_tmp
06-11 09:35:37.681  3490  3490 I A00500/SettingsData: KeyMap:call_log_merge_type  -  settings.telephony.calllogmergetype
06-11 09:35:37.681  3490  3490 I A00500/SettingsData: KeyMap:oobe_statement_agreed  -  basic_statement_agreed
06-11 09:35:37.681  3490  3490 I A00500/SettingsData: KeyMap:elder_care_switch  -  accessibility_elder_care_switch_enabled
06-11 09:35:37.681  3490  3490 I A00500/SettingsData: KeyMap:persist.sys.easyflag  -  settings.power.wakeup_double_click
06-11 09:35:37.681  3490  3490 I A00500/SettingsData: KeyMap:low_resolution_switch  -  settings.display.resolution_smart_switch
06-11 09:35:37.681  3490  3490 I A00500/SettingsData: KeyMap:SmartModeStatus  -  settings.power.smart_mode_status
06-11 09:35:37.681  3490  3490 I A00500/SettingsData: KeyMap:battery_percent_switch  -  status_bar_show_battery_soc
06-11 09:35:37.681  3490  3490 I A00500/SettingsData: KeyMap:app_ntf_config_hide_content  -  app_ntf_config_hide_banner_content
06-11 09:35:37.681  3490  3490 I A00500/SettingsData: KeyMap:mode_ringer  -  ringer_mode
06-11 09:35:37.681  3490  3490 I A00500/SettingsData: KeyMap:volume_alarm  -  alarm_volume
06-11 09:35:37.681  3490  3490 I A00500/SettingsData: KeyMap:volume_alarm_speaker  -  alarm_volume_builtin
06-11 09:35:37.681  3490  3490 I A00500/SettingsData: KeyMap:volume_music  -  music_volume
06-11 09:35:37.681  3490  3490 I A00500/SettingsData: KeyMap:volume_music_speaker  -  music_volume_builtin
06-11 09:35:37.681  3490  3490 I A00500/SettingsData: KeyMap:volume_music_bt_a2dp  -  music_volume_wireless
06-11 09:35:37.681  3490  3490 I A00500/SettingsData: KeyMap:volume_music_usb_device  -  music_volume_wired
06-11 09:35:37.681  3490  3490 I A00500/SettingsData: KeyMap:volume_notification  -  notification_volume_builtin
06-11 09:35:37.681  3490  3490 I A00500/SettingsData: KeyMap:volume_ring  -  ring_volume
06-11 09:35:37.681  3490  3490 I A00500/SettingsData: KeyMap:volume_ring_bt_a2dp  -  ring_volume_wireless
06-11 09:35:37.681  3490  3490 I A00500/SettingsData: KeyMap:volume_ring_usb_device  -  ring_volume_wired
06-11 09:35:37.681  3490  3490 I A00500/SettingsData: KeyMap:volume_ring_speaker  -  ring_volume_builtin
06-11 09:35:37.681  3490  3490 I A00500/SettingsData: KeyMap:volume_system  -  system_volume
06-11 09:35:37.681  3490  3490 I A00500/SettingsData: KeyMap:volume_voice  -  voice_call_volume
06-11 09:35:37.681  3490  3490 I A00500/SettingsData: KeyMap:volume_voice_earpiece  -  voice_call_volume_builtin
06-11 09:35:37.681  3490  3490 I A00500/SettingsData: KeyMap:volume_voice_bt_a2dp  -  voice_call_volume_wireless
06-11 09:35:37.681  3490  3490 I A00500/SettingsData: KeyMap:volume_voice_usb_device  -  voice_call_volume_wired
06-11 09:35:37.681  3490  3490 I A00500/SettingsData: KeyMap:volume_tts  -  voice_assistant_volume_builtin
06-11 09:35:37.681  3490  3490 I A00500/SettingsData: KeyMap:volume_tts_bt_a2dp  -  voice_assistant_volume_wireless
06-11 09:35:37.681  3490  3490 I A00500/SettingsData: KeyMap:volume_tts_usb_device  -  voice_assistant_volume_wired
06-11 09:35:37.681  3490  3490 I A00500/SettingsData: KeyMap:haptic_feedback_enabled  -  physic_navi_haptic_feedback_enabled
06-11 09:35:37.681  3490  3490 I A00500/SettingsData: KeyMap:hw_screen_freq  -  settings.display.hw_screen_freq
06-11 09:35:37.681  3490  3490 I A00500/SettingsData: KeyMap:screen_lock_fingerprint_unlock_protection_db  -  key_fp_unlock_protection_for_screen_lock
06-11 09:35:37.681  3490  3490 I A00500/SettingsData: KeyMap:setting_distributed_pasteboard_switch  -  distributed_pasteboard_switch
06-11 09:35:37.681  3490  3490 I A00500/SettingsData: KeyMap:nfc_payment_default_component  -  nfc_payment_default_app
06-11 09:35:37.681  3490  3490 I A00500/SettingsData: KeyMap:play_camera_sound  -  always_play_screenshot_sound
06-11 09:35:37.681  3490  3490 I A00500/SettingsData: KeyMap:accessibility_shortcut_dialog_shown  -  accessibility_shortcut_timeout
06-11 09:35:37.681  3490  3490 I A00500/SettingsData: KeyMap:default_input_method  -  default_input_method
06-11 09:35:37.681  3490  3490 I A00500/SettingsData: KeyMap:cover_enabled  -  cover_enabled
06-11 09:35:37.681  3490  3490 I A00500/SettingsData: KeyMap:cover_type  -  cover_type
06-11 09:35:37.681  3490  3490 I A00500/SettingsData: KeyMap:hw_gnss_high_accuracy_state  -  loc_hd_gnss_status
06-11 09:35:37.681  3490  3490 I A00500/SettingsData: KeyMap:hw_ebook_mode_switch  -  settings.display.ebook_switch
06-11 09:35:37.681  3490  3490 I A00500/SettingsData: KeyMap:hw_ebook_mode_value  -  settings.display.ebook_mode
06-11 09:35:37.681  3490  3490 I A00500/SettingsData: KeyMap:eyes_protection_mode  -  settings.eyeshield.enable
06-11 09:35:37.681  3490  3490 I A00500/SettingsData: KeyMap:eye_comfort_schedule_switch  -  settings.display.eye_comfort_mode
06-11 09:35:37.681  3490  3490 I A00500/SettingsData: KeyMap:eye_comfort_starttime  -  settings.display.eye_comfort_starttime
06-11 09:35:37.681  3490  3490 I A00500/SettingsData: KeyMap:eye_comfort_endtime  -  settings.display.eye_comfort_endtime
06-11 09:35:37.681  3490  3490 I A00500/SettingsData: KeyMap:wallpaperAodDisplay  -  wallpaperAodDisplay
06-11 09:35:37.681  3490  3490 I A00500/SettingsData: KeyMap:color_mode_switch  -  settings.color_mode
06-11 09:35:37.681  3490  3490 I A00500/SettingsData: KeyMap:color_temperature_mode  -  settings.color_temperature
06-11 09:35:37.681  3490  3490 I A00500/SettingsData: KeyMap:color_temperature_pos  -  settings.color_temperature_coordinate
06-11 09:35:37.681  3490  3490 I A00500/SettingsData: KeyMap:hw_natural_tone_display_switch  -  settings.hw_natural_tone_display_switch
06-11 09:35:37.681  3490  3490 I A00500/SettingsData: KeyMap:hw_dc_brightness_dimming_switch  -  settings.display.eye_dc_brightness_switch
06-11 09:35:37.681  3490  3490 I A00500/SettingsData: KeyMap:user_set_warm  -  settings.display.eye_comfort_level
06-11 09:35:37.681  3490  3490 I A00500/SettingsData: KeyMap:hdr_image_display  -  settings.display.hdr_picture_switch
06-11 09:35:37.681  3490  3490 I A00500/SettingsData: KeyMap:smart_backlight_enable  -  settings.display.natural_light_switch
06-11 09:35:37.681  3490  3490 I A00500/SettingsData: KeyMap:multi_win_interact  -  multi_dock_status
06-11 09:35:37.681  3490  3490 I A00500/SettingsData: KeyMap:default_input_method  -  default_input_method
06-11 09:35:37.681  3490  3490 I A00500/SettingsData: KeyMap:VOICE_AIVOICE_ENABLE_FLAG  -  ai_voice_noise_suppression_flag
06-11 09:35:37.681  3490  3490 I A00500/SettingsData: KeyMap:AIVOICE_POPUP_TIMES  -  ai_voice_banner_noitication_popup_times
06-11 09:35:37.681  3490  3490 I A00500/SettingsData: KeyMap:ui_night_mode  -  settings.uiappearance.darkmode_mode
06-11 09:35:37.681  3490  3490 I A00500/SettingsData: KeyMap:com.android.settings.development.stereo_enhancement_disabled  -  settings.developer.stereo_enhancement
06-11 09:35:37.681  3490  3490 I A00500/SettingsData: KeyMap:undefined  -  undefined
06-11 09:35:37.681  3490  3490 I A00500/SettingsData: dump map: doSystemMigrate migrateKeyMap:  with size: 214
06-11 09:35:37.681  3490  3490 I A00500/SettingsData: myMap.size > 0 dump map: doSystemMigrate migrateKeyMap:  with size: 214
06-11 09:35:37.681  3490  3490 I A00500/SettingsData: start load ccm json file
06-11 09:35:37.682  3490  3490 I A00500/SettingsData: ccm json file read success
06-11 09:35:37.683  3490  3490 I A00500/SettingsData: dump map: doSystemMigrate targetsTableMap:  with size: 206
06-11 09:35:37.683  3490  3490 I A00500/SettingsData: myMap.size > 0 dump map: doSystemMigrate targetsTableMap:  with size: 206
06-11 09:35:37.683  3490  3490 I A00500/SettingsData: doSystemMigrate start... 
06-11 09:35:37.684  3490  3490 I A00000/ABX_CONVERTER: abx2Xml start
06-11 09:35:37.684  3490  3490 I A00000/ABX_CONVERTER: src value is /data/migrate/settings_global.xml , dest value is /data/storage/el1/database/settings_global.xml
06-11 09:35:37.684  3490  3490 I A00000/ABX_CONVERTER: convert result is  -1
06-11 09:35:37.684  3490  3490 E A00500/SettingsData: decoder failure: /data/migrate/settings_global.xml , error code:-1
06-11 09:35:37.684  3490  3490 E A00500/SettingsData: readText failed:No such file or directory, error code:13900002
06-11 09:35:37.684  3490  3490 I A00500/SettingsData: doSystemMigrate end - no need!
06-11 09:35:37.684  3490  3490 I A00500/SettingsData: userLeft : 0
06-11 09:35:37.684  3490  3490 I A00500/SettingsData: current maxuserno is: 100
06-11 09:35:37.684  3490  3490 I A00500/SettingsData: loadDefaultSettingsData exists
06-11 09:35:37.684  3490  3490 I A00500/SettingsData: checkAndDoDBVersionUpgrade start 
06-11 09:35:37.685  3490  3490 I A00500/SettingsData: query result:1
06-11 09:35:37.686  3490  3490 I A00500/SettingsData: DB version 6 <==> 6 is latest
06-11 09:35:37.688  3490  3490 I A00500/SettingsData: SilentProxy processInitialRequests enable success
06-11 09:35:37.688  3490  3490 I A00500/SettingsData: processInitialRequests
06-11 09:35:37.688  3490  3490 I A00500/SettingsData: onInitialized query start with uri: datashare:///com.ohos.settingsdata/entry/settingsdata/SETTINGSDATA?Proxy=true&key=basic_statement_agreed
06-11 09:35:37.689  3490  3490 I A00500/SettingsData: query result from datashare: empty! DB state: 3
06-11 09:35:39.190  2704  2704 I A01a00/SYS_UI: MaintenanceRecord --> Send maintenance event(2), extendType(undefined), ext: [{"ntfType":0,"bundleName":"SMART_REMINDER_SWITCH","clickRegion":20,"errorCodes":[2010]}]
06-11 09:35:39.202  2704  2704 I A01a00/SYS_UI: MaintenanceRecord --> Send maintenance event to push success
06-11 09:36:00.282  2704  2704 I A01b00/SCB: CommonEventManagerA --> handleCommonEventCallback post inner event:usual.event.TIME_TICK
06-11 09:36:00.304  2704  2704 W A01b01/HOME: AppIconCalendarCache --> data changed to update calendar icon.
06-11 09:36:00.331  2704  2704 W A01b01/HOME: AppIconCalendarCache --> init calendar item: undefined undefined
06-11 09:36:00.331  2704  2704 W A01b01/HOME: AppIconCalendarCache --> com.huawei.hmos.calendar is not dynamic icon, bundleName is undefined
06-11 09:36:00.336  2704  2704 E A01b01/HOME: AppIconCalendarCache --> not init calendar builder or backgroundImage is null
06-11 09:36:02.042  2704  2704 I A00f00/AIDispatcherEngineOH: BaseSdkPresenter:release service
06-11 09:36:02.047  2704  2704 I A00f00/AIDispatcherEngineOH: JsonUtil:parseStrToClass
06-11 09:36:02.050  2704  2704 I A00f00/AIDispatcherEngineOH: AiDispatchServiceManager:unbindService
06-11 09:36:02.051  2704  2704 I A00f00/AIDispatcherEngineOH: AiDispatchServiceManager:unbindService connection: 0
06-11 09:36:02.051  2704  2704 I A03d00/JSAPP: disconnectServiceExtensionAbility
06-11 09:36:02.067  2704  2704 I A00f00/AIDispatcherEngineOH: JsonUtil:parseObjToStr
06-11 09:36:09.199  2704  2704 I A01a00/SYS_UI: MaintenanceRecord --> Send maintenance event(1), extendType(7), ext: [{"bundleName":"com.ohos.callui","desc":"Enable AppLiveView for com.ohos.callui error: Error: The specified bundle name was not found","stack":"Cannot get SourceMap info, dump raw stack:\n=====================Backtrace========================\n#00 pc 000000000073684c /system/lib64/platformsdk/libark_jsruntime.so\n#01 pc 0000000000736d60 /system/lib64/platformsdk/libark_jsruntime.so\n#02 pc 000000000032fa04 /system/lib64/platformsdk/libark_jsruntime.so\n#03 pc 00000000001b7f4c /system/lib64/platformsdk/libark_jsruntime.so\n#04 pc 00000000001b78f4 /system/lib64/platformsdk/libark_jsruntime.so\n#05 pc 000000000024e088 /system/lib64/platformsdk/libark_jsruntime.so\n#06 pc 000000000060a764 /system/lib64/platformsdk/libark_jsruntime.so\n#07 pc 00000000005d44c4 /system/lib64/platformsdk/libark_jsruntime.so\n#08 pc 0000000000053630 /system/lib64/platformsdk/libace_napi.z.so\n#09 pc 0000000000059fd4 /system/lib64/module/libnotificationmanager.z.so\n#10 pc 000000000005a61c /system/lib64/module/libnotificationmanager.z.so\n#11 pc 000000000005aac4 /system/lib64/module/libnotificationmanager.z.so\n#12 pc 0000000000079054 /system/lib64/module/libnotificationmanager.z.so\n#13 pc 0000000000061b28 /system/lib64/platformsdk/libace_napi.z.so\n#14 pc 0000000000011ca0 /system/lib64/platformsdk/libuv.so\n#15 pc 0000000000015a50 /system/lib64/platformsdk/libuv.so","errorCodes":[4061]}]
06-11 09:36:09.203  2704  2704 I A01a00/SYS_UI: MaintenanceRecord --> Send maintenance event to push success
06-11 09:36:22.599  2704  2704 I A04200/WINDOW: SCBSceneSessionManager --> request top! persistentId: 36
06-11 09:36:22.599  2704  2704 I A01b01/HOME: SCBScenePanel --> onRaiseSceneToTop with persistentId:36
06-11 09:36:22.600  2704  2704 I A01b01/HOME: SCBScenePanel --> getContainerSessionByPersistentIdOrContainerId persistentId 36 containerId undefined
06-11 09:36:22.600  2704  2704 I A01b01/HOME: SCBScenePanel --> getSceneContainerSessionWithPersistentId with session id: 36
06-11 09:36:22.600  2704  2704 I A01b01/HOME: SCBScenePanel --> getSceneContainerSessionWithPersistentId from containerSessionList id: 36
06-11 09:36:22.600  2704  2704 I A04200/WINDOW: SCBSceneContainerSession --> updateLastUsedTimestamp primarySession id:36, secondarySession id:
06-11 09:36:22.600  2704  2704 I A04200/WINDOW: SCBScenePanelManager --> Remove scene container session, id: 1
06-11 09:36:22.601  2704  2704 I A04200/WINDOW: SCBScenePanelManager --> raiseFloatingSceneToTop with null  containerSession
06-11 09:36:22.601  2704  2704 E A04200/WINDOW: SCBSceneSessionManager --> No scene func: 25 has registered!
06-11 09:36:22.601  2704  2704 I A04200/WINDOW: SCBSceneSessionManager --> requestFocus id : 36, byForeground：true, reason: 1
06-11 09:36:22.601  2704  2704 I A04200/WINDOW: SCBSceneSessionManager --> get session by persistentId: 36
06-11 09:36:22.755  2781  2781 I A000ff/HMKeyboard_KeyboardController: input pattern changed to: -1, isWallpaperDark:true, fbe? false
06-11 09:36:22.756  2781  2781 I A000ff/HMKeyboard_ScreenUtils: isScreedLocked: false
06-11 09:36:22.758  2781  2781 I A000ff/HMKeyboard_KeyboardController: this.inputPattern:-1, inputPattern:-1, enterKeyType:6
06-11 09:36:22.760  2781  2781 I A000ff/HMKeyboard_KeyboardCanvas: current enterKeyType is 6
06-11 09:36:22.766  3062  3383 I A03d00/makepad-ohos: [I] examples/native_text_input/src/main.rs:452:12 - NativeTextInput smoke: focus action received
06-11 09:36:22.779  2781  2781 I A000ff/HMKeyboard_DisplayManager: handleDisplayRotationChange:{"id":0,"name":"UNKNOWN","alive":true,"state":2,"refreshRate":60,"rotation":0,"width":1260,"height":2720,"densityDPI":520,"orientation":0,"densityPixels":3.25,"scaledDensity":3.25,"xDPI":444.5,"yDPI":442.8710021972656,"colorSpaces":[],"hdrFormats":[],"availableWidth":1260,"availableHeight":2720}
06-11 09:36:22.779  2781  2781 I A000ff/HMKeyboard_KbdDeviceInfoUtil: setScreenInfo call
06-11 09:36:22.780  2781  2781 I A000ff/HMKeyboard_KbdDeviceInfoUtil: setScreenInfo, mScreenWidth = 1260,mScreenHeight = 2720,
06-11 09:36:22.780  2781  2781 I A000ff/HMKeyboard_KbdDeviceInfoUtil:           densityPixels = 3.25,densityDPI = 520, rotation = 0,
06-11 09:36:22.780  2781  2781 I A000ff/HMKeyboard_KbdDeviceInfoUtil:           isFoldAble = false , isVerde = false
06-11 09:36:22.780  2781  2781 I A000ff/HMKeyboard_KbdDeviceInfoUtil: isExpand: false,size: 6.76,PPM: 17.458333868476046
06-11 09:36:22.780  2781  2781 I A000ff/HMKeyboard_KbdCache: kbd cache clear
06-11 09:36:22.781  2781  2781 E A000ff/HMKeyboard_PrivateCommandManage: client is null
06-11 09:36:22.781  2781  2781 I A000ff/HMKeyboard_KeyboardModeManager: isRotation: true, defaultKbdMode: 0, kbdMode: 0 , island:false,isFoldWithExpandOrHalfFold:false
06-11 09:36:22.781  2781  2781 I A000ff/HMKeyboard_KeyboardModeManager: initCacheInfo, kbdMode : 0
06-11 09:36:22.781  2781  2781 I A000ff/HMKeyboard_NormalKbdManager: initNormalKbdInfo
06-11 09:36:22.781  2781  2781 I A000ff/HMKeyboard_NormalKbdManager: hasResetKdbHeightFlag:true hasRestKbdMarginRollbackFlag:true
06-11 09:36:22.781  2781  2781 I A000ff/HMKeyboard_BaseKbdManager: getKbdHeight, kdbHeight = 0, numberLineAddHeight = 0
06-11 09:36:22.781  2781  2781 I A000ff/HMKeyboard_NormalKbdManager: kdbHeight:874.25
06-11 09:36:22.781  2781  2781 I A000ff/HMKeyboard_NormalKbdManager: normal kbd height is : 874.25 , bottom is 0 , left is 0,right is :0,oneHandStatus is :0,thumbKeyboardHalfWidth is :0
06-11 09:36:22.781  2781  2781 I A000ff/HMKeyboard_KeyboardModeManager: leftMargin: 0 rightMargin: 0
06-11 09:36:22.782  2781  2781 E A000ff/HMKeyboard_PrivateCommandManage: client is null
06-11 09:36:22.782  2781  2781 I A000ff/HMKeyboard_CeliaWriterPopHelper: CeliaWriterPop onOrientationChange
06-11 09:36:22.782  2781  2781 I A000ff/HMKeyboard_CeliaWriterSceneSele: CeliaWriterPop onOrientationChange
06-11 09:36:22.782  2781  2781 I A000ff/HMKeyboard_pages_index: onOrientationChangeCallback
06-11 09:36:22.783  2781  2781 I A000ff/HMKeyboard_CeliaWriterPopHelper: CeliaWriterPop onOrientationChange
06-11 09:36:22.783  2781  2781 I A000ff/HMKeyboard_DisplayManager: orientation changed
06-11 09:36:22.784  2781  2781 I A000ff/HMKeyboard_CeliaWriteHelper: getCeliaWriteHeight
06-11 09:36:22.784  2781  2781 I A000ff/HMKeyboard_KeyboardModeManager: adjustPanelRect
06-11 09:36:22.784  2781  2781 I A000ff/HMKeyboard_InputPanel: adjustPanelRect flag = 0, portraitRect.width = 0, portraitRect.height = 874, landscapeRect.width = 0, landscapeRect.height = 631
06-11 09:36:22.784  2781  2781 I A000ff/HMKeyboard_InputPanel: portraitRect.left = 0, portraitRect.top = 0, landscapeRect.left = 0, landscapeRect.height = 0
06-11 09:36:22.784  2781  2781 I A000ff/HMKeyboard_KbdCache: kbd cache clear
06-11 09:36:22.785  2781  2781 I A000ff/HMKeyboard_IndexRefresh: onKbdRefreshState isKeyboardRefresh = true
06-11 09:36:22.785  2781  2781 I A000ff/HMKeyboard_EnterSendMsgManager: isEnterMsgOpen is same as the last time, ignore.
06-11 09:36:22.785  2781  2781 I A000ff/HMKeyboard_CeliaWriteHelper: CeliaWriteInputHelper onEditorAttributeChanged 
06-11 09:36:22.788  2704  2704 I A01b00/SCB: SCBKeyboardPanelSession --> this.isShowPanel = true, receive panelStatus, isSecurity = false, width = 0, height = 874, flag =0
06-11 09:36:22.788  2781  2781 I A000ff/HMKeyboard_KbdDeviceInfoUtil: getMainWindow heightBangs:108
06-11 09:36:22.788  2781  2781 I A000ff/HMKeyboard_KbdDeviceInfoUtil: get waterfallDisplayPadding is 0
06-11 09:36:22.788  2781  2781 I A000ff/HMKeyboard_IMEAbilityEventRegis: onInputStart
06-11 09:36:22.789  2781  2781 I A000ff/HMKeyboard_EditAttributeCache: EditAttributeCache onInputStart
06-11 09:36:22.790  2781  2781 I A000ff/HMKeyboard_InputManager: inputManager reset
06-11 09:36:22.790  2781  2781 I A000ff/HMKeyboard_TradZhInputHelper: isZYMainKeyboard subtype is undefined.
06-11 09:36:22.790  2781  2781 I A000ff/HMKeyboard_InputManager: reset return isInitState
06-11 09:36:22.790  2781  2781 I A000ff/HMKeyboard_KeyboardController: processInputType, [object Object]
06-11 09:36:22.790  2781  2781 I A000ff/HMKeyboard_KeyboardController: this.inputPattern:-1, inputPattern:-1, enterKeyType:6
06-11 09:36:22.791  2781  2781 I A000ff/HMKeyboard_InputManager: EnInputManager onInputStart
06-11 09:36:22.791  2781  2781 I A000ff/HMKeyboard_InputManager: inputManager reset
06-11 09:36:22.791  2781  2781 I A000ff/HMKeyboard_TradZhInputHelper: isZYMainKeyboard subtype is undefined.
06-11 09:36:22.791  2781  2781 I A000ff/HMKeyboard_InputManager: reset return isInitState
06-11 09:36:22.802  2704  2704 I A04200/WINDOW: SCBKeyboardSession --> onGravityChange: 1
06-11 09:36:22.802  2781  2781 I A000ff/HMKeyboard_InputManager: releaseOrInitEngine initEngine begin
06-11 09:36:22.802  2781  2781 I A000ff/HMKeyboard_InputManager: isFbeMode is false
06-11 09:36:22.803  2704  2704 I A04200/WINDOW: SCBInputMethodHelper --> onKeyboardGravityChange 1
06-11 09:36:22.804  2781  2781 I A000ff/HMKeyboard_EngineTool: initEngine
06-11 09:36:22.804  2704  2704 I A04200/WINDOW: SCBSplitManager --> ifAvoidInputMethodNeeded false, isKeyboardShowing: false
06-11 09:36:22.805  2704  2704 I A04200/WINDOW: SCBKeyboardSession --> onNeedDefaultAnimationFlagChange, state: true
06-11 09:36:22.806  2781  2781 I A000ff/HMKeyboard_DeviceHelper: fullVersion:emulator 5.0.0.135(SP1DEVC00E135R4P11log)
06-11 09:36:22.806  2781  2781 I A000ff/HMKeyboard_EngineTool: do init now
06-11 09:36:22.806  2704  2704 I A04200/WINDOW: SCBKeyboardSession --> landscapeKeyboardRect: [325, 538, 2070, 631], portraitKeyboardRect: [0, 1700, 1260, 874], landscapePanelRect: [0, 538, 2720, 722], portraitPanelRect: [0, 1700, 1260, 1020]
06-11 09:36:22.807  2704  2704 I A04200/WINDOW: SCBKeyboardSession --> needNotifyUI: false, curKeyboardState: 0, callbackSize:3
06-11 09:36:22.807  2781  2781 I A000ff/HMKeyboard_EngineTool: loadSensitiveDict call.
06-11 09:36:22.807  2781  2781 I A000ff/HMKeyboard_EngineTool: loadDeleteWordDict call.
06-11 09:36:22.807  2781  2781 I A000ff/HMKeyboard_SceneSearchManager: : init
06-11 09:36:22.808  2704  2704 I A01b00/SCB: SCBKeyboardPanelManager --> screenProperty.rotation: 0,keyboardPanelSession.isLandscape: false
06-11 09:36:22.809  2704  2704 I A01b00/SCB: SCBKeyboardManager --> updateRectForFingerPrint, raiseOffset0, panelRect: [0, 1700, 1260, 1020], rectRaised: [0, 1700, 1260, 1020]
06-11 09:36:22.809  2704  2704 I A01b00/SCB: SCBKeyboardPanelManager --> hotAreaKey: fixdefaultportrait
06-11 09:36:22.809  2704  2704 I A01b00/SCB: SCBKeyboardPanelManager --> this.hotAreaInfo.left: 0,this.hotAreaInfo.right: 0,this.hotAreaInfo.bottom: 45,panelRealHeight: 1020
06-11 09:36:22.809  2704  2704 I A01b00/SCB: SCBKeyboardPanelManager --> updateKeyboardAndPanelRect, keyboardRequestRect: [0, 1846, 1260, 874], keyboardRect: [0, 1700, 1260, 874], panelRect: [0, 1700, 1260, 1020], rectForFingerprint: [0, 1700, 1260, 1020], isFloat: false, isFoldable: false
06-11 09:36:22.809  2704  2704 I A04200/WINDOW: SCBKeyboardSession --> [SCBLayout] RectChangeCallback is not registered, id: 3, reason: 0, rect: [0, 1846, 1260, 874], currRect: [0, 1700, 1260, 874]
06-11 09:36:22.809  2704  2704 I A04200/WINDOW: SCBKeyboardSession --> id:3 updateSizeChangeReason:0
06-11 09:36:22.809  2781  2841 I A000ff/HMKeyboard_EngineWorker: initEngine
06-11 09:36:22.810  2781  2841 I A00000/ohos_jni_EngineHelper: RegisterFunction doCloudRequest
06-11 09:36:22.810  2781  2841 I A00000/ohos_jni_EngineHelper: RegisterFunction onErrorCallback
06-11 09:36:22.810  2704  2704 I A04200/WINDOW: SCBInputMethodHelper --> rect change callback, hasAvoidInputMethod: false
06-11 09:36:22.813  2781  2841 E A00000/ohos_jni_Connection: set QoS failed.
06-11 09:36:22.813  2781  2841 I A00000/ohos_jni_EngineHelper: InitEngine
06-11 09:36:22.813  2781  2841 I A00000/ohos_jni_ResourceManager: load Static  Resource is loaded, dictId:0
06-11 09:36:22.813  2781  2841 I A00000/ohos_jni_ResourceManager: load Static  Resource is loaded, dictId:1
06-11 09:36:22.813  2781  2841 I A00000/ohos_jni_ResourceManager: load Static  Resource is loaded, dictId:3
06-11 09:36:22.813  2781  2841 I A00000/ohos_jni_ResourceManager: load Static  Resource is loaded, dictId:4
06-11 09:36:22.813  2781  2841 I A00000/ohos_jni_ResourceManager: load Static  Resource is loaded, dictId:5
06-11 09:36:22.813  2781  2841 I A00000/ohos_jni_ResourceManager: load Static  Resource is loaded, dictId:7
06-11 09:36:22.813  2781  2841 I A00000/ohos_jni_ResourceManager: load Static  Resource is loaded, dictId:8
06-11 09:36:22.813  2781  2841 I A00000/ohos_jni_ResourceManager: load Static  Resource is loaded, dictId:12
06-11 09:36:22.813  2781  2841 I A00000/ohos_jni_ResourceManager: load Static  Resource is loaded, dictId:16
06-11 09:36:22.813  2781  2841 I A00000/ohos_jni_ResourceManager: load Static  Resource is loaded, dictId:19
06-11 09:36:22.813  2781  2841 I A00000/ohos_jni_ResourceManager: load Static  Resource is loaded, dictId:20
06-11 09:36:22.813  2781  2841 I A00000/ohos_jni_ResourceManager: load Static  Resource is loaded, dictId:21
06-11 09:36:22.813  2781  2841 I A00000/ohos_jni_ResourceManager: load Static  Resource is loaded, dictId:88
06-11 09:36:22.813  2781  2841 I A00000/ohos_jni_ResourceManager: load Static  Resource is loaded, dictId:11
06-11 09:36:22.813  2781  2841 I A00000/ohos_jni_ResourceManager: load Static  Resource is loaded, dictId:2
06-11 09:36:22.813  2781  2841 I A00000/ohos_jni_ResourceManager: load Static  Resource is loaded, dictId:93
06-11 09:36:22.813  2781  2841 I A00000/ohos_jni_ResourceManager: load Static  Resource is loaded, dictId:94
06-11 09:36:22.813  2781  2841 I A00000/ohos_jni_ResourceManager: load Static  Resource is loaded, dictId:98
06-11 09:36:22.818  2781  2781 I A000ff/HMKeyboard_SceneSearchManager: : Do not need to load config
06-11 09:36:22.818  2781  2781 I A000ff/HMKeyboard_InputManager: inputManager reset
06-11 09:36:22.818  2781  2781 I A000ff/HMKeyboard_TradZhInputHelper: isZYMainKeyboard subtype is undefined.
06-11 09:36:22.818  2781  2781 I A000ff/HMKeyboard_InputManager: reset return isInitState
06-11 09:36:22.818  2781  2781 I A000ff/HMKeyboard_InputManager: setLanguageAndLayout , method is 0, layout is 1
06-11 09:36:22.818  2781  2781 I A000ff/HMKeyboard_EngineTool: setLanguageAndLayout call.
06-11 09:36:22.818  2781  2781 I A000ff/HMKeyboard_InputManager: initEngineParameters
06-11 09:36:22.818  2781  2781 I A000ff/HMKeyboard_InputManager: initEngineParameters normal else
06-11 09:36:22.819  2781  2781 I A000ff/HMKeyboard_SettingService: result=0
06-11 09:36:22.819  2781  2781 I A000ff/HMKeyboard_ZhEngine: tryToLoadSceneDict
06-11 09:36:22.819  2781  2781 I A000ff/HMKeyboard_InputManager: releaseOrInitEngine initEngine end
06-11 09:36:22.819  2781  2781 I A000ff/HMKeyboard_ZhInputConnection: set new client: object, support preview? true
06-11 09:36:22.819  2781  2781 I A000ff/HMKeyboard_EnInputHelper: en onInputStart
06-11 09:36:22.820  2781  2781 I A000ff/HMKeyboard_EnInputHelper: initCursorPosition Start. forceReInit = true
06-11 09:36:22.820  2781  2781 I A000ff/HMKeyboard_EnInputConnection: getForward, range= 51
06-11 09:36:22.820  2781  2781 I A000ff/HMKeyboard_EnInputConnection: set new client: object, support preview? true
06-11 09:36:22.820  2781  2781 I A000ff/HMKeyboard_DeleteTextHelper: stopDel, holdTimer:undefined, slowTimer:undefined, fastTimer:undefined
06-11 09:36:22.821  2781  2781 I A000ff/HMKeyboard_KeyboardCanvas: clearTouchMap enter
06-11 09:36:22.821  2781  2781 I A000ff/HMKeyboard_KeyboardCanvas: initKeyboard this.keyboardType = config/phone/0/normal/chinese.json,isMachineKeyboard = false
06-11 09:36:22.824  2781  2781 I A000ff/HMKeyboard_KeyboardCanvas: keyTitleColor = 4278190080,keySelectedTitleColor :0, keySubTitleColor: 1711276032,keySelectedSubTitleColor :0,functionKeySelectedTitleColor:0
06-11 09:36:22.825  2781  2781 I A000ff/HMKeyboard_KbdStateUtils: screenWidth = 1260, px2vp(screenWidth) = 387.6923076923077
06-11 09:36:22.825  2781  2781 I A000ff/HMKeyboard_KbdScaleUtils: updateNormalScaleProgress: horizontalScaleProgress = 1, verticalScaleProgress = 1, normalKbdScaleProgress = 1
06-11 09:36:22.825  2781  2781 I A000ff/HMKeyboard_KbdStateUtils: screenWidth = 1260, px2vp(screenWidth) = 387.6923076923077
06-11 09:36:22.825  2781  2781 I A000ff/HMKeyboard_KeyboardCanvas: kbdMarginLeft = 0, kbdMarginRight = 0, keyboardMainHeight = 218, this.keyLeftMargin = 5, this.keyTopMargin = 12, keyboardWidth = 387.6923076923077, keyboardMainWidth = 387.6923076923077, keyboardLeftMargin = 7.499999999999999, keyboardBottomMargin = 6
06-11 09:36:22.825  2781  2781 I A000ff/HMKeyboard_KeyboardCanvas: this.keyHeight = 44, this.baseKeyWidth = 32.76923076923077, this.kbdHalfWidth = 0, kbdCenterSpace = 0, this.defaultFontSize = 20
06-11 09:36:22.831  2781  2841 I A00000/ohos_jni_PyEngineWrapper: Load resource: 22
06-11 09:36:22.839  2781  2781 I A000ff/HMKeyboard_KeyboardCanvas: onInputStateChange, 0, 19, zh, chinese, false
06-11 09:36:22.849  2781  2781 I A000ff/HMKeyboard_KeyboardCanvas: drawSpaceKey enter
06-11 09:36:22.849  2781  2781 E A000ff/HMKeyboard_ResMgrWrapper: getNumberByName ex:, resId:26key_space_normal_title_color_type
06-11 09:36:22.850  2781  2841 I A00000/ohos_jni_PyEngineWrapper: Load resource result:0
06-11 09:36:22.850  2781  2841 I A00000/ohos_jni_ResourceManager: Dynamic resource is not exist. dictId:10
06-11 09:36:22.850  2781  2841 I A00000/ohos_jni_ResourceManager: Dynamic resource is not exist. dictId:18
06-11 09:36:22.851  2781  2841 I A00000/ohos_jni_PyEngineWrapper: Stop pinyin Engine
06-11 09:36:22.852  2781  2841 I A00000/ohos_jni_PyEngineWrapper: Stop pinyin Engine result:0 status:0
06-11 09:36:22.852  2781  2841 I A00000/ohos_jni_ResourceManager: Dynamic resource is loaded,it require reloading
06-11 09:36:22.852  2781  2841 I A00000/ohos_jni_PyEngineWrapper: Unload resource:18
06-11 09:36:22.852  2781  2841 I A00000/ohos_jni_PyEngineWrapper: Unload resource result:0
06-11 09:36:22.852  2781  2841 I A00000/ohos_jni_PyEngineWrapper: Load resource: 18
06-11 09:36:22.853  2781  2781 I A000ff/HMKeyboard_KeyboardCanvas: current enterKeyType is 6
06-11 09:36:22.853  2781  2781 I A000ff/HMKeyboard_EngineTool: setKbdSizeAndKeyLocation call.
06-11 09:36:22.854  2781  2781 I A000ff/HMKeyboard_CanvasPopWindow: initWindow end
06-11 09:36:22.854  2781  2781 I A000ff/HMKeyboard_EngineTool: unLoadSceneResource call.
06-11 09:36:22.855  2781  2781 I A000ff/HMKeyboard_KBDDelegateEventRegi: onCursorContextChange,x:176,y:681,h:61
06-11 09:36:22.855  2781  2781 I A000ff/HMKeyboard_TextBeforeCursorGett: do getForward
06-11 09:36:22.856  2781  2781 I A000ff/HMKeyboard_KBDDelegateEventRegi: onSelectionChange, ob: -1, oe: -1, nb: 0, ne: 0
06-11 09:36:22.856  2781  2781 I A000ff/HMKeyboard_KeyboardModeManager: isHandWriteOnKbd isInputStatus false
06-11 09:36:22.856  2704  2704 W A04200/WINDOW: SCBSpecificSession --> getParentSession: fail to find containerSession with persistentId: 0
06-11 09:36:22.856  2704  2704 I A04200/WINDOW: SCBSpecificSession --> [SCBLayout] rectChangeCallback exists, id: 6, reason: 7, rect: [0, 0, 1260, 2720]
06-11 09:36:22.856  2704  2704 I A04200/WINDOW: SCBSpecificScene --> onSessionRectChange start, id: 6 reason: 7, rect: [0, 0, 1260, 2720], currRect: [0, 0, 1260, 2720]
06-11 09:36:22.856  2704  2704 I A04200/WINDOW: SCBSpecificScene --> session rect not change
06-11 09:36:22.856  2704  2704 I A04200/WINDOW: SCBSpecificSession --> id:6 updateSizeChangeReason:7
06-11 09:36:22.857  2704  2704 I A01b00/SCB: SCBKeyboardManager --> oriCallingId: 0, newCallingId: 36
06-11 09:36:22.857  2704  2704 I A04200/WINDOW: SCBSceneSessionManager --> get session by persistentId: 36
06-11 09:36:22.858  2704  2704 I A01b00/SCB: SCBKeyboardManager --> keyboard is not foreground, not need modify keyboard layer.
06-11 09:36:22.858  2704  2704 I A01b00/SCB: SCBKeyboardPanelSession --> this.isShowPanel = true, receive panelStatus, isSecurity = false, width = 0, height = 0, flag =0
06-11 09:36:22.859  2781  2781 I A000ff/HMKeyboard_EnterSendMsgManager: isEnterMsgOpen is same as the last time, ignore.
06-11 09:36:22.860  2781  2781 I A000ff/HMKeyboard_EngineTool: setAppAttributesAndSandBoxPath call.
06-11 09:36:22.860  2781  2781 I A000ff/HMKeyboard_TextBeforeCursorGett: updateTextBeforeCursor end
06-11 09:36:22.860  2781  2781 W A000ff/HMKeyboard_IMEAbilityEventRegis: onKeyboardShow, verion:1.0.16.402, pss:undefined, native:undefined
06-11 09:36:22.860  2781  2781 I A000ff/HMKeyboard_KeyboardController: KeyboardController onKeyboardShow
06-11 09:36:22.861  2704  2704 I A04200/WINDOW: SCBKeyboardSession --> needNotifyUI: false, curKeyboardState: 0, callbackSize:3
06-11 09:36:22.862  2704  2704 I A01b00/SCB: SCBKeyboardPanelManager --> screenProperty.rotation: 0,keyboardPanelSession.isLandscape: false
06-11 09:36:22.862  2704  2704 I A01b00/SCB: SCBKeyboardManager --> updateRectForFingerPrint, raiseOffset0, panelRect: [0, 1700, 1260, 1020], rectRaised: [0, 1700, 1260, 1020]
06-11 09:36:22.862  2704  2704 I A01b00/SCB: SCBKeyboardPanelManager --> hotAreaKey: fixdefaultportrait
06-11 09:36:22.862  2704  2704 I A01b00/SCB: SCBKeyboardPanelManager --> this.hotAreaInfo.left: 0,this.hotAreaInfo.right: 0,this.hotAreaInfo.bottom: 45,panelRealHeight: 1020
06-11 09:36:22.869  2781  2841 I A00000/ohos_jni_PyEngineWrapper: Load resource result:0
06-11 09:36:22.869  2781  2841 I A00000/ohos_jni_PyEngineWrapper: Start pinyin Engine
06-11 09:36:22.874  2704  2704 I A01b00/SCB: SCBKeyboardPanelManager --> updateKeyboardAndPanelRect, keyboardRequestRect: [0, 1846, 1260, 874], keyboardRect: [0, 1700, 1260, 874], panelRect: [0, 1700, 1260, 1020], rectForFingerprint: [0, 1700, 1260, 1020], isFloat: false, isFoldable: false
06-11 09:36:22.874  2704  2704 I A04200/WINDOW: SCBKeyboardSession --> [SCBLayout] RectChangeCallback is not registered, id: 3, reason: 0, rect: [0, 1846, 1260, 874], currRect: [0, 1700, 1260, 874]
06-11 09:36:22.875  2704  2704 I A04200/WINDOW: SCBKeyboardSession --> id:3 updateSizeChangeReason:0
06-11 09:36:22.876  2704  2704 I A04200/WINDOW: SCBInputMethodHelper --> rect change callback, hasAvoidInputMethod: false
06-11 09:36:22.877  2704  2704 I A04200/WINDOW: SCBSceneSessionManager --> not find in virtual screen, window id is : 36
06-11 09:36:22.878  2704  2704 I A04200/WINDOW: SCBKeyboardSession --> notifyKeyboardStateChange, state is: 2, callingScreenId is: 0,
06-11 09:36:22.878  2704  2704 I A04200/WINDOW:       mainScreenId is: 0
06-11 09:36:22.878  2704  2704 I A04200/WINDOW: SCBKeyboardSession --> onSessionStateChange, id: 3, state: 2
06-11 09:36:22.878  2704  2704 W A04200/WINDOW: SCBSystemSceneSession --> SCBKeyboardPanel sessionChangeCallback is null 
06-11 09:36:22.882  2781  2841 I A00000/ohos_jni_PyEngineWrapper: Start pinyin Engine result:0, status:0
06-11 09:36:22.883  2781  2841 I A00000/ohos_jni_ResourceManager: load User Dict is loaded, dictId:14
06-11 09:36:22.883  2781  2841 I A00000/ohos_jni_ResourceManager: load User Ass is loaded, dictId:15
06-11 09:36:22.884  2781  2841 I A00000/ohos_jni_EngineHelper: InitTouchModel
06-11 09:36:22.884  2781  2841 I A00000/ohos_jni_IntelligentTouchModel: Current touch model is BiGramTouchModelWithEngine.
06-11 09:36:22.884  2781  2841 I A00000/ohos_jni_EngineHelper: SetCloudCache
06-11 09:36:22.884  2781  2841 I A00000/ohos_jni_CloudCache: Set path
06-11 09:36:22.884  2781  2841 I A00000/ohos_jni_CloudCache: File doesn't exist'
06-11 09:36:22.884  2781  2841 I A00000/ohos_jni_EngineHelper: InitEngine ret:0 fbe:0 
06-11 09:36:22.884  2781  2841 I A00000/ohos_jni_EngineHelper: InitEngine costTime :71314 us
06-11 09:36:22.885  2781  2841 I A000ff/HMKeyboard_EngineWorker: loadSensitiveDict call.
06-11 09:36:22.885  2781  2841 I A000ff/HMKeyboard_EngineWorker: loadDeleteWordDict call.
06-11 09:36:22.885  2781  2841 I A000ff/HMKeyboard_EngineWorker: language:0, layout:1
06-11 09:36:22.885  2781  2841 I A00000/ohos_jni_EngineHelper: SetLanguageAndLayout, language:0, layout:1
06-11 09:36:22.885  2781  2841 I A00000/ohos_jni_PyEngineWrapper: Set Param key:par_param_method value:131329
06-11 09:36:22.885  2781  2841 I A00000/ohos_jni_PyEngineWrapper: Set Param result:0
06-11 09:36:22.885  2781  2841 I A00000/ohos_jni_PyEngineWrapper: Stop pinyin Engine
06-11 09:36:22.885  2781  2841 I A00000/ohos_jni_PyEngineWrapper: Stop pinyin Engine result:0 status:0
06-11 09:36:22.885  2781  2841 I A00000/ohos_jni_PyEngineWrapper: Start pinyin Engine
06-11 09:36:22.886  2781  2841 I A00000/ohos_jni_PyEngineWrapper: Start pinyin Engine result:0, status:0
06-11 09:36:22.886  2781  2841 I A00000/ohos_jni_PyEngineWrapper: Set Param key:imedec_param_asso_fallback value:0
06-11 09:36:22.886  2781  2841 I A00000/ohos_jni_PyEngineWrapper: Set Param result:0
06-11 09:36:22.886  2781  2841 I A00000/ohos_jni_PyEngineWrapper: Set Param key:resMgr_param_usrdict_add_contact_dedup value:1
06-11 09:36:22.886  2781  2841 I A00000/ohos_jni_PyEngineWrapper: Set Param result:0
06-11 09:36:22.886  2781  2841 I A00000/ohos_jni_PyEngineWrapper: Set Param key:resMgr_param_usrdict_add_contact_dedup_min_len value:4
06-11 09:36:22.886  2781  2841 I A00000/ohos_jni_PyEngineWrapper: Set Param result:0
06-11 09:36:22.886  2781  2841 I A00000/ohos_jni_PyEngineWrapper: Set Param key:resMgr_param_usrdict_add_uncontact_dedup value:1
06-11 09:36:22.886  2781  2841 I A00000/ohos_jni_PyEngineWrapper: Set Param result:0
06-11 09:36:22.886  2781  2841 I A00000/ohos_jni_PyEngineWrapper: Set Param key:resMgr_param_usrdict_add_uncontact_dedup_min_len value:1
06-11 09:36:22.886  2781  2841 I A00000/ohos_jni_PyEngineWrapper: Set Param result:0
06-11 09:36:22.886  2781  2841 I A00000/ohos_jni_PyEngineWrapper: Set Param key:imedec_param_top_n_value value:3
06-11 09:36:22.886  2781  2841 I A00000/ohos_jni_PyEngineWrapper: Set Param result:0
06-11 09:36:22.886  2781  2841 I A00000/ohos_jni_PyEngineWrapper: Set Param key:rlt_param_rnn_top_n value:6
06-11 09:36:22.886  2781  2841 I A00000/ohos_jni_PyEngineWrapper: Set Param result:0
06-11 09:36:22.886  2781  2841 I A00000/ohos_jni_PyEngineWrapper: Set Param key:imedec_param_uncombine_nodes_beam value:200
06-11 09:36:22.886  2781  2841 I A00000/ohos_jni_PyEngineWrapper: Set Param result:0
06-11 09:36:22.886  2781  2841 I A00000/ohos_jni_PyEngineWrapper: Set Param key:par_param_method value:131329
06-11 09:36:22.886  2781  2841 I A00000/ohos_jni_PyEngineWrapper: Set Param result:0
06-11 09:36:22.886  2781  2841 I A00000/ohos_jni_PyEngineWrapper: Stop pinyin Engine
06-11 09:36:22.886  2781  2841 I A00000/ohos_jni_PyEngineWrapper: Stop pinyin Engine result:0 status:0
06-11 09:36:22.886  2781  2841 I A00000/ohos_jni_PyEngineWrapper: Start pinyin Engine
06-11 09:36:22.886  2781  2841 I A00000/ohos_jni_PyEngineWrapper: Start pinyin Engine result:0, status:0
06-11 09:36:22.886  2781  2841 I A00000/ohos_jni_PyEngineWrapper: Set Param key:ipt_param_fuzzypy value:0
06-11 09:36:22.886  2781  2841 I A00000/ohos_jni_PyEngineWrapper: Set Param result:0
06-11 09:36:22.886  2781  2841 I A00000/ohos_jni_ConfigManager: SetChEnMix:1
06-11 09:36:22.886  2781  2841 I A00000/ohos_jni_PyEngineWrapper: Set Param key:par_param_method value:131337
06-11 09:36:22.886  2781  2841 I A00000/ohos_jni_PyEngineWrapper: Set Param result:0
06-11 09:36:22.886  2781  2841 I A00000/ohos_jni_PyEngineWrapper: Stop pinyin Engine
06-11 09:36:22.887  2781  2841 I A00000/ohos_jni_PyEngineWrapper: Stop pinyin Engine result:0 status:0
06-11 09:36:22.887  2781  2841 I A00000/ohos_jni_PyEngineWrapper: Start pinyin Engine
06-11 09:36:22.887  2781  2841 I A00000/ohos_jni_PyEngineWrapper: Start pinyin Engine result:0, status:0
06-11 09:36:22.887  2781  2841 I A00000/ohos_jni_EngineHelper: SetLanguageAndLayout end
06-11 09:36:22.887  2781  2841 I A00000/ohos_jni_EngineHelper: SetParameter key:10, value:0
06-11 09:36:22.887  2781  2841 I A00000/ohos_jni_EngineHelper: SetParameter key:0, value:0
06-11 09:36:22.887  2781  2841 I A00000/ohos_jni_PyEngineWrapper: Set Param key:par_param_method value:131337
06-11 09:36:22.887  2781  2841 I A00000/ohos_jni_PyEngineWrapper: Set Param result:0
06-11 09:36:22.887  2781  2841 I A00000/ohos_jni_PyEngineWrapper: Stop pinyin Engine
06-11 09:36:22.887  2781  2841 I A00000/ohos_jni_PyEngineWrapper: Stop pinyin Engine result:0 status:0
06-11 09:36:22.887  2781  2841 I A00000/ohos_jni_PyEngineWrapper: Start pinyin Engine
06-11 09:36:22.887  2781  2841 I A00000/ohos_jni_PyEngineWrapper: Start pinyin Engine result:0, status:0
06-11 09:36:22.887  2781  2841 I A00000/ohos_jni_PyEngineWrapper: Set Param key:ipt_param_fuzzypy value:0
06-11 09:36:22.887  2781  2841 I A00000/ohos_jni_PyEngineWrapper: Set Param result:0
06-11 09:36:22.887  2781  2841 I A00000/ohos_jni_EngineHelper: SetParameter key:1, value:1
06-11 09:36:22.887  2781  2841 I A00000/ohos_jni_EngineHelper: SetParameter key:2, value:1
06-11 09:36:22.887  2781  2841 I A00000/ohos_jni_ConfigManager: SetChEnMix:1
06-11 09:36:22.887  2781  2841 I A00000/ohos_jni_PyEngineWrapper: Set Param key:par_param_method value:131337
06-11 09:36:22.887  2781  2841 I A00000/ohos_jni_PyEngineWrapper: Set Param result:0
06-11 09:36:22.887  2781  2841 I A00000/ohos_jni_PyEngineWrapper: Stop pinyin Engine
06-11 09:36:22.887  2781  2841 I A00000/ohos_jni_PyEngineWrapper: Stop pinyin Engine result:0 status:0
06-11 09:36:22.887  2781  2841 I A00000/ohos_jni_PyEngineWrapper: Start pinyin Engine
06-11 09:36:22.887  2781  2841 I A00000/ohos_jni_PyEngineWrapper: Start pinyin Engine result:0, status:0
06-11 09:36:22.887  2781  2841 I A00000/ohos_jni_EngineHelper: SetParameter key:11, value:1
06-11 09:36:22.887  2781  2841 I A00000/ohos_jni_EngineHelper: SetParameter key:13, value:1
06-11 09:36:22.887  2781  2841 I A00000/ohos_jni_PyEngineWrapper: Set Param key:rlt_param_en_emoji_dec value:1
06-11 09:36:22.887  2781  2841 I A00000/ohos_jni_PyEngineWrapper: Set Param result:0
06-11 09:36:22.887  2781  2841 I A00000/ohos_jni_PyEngineWrapper: Set Param key:imedec_param_en_emoji value:1
06-11 09:36:22.887  2781  2841 I A00000/ohos_jni_PyEngineWrapper: Set Param result:0
06-11 09:36:22.887  2781  2841 I A00000/ohos_jni_EngineHelper: SetParameter key:12, value:0
06-11 09:36:22.887  2781  2841 I A00000/ohos_jni_EngineHelper: SetParameter key:3, value:0
06-11 09:36:22.887  2781  2841 I A00000/ohos_jni_PyEngineWrapper: Set Param key:par_param_trad2simp value:0
06-11 09:36:22.888  2781  2841 I A00000/ohos_jni_PyEngineWrapper: Set Param result:0
06-11 09:36:22.888  2781  2841 I A00000/ohos_jni_EngineHelper: SetParameter key:16, value:1
06-11 09:36:22.888  2781  2841 I A00000/ohos_jni_PyEngineWrapper: Set Param key:act_param_en_scene value:1
06-11 09:36:22.888  2781  2841 I A00000/ohos_jni_PyEngineWrapper: Set Param result:0
06-11 09:36:22.888  2781  2841 I A000ff/HMKeyboard_EngineWorker: isThumbKbdMode is false, keys len：26
06-11 09:36:22.888  2781  2841 I A00000/ohos_jni_EngineHelper: SetProximityInfo, kbdWidth:387, kbdHeight:218, horizontalGap:5, verticalGap:12, isThumbKbdMode:0, num of keys:26
06-11 09:36:22.889  2781  2841 I A00000/ohos_jni_IntelligentTouchModel: Update touch model state
06-11 09:36:22.889  2781  2841 I A00000/ohos_jni_PyEngineWrapper: Set Param key:ipt_param_layout value:5,0,24,50,62,106,37,56
06-11 09:36:22.889  2781  2841 I A00000/ohos_jni_PyEngineWrapper: Set Param result:0
06-11 09:36:22.889  2781  2841 I A00000/ohos_jni_EngineHelper: SetProximityInfo end
06-11 09:36:22.889  2781  2841 I A000ff/HMKeyboard_EngineWorker: unLoadSceneResource
06-11 09:36:22.889  2781  2841 I A000ff/HMKeyboard_EngineWorker: setAppAttributesAndSandBoxPath
06-11 09:36:22.889  2704  2704 I A04200/WINDOW: SCBSystemSceneSession --> constructor, id: 37, type: 10, systemName: SCBKeyboardDialog28
06-11 09:36:22.889  2704  2704 I A04200/WINDOW: SCBSystemSceneSession --> setSessionTouchable:true this.sessionChangeCallback:undefined
06-11 09:36:22.890  2781  2781 I A000ff/HMKeyboard_KeyboardController: keyboardHideState -> true
06-11 09:36:22.890  2781  2781 I A000ff/HMKeyboard_KeyboardController: tryShowWindow. force: false, isCeliaKeyboard -> true
06-11 09:36:22.890  2704  2704 I A04200/WINDOW: SCBSceneSessionManager --> [SCBSystem]requestSystemSceneSession: SCBKeyboardDialog28, screenId: 0 persistentId: 37 sceneType:2
06-11 09:36:22.890  2781  2781 I A000ff/HMKeyboard_functionView: onClipBoardContentChange, length: 0
06-11 09:36:22.891  2781  2781 I A000ff/HMKeyboard_functionView: isShowClip : false
06-11 09:36:22.891  2704  2704 I A04200/WINDOW: SCBSceneContainerSession --> [SCBKeyboard] scene session, persistentId: 36
06-11 09:36:22.891  2704  2704 I A04200/WINDOW: SCBKeyboardSession --> callingSessionId: 36, old isKeyboardEnableShow: false, new isKeyboardEnableShow: true
06-11 09:36:22.891  2781  2781 I A000ff/HMKeyboard_ClipboardManager: checkIfNeedCutData: capacity(100) this.clipDataList(1)
06-11 09:36:22.891  2781  2781 I A000ff/HMKeyboard_PrivateCommandManage: sendPrivateCommand: {"sys_cmd":1,"toolbarPaddingLeft":0,"toolbarPaddingRight":0}
06-11 09:36:22.892  2781  2781 I A000ff/HMKeyboard_PrivateCommandManage: sendPrivateCommand: {"sys_cmd":1,"patternOption":0}
06-11 09:36:22.892  2781  2781 I A000ff/HMKeyboard_KeyboardController: isKeyboardWindowShowing: false
06-11 09:36:22.892  2704  2704 I A04200/WINDOW: SCBScene --> [SCBKeyboard] id: 36, update keyboard offSet: 0
06-11 09:36:22.892  2704  2704 I A01b00/SCB: SCBKeyboardManager --> onKeyboardStateChange, persistentId: 3, callingSessionId: 36, sessionState: 2
06-11 09:36:22.892  2781  2781 W A000ff/HMKeyboard_AudioAndHapticFeedba: asyncPreloadSound. currentThemeVolume <= 0. so ignore.
06-11 09:36:22.892  2704  2704 I A01b00/SCB: SCBKeyboardManager --> updateKeyboardState typeof SCBSceneSession
06-11 09:36:22.893  2704  2704 I A01b00/SCB: SCBKeyboardManager --> getKeyboardState, isScreenLocked: false, showBelowKeyguard: true, specificPanel: undefined, type: 1
06-11 09:36:22.893  2781  2781 I A000ff/HMKeyboard_KbdHwIdManager: no login, ignore
06-11 09:36:22.893  2781  2781 I A000ff/HMKeyboard_KeyboardController: hideKeyboardSelf: true
06-11 09:36:22.893  2704  2704 I A04200/WINDOW: SCBSceneContainerSession --> [SCBKeyboard] scene session, persistentId: 36
06-11 09:36:22.893  2781  2781 I A000ff/HMKeyboard_EventBus: dispatch: eventID=256
06-11 09:36:22.893  2781  2781 I A000ff/HMKeyboard_KeyboardPyWindow: dismiss
06-11 09:36:22.895  2704  2704 I A01b00/SCB: SCBKeyboardManager --> getKeyboardState, keyboardState: 1
06-11 09:36:22.895  2704  2704 I A01b00/SCB: SCBKeyboardManager --> updateKeyboardContainer, newKeyboardState: 1, curKeyboardState: 0, sessionState: 2, isActive: true
06-11 09:36:22.895  2781  2781 I A000ff/HMKeyboard_KeyboardPyWindow: clearTurnFoldPageStatusData
06-11 09:36:22.896  2704  2704 E A0ff00/SEARCH: [HiSearch] --> [SceneCommonUIExtEvents], Proxy is not exist
06-11 09:36:22.896  2704  2704 I A0ff00/SEARCH: [HiSearch] --> [SceneCommonUIExtEvents], sendEvents: keyboardHeight
06-11 09:36:22.896  2704  2704 I A0ff00/SEARCH: [HiSearch] --> HiSearchComponent, keyboardHeight, 1020
06-11 09:36:22.896  2781  2781 I A000ff/HMKeyboard_pages_index: onPause
06-11 09:36:22.897  2781  2781 I A000ff/HMKeyboard_FloatKbdEditPopHelpe: destroy, windowState: 0
06-11 09:36:22.897  2781  2781 I A000ff/HMKeyboard_CommonDialogWindow: CommonDialogWindow dismiss
06-11 09:36:22.897  2704  2704 E A04200/WINDOW: SCBScreen --> [SCBKeyboard] Input session is null, getKeyboardSession
06-11 09:36:22.898  2704  2704 I A04200/WINDOW: SCBKeyboardSession --> openKeyboardSyncTransaction id: 3
06-11 09:36:22.899  2704  2704 I A04200/WINDOW: SCBInputMethodHelper --> inputShowCallback isKeyboardShow: true sessionGravity: 1 callingSessionId: 36
06-11 09:36:22.899  2781  2781 I A000ff/HMKeyboard_KeyboardController: hideWindow success
06-11 09:36:22.899  2704  2704 I A04200/WINDOW: SCBSplitManager --> ifAvoidInputMethodNeeded false, isSplit: falseisUpDown: true isOneStepSplit: false
06-11 09:36:22.899  2704  2704 W A01b00/SCB: SCBKeyboardManager --> NotifyAnimationSyncCallbacks, callName: 1
06-11 09:36:22.904  2781  2781 I A000ff/HMKeyboard_WorkDispatcher: call cancelWork
06-11 09:36:22.905  2704  2704 I A04200/WINDOW: SCBIMFKeyboardPanel --> disableShow, newState: 1, curState: 2, name: BelowSpecificScene
06-11 09:36:22.905  2704  2704 I A04200/WINDOW: SCBIMFKeyboardPanel --> disableShow, newState: 1, curState: 4, name: AboveSpecificScene
06-11 09:36:22.906  2704  2704 E A04200/WINDOW: SCBIMFKeyboardPanel --> [SCBKeyboardPanel] Input session is null
06-11 09:36:22.906  2704  2704 I A04200/WINDOW: SCBIMFKeyboardPanel --> disableShow, newState: 1, curState: 6, name: AboveFloatContainerScene
06-11 09:36:22.909  2781  2781 I A000ff/HMKeyboard_KeyboardModeManager: hidePanel
06-11 09:36:22.909  2781  2781 I A000ff/HMKeyboard_InputPanel: do hide this windowName: imeWindow
06-11 09:36:22.909  2781  2781 I A000ff/HMKeyboard_KeyboardController: first show startup page. isStartPageShowed -> false, accountPrivacyState -> true
06-11 09:36:22.909  2781  2781 I A000ff/HMKeyboard_RouterHelper: uri:pages/permission/StartupPage
06-11 09:36:22.910  2781  2781 I A000ff/HMKeyboard_HiAnalyticsCollector: panelId is 471ad977-2965-41c6-bbc4-962249e93ccc
06-11 09:36:22.910  2781  2781 I A000ff/HMKeyboard_InputPanel: setPrivacyMode: false
06-11 09:36:22.910  2781  2781 I A000ff/HMKeyboard_TradZhInputHelper: isZYMainKeyboard subtype is undefined.
06-11 09:36:22.911  2781  2781 I A000ff/HMKeyboard_DurationUtil: end:{'type': 3, value: 107}
06-11 09:36:22.911  2781  2781 I A000ff/HMKeyboard_InputManager: resetLanguageLayoutAndParams
06-11 09:36:22.911  2781  2781 I A000ff/HMKeyboard_EngineTool: setLanguageAndLayout call.
06-11 09:36:22.911  2781  2781 I A000ff/HMKeyboard_InputManager: initEngineParameters
06-11 09:36:22.911  2781  2781 I A000ff/HMKeyboard_InputManager: initEngineParameters normal else
06-11 09:36:22.911  2781  2841 I A000ff/HMKeyboard_EngineWorker: language:0, layout:1
06-11 09:36:22.911  2781  2841 I A00000/ohos_jni_EngineHelper: SetLanguageAndLayout, language:0, layout:1
06-11 09:36:22.911  2781  2841 I A00000/ohos_jni_PyEngineWrapper: Set Param key:par_param_method value:131329
06-11 09:36:22.911  2781  2841 I A00000/ohos_jni_PyEngineWrapper: Set Param result:0
06-11 09:36:22.911  2781  2841 I A00000/ohos_jni_PyEngineWrapper: Stop pinyin Engine
06-11 09:36:22.912  2781  2841 I A00000/ohos_jni_PyEngineWrapper: Stop pinyin Engine result:0 status:0
06-11 09:36:22.912  2781  2841 I A00000/ohos_jni_PyEngineWrapper: Start pinyin Engine
06-11 09:36:22.912  2781  2841 I A00000/ohos_jni_PyEngineWrapper: Start pinyin Engine result:0, status:0
06-11 09:36:22.912  2781  2841 I A00000/ohos_jni_PyEngineWrapper: Set Param key:imedec_param_asso_fallback value:0
06-11 09:36:22.912  2781  2841 I A00000/ohos_jni_PyEngineWrapper: Set Param result:0
06-11 09:36:22.912  2781  2841 I A00000/ohos_jni_PyEngineWrapper: Set Param key:resMgr_param_usrdict_add_contact_dedup value:1
06-11 09:36:22.912  2781  2841 I A00000/ohos_jni_PyEngineWrapper: Set Param result:0
06-11 09:36:22.912  2781  2841 I A00000/ohos_jni_PyEngineWrapper: Set Param key:resMgr_param_usrdict_add_contact_dedup_min_len value:4
06-11 09:36:22.912  2781  2841 I A00000/ohos_jni_PyEngineWrapper: Set Param result:0
06-11 09:36:22.912  2781  2841 I A00000/ohos_jni_PyEngineWrapper: Set Param key:resMgr_param_usrdict_add_uncontact_dedup value:1
06-11 09:36:22.912  2781  2841 I A00000/ohos_jni_PyEngineWrapper: Set Param result:0
06-11 09:36:22.912  2781  2841 I A00000/ohos_jni_PyEngineWrapper: Set Param key:resMgr_param_usrdict_add_uncontact_dedup_min_len value:1
06-11 09:36:22.912  2781  2841 I A00000/ohos_jni_PyEngineWrapper: Set Param result:0
06-11 09:36:22.912  2781  2841 I A00000/ohos_jni_PyEngineWrapper: Set Param key:imedec_param_top_n_value value:3
06-11 09:36:22.912  2781  2841 I A00000/ohos_jni_PyEngineWrapper: Set Param result:0
06-11 09:36:22.912  2781  2841 I A00000/ohos_jni_PyEngineWrapper: Set Param key:rlt_param_rnn_top_n value:6
06-11 09:36:22.912  2781  2841 I A00000/ohos_jni_PyEngineWrapper: Set Param result:0
06-11 09:36:22.912  2781  2841 I A00000/ohos_jni_PyEngineWrapper: Set Param key:imedec_param_uncombine_nodes_beam value:200
06-11 09:36:22.912  2781  2841 I A00000/ohos_jni_PyEngineWrapper: Set Param result:0
06-11 09:36:22.912  2704  2704 I A04200/WINDOW: SCBScene --> [SCBKeyboard] persistentId 36 isKeyboardEnableShow change true
06-11 09:36:22.912  2781  2841 I A00000/ohos_jni_PyEngineWrapper: Set Param key:par_param_method value:131329
06-11 09:36:22.912  2781  2841 I A00000/ohos_jni_PyEngineWrapper: Set Param result:0
06-11 09:36:22.912  2781  2841 I A00000/ohos_jni_PyEngineWrapper: Stop pinyin Engine
06-11 09:36:22.912  2704  2704 I A04200/WINDOW: SCBInputMethodHelper --> [SCBKeyboard] callingSession is scene session, windowId: 36
06-11 09:36:22.912  2781  2841 I A00000/ohos_jni_PyEngineWrapper: Stop pinyin Engine result:0 status:0
06-11 09:36:22.912  2781  2841 I A00000/ohos_jni_PyEngineWrapper: Start pinyin Engine
06-11 09:36:22.912  2704  2704 I A04200/WINDOW: SCBInputMethodHelper --> enableShowInputMethodForSplit false
06-11 09:36:22.912  2781  2841 I A00000/ohos_jni_PyEngineWrapper: Start pinyin Engine result:0, status:0
06-11 09:36:22.912  2781  2841 I A00000/ohos_jni_PyEngineWrapper: Set Param key:ipt_param_fuzzypy value:0
06-11 09:36:22.912  2781  2841 I A00000/ohos_jni_PyEngineWrapper: Set Param result:0
06-11 09:36:22.912  2781  2841 I A00000/ohos_jni_ConfigManager: SetChEnMix:1
06-11 09:36:22.912  2781  2841 I A00000/ohos_jni_PyEngineWrapper: Set Param key:par_param_method value:131337
06-11 09:36:22.912  2781  2841 I A00000/ohos_jni_PyEngineWrapper: Set Param result:0
06-11 09:36:22.912  2781  2841 I A00000/ohos_jni_PyEngineWrapper: Stop pinyin Engine
06-11 09:36:22.913  2781  2841 I A00000/ohos_jni_PyEngineWrapper: Stop pinyin Engine result:0 status:0
06-11 09:36:22.913  2781  2841 I A00000/ohos_jni_PyEngineWrapper: Start pinyin Engine
06-11 09:36:22.913  2781  2841 I A00000/ohos_jni_PyEngineWrapper: Start pinyin Engine result:0, status:0
06-11 09:36:22.913  2781  2841 I A00000/ohos_jni_EngineHelper: SetLanguageAndLayout end
06-11 09:36:22.913  2781  2841 I A00000/ohos_jni_EngineHelper: SetParameter key:10, value:0
06-11 09:36:22.914  2704  2704 I A04200/WINDOW: SCBScene --> [SCBKeyboard] callingSession is scene session, callingSessionId: 36
06-11 09:36:22.916  2704  2704 I A04200/WINDOW: SCBIMFKeyboardPanel --> disableShow, newState: 1, curState: 6, name: AboveFloatContainerScene
06-11 09:36:22.921  2704  2704 I A04200/WINDOW: SCBIMFKeyboardPanel --> aboutToAppear, name:BelowScenePanel, keyboardRect:undefined, panelRect:undefined
06-11 09:36:22.935  2704  2704 I A01b00/SCB: SCBKeyboardManager --> registerKeyboardChangeCallback, size:4, nameBelowScenePanel
06-11 09:36:22.936  2704  2704 E A04200/WINDOW: SCBIMFKeyboardPanel --> [SCBKeyboardPanel] Input session is null
06-11 09:36:22.936  2704  2704 I A04200/WINDOW: SCBIMFKeyboardPanel --> disableShow, newState: 1, curState: 1, name: BelowScenePanel
06-11 09:36:22.940  2704  2704 I A04200/WINDOW: SCBScreen --> [SCBKeyboardAnimate] translate: 0, keyboardOffset: 0, isActive: true, animCnt: 1
06-11 09:36:22.941  2704  2704 I A04200/WINDOW: SCBIMFKeyboardPanel --> disableShow, newState: 1, curState: 2, name: BelowSpecificScene
06-11 09:36:22.941  2704  2704 I A04200/WINDOW: SCBIMFKeyboardPanel --> disableShow, newState: 1, curState: 4, name: AboveSpecificScene
06-11 09:36:22.942  2704  2704 I A04200/WINDOW: SCBIMFKeyboardPanel --> disableShow, newState: 1, curState: 6, name: AboveFloatContainerScene
06-11 09:36:22.943  2704  2704 I A04200/WINDOW: SCBIMFKeyboardPanel --> enableShow, newState: 1 name: BelowScenePanel isActive: true
06-11 09:36:22.946  2704  2704 I A04200/WINDOW: SCBIMFKeyboardPanel --> Keyboard aboutToAppear, id: 3, name: BelowScenePanel, currRect: [0, 1700, 1260, 874], rectForFingerprint: [0, 1700, 1260, 1020]
06-11 09:36:22.947  2704  2704 I A04200/WINDOW: SCBIMFKeyboardPanel --> ShowKeyboard, id: 3, type: 4
06-11 09:36:22.964  2704  2704 I A04200/WINDOW: SCBIMFKeyboardPanel --> enable show dialog, this.isShowDialog = false
06-11 09:36:22.966  2704  2704 I A01b00/SCB: SCBKeyboardManager --> registerkeyboardGravityChangeCallbacks
06-11 09:36:22.969  2781  2781 I A000ff/HMKeyboard_SettingService: result=0
06-11 09:36:22.970  2781  2841 I A00000/ohos_jni_EngineHelper: SetParameter key:0, value:0
06-11 09:36:22.970  2781  2841 I A00000/ohos_jni_PyEngineWrapper: Set Param key:par_param_method value:131337
06-11 09:36:22.970  2781  2841 I A00000/ohos_jni_PyEngineWrapper: Set Param result:0
06-11 09:36:22.970  2781  2841 I A00000/ohos_jni_PyEngineWrapper: Stop pinyin Engine
06-11 09:36:22.970  2781  2781 I A000ff/HMKeyboard_ZhEngine: tryToLoadSceneDict
06-11 09:36:22.971  2781  2781 I A000ff/HMKeyboard_InputManager: initEngineParameters
06-11 09:36:22.971  2781  2781 I A000ff/HMKeyboard_InputManager: initEngineParameters normal else
06-11 09:36:22.971  2781  2841 I A00000/ohos_jni_PyEngineWrapper: Stop pinyin Engine result:0 status:0
06-11 09:36:22.971  2781  2781 I A000ff/HMKeyboard_SettingService: result=0
06-11 09:36:22.971  2781  2841 I A00000/ohos_jni_PyEngineWrapper: Start pinyin Engine
06-11 09:36:22.971  2781  2841 I A00000/ohos_jni_PyEngineWrapper: Start pinyin Engine result:0, status:0
06-11 09:36:22.971  2781  2841 I A00000/ohos_jni_PyEngineWrapper: Set Param key:ipt_param_fuzzypy value:0
06-11 09:36:22.971  2781  2841 I A00000/ohos_jni_PyEngineWrapper: Set Param result:0
06-11 09:36:22.971  2781  2841 I A00000/ohos_jni_EngineHelper: SetParameter key:1, value:1
06-11 09:36:22.971  2781  2841 I A00000/ohos_jni_EngineHelper: SetParameter key:2, value:1
06-11 09:36:22.971  2781  2841 I A00000/ohos_jni_ConfigManager: SetChEnMix:1
06-11 09:36:22.971  2781  2841 I A00000/ohos_jni_PyEngineWrapper: Set Param key:par_param_method value:131337
06-11 09:36:22.971  2781  2841 I A00000/ohos_jni_PyEngineWrapper: Set Param result:0
06-11 09:36:22.971  2781  2841 I A00000/ohos_jni_PyEngineWrapper: Stop pinyin Engine
06-11 09:36:22.971  2781  2781 I A000ff/HMKeyboard_ZhEngine: tryToLoadSceneDict
06-11 09:36:22.971  2781  2841 I A00000/ohos_jni_PyEngineWrapper: Stop pinyin Engine result:0 status:0
06-11 09:36:22.971  2781  2841 I A00000/ohos_jni_PyEngineWrapper: Start pinyin Engine
06-11 09:36:22.971  2781  2781 I A000ff/HMKeyboard_EngineTool: update pydict version
06-11 09:36:22.971  2781  2781 I A000ff/HMKeyboard_EngineTool: init result: true
06-11 09:36:22.971  2781  2781 I A000ff/HMKeyboard_EngineTool: unLoadSceneResource call.
06-11 09:36:22.971  2781  2841 I A00000/ohos_jni_PyEngineWrapper: Start pinyin Engine result:0, status:0
06-11 09:36:22.971  2781  2781 I A000ff/HMKeyboard_EngineTool: unLoadSceneResource call.
06-11 09:36:22.971  2704  2704 I A04200/WINDOW: SCBIMFKeyboardPanelBar --> [SCBKeyboard] getRightIcon this.isSmartClicked = false
06-11 09:36:22.971  2781  2841 I A00000/ohos_jni_EngineHelper: SetParameter key:11, value:1
06-11 09:36:22.971  2781  2841 I A00000/ohos_jni_EngineHelper: SetParameter key:13, value:1
06-11 09:36:22.972  2781  2841 I A00000/ohos_jni_PyEngineWrapper: Set Param key:rlt_param_en_emoji_dec value:1
06-11 09:36:22.972  2781  2841 I A00000/ohos_jni_PyEngineWrapper: Set Param result:0
06-11 09:36:22.972  2781  2841 I A00000/ohos_jni_PyEngineWrapper: Set Param key:imedec_param_en_emoji value:1
06-11 09:36:22.972  2781  2841 I A00000/ohos_jni_PyEngineWrapper: Set Param result:0
06-11 09:36:22.972  2781  2841 I A00000/ohos_jni_EngineHelper: SetParameter key:12, value:0
06-11 09:36:22.972  2781  2841 I A00000/ohos_jni_EngineHelper: SetParameter key:3, value:0
06-11 09:36:22.972  2781  2841 I A00000/ohos_jni_PyEngineWrapper: Set Param key:par_param_trad2simp value:0
06-11 09:36:22.972  2781  2841 I A00000/ohos_jni_PyEngineWrapper: Set Param result:0
06-11 09:36:22.972  2781  2841 I A00000/ohos_jni_EngineHelper: SetParameter key:16, value:1
06-11 09:36:22.972  2781  2841 I A00000/ohos_jni_PyEngineWrapper: Set Param key:act_param_en_scene value:1
06-11 09:36:22.972  2781  2841 I A00000/ohos_jni_PyEngineWrapper: Set Param result:0
06-11 09:36:22.972  2781  2841 I A00000/ohos_jni_EngineHelper: SetParameter key:10, value:0
06-11 09:36:22.972  2781  2841 I A00000/ohos_jni_EngineHelper: SetParameter key:0, value:0
06-11 09:36:22.972  2781  2841 I A00000/ohos_jni_PyEngineWrapper: Set Param key:par_param_method value:131337
06-11 09:36:22.972  2781  2841 I A00000/ohos_jni_PyEngineWrapper: Set Param result:0
06-11 09:36:22.972  2781  2841 I A00000/ohos_jni_PyEngineWrapper: Stop pinyin Engine
06-11 09:36:22.972  2781  2841 I A00000/ohos_jni_PyEngineWrapper: Stop pinyin Engine result:0 status:0
06-11 09:36:22.972  2781  2841 I A00000/ohos_jni_PyEngineWrapper: Start pinyin Engine
06-11 09:36:22.972  2781  2841 I A00000/ohos_jni_PyEngineWrapper: Start pinyin Engine result:0, status:0
06-11 09:36:22.972  2781  2841 I A00000/ohos_jni_PyEngineWrapper: Set Param key:ipt_param_fuzzypy value:0
06-11 09:36:22.972  2781  2841 I A00000/ohos_jni_PyEngineWrapper: Set Param result:0
06-11 09:36:22.972  2781  2841 I A00000/ohos_jni_EngineHelper: SetParameter key:1, value:1
06-11 09:36:22.972  2781  2841 I A00000/ohos_jni_EngineHelper: SetParameter key:2, value:1
06-11 09:36:22.972  2781  2841 I A00000/ohos_jni_ConfigManager: SetChEnMix:1
06-11 09:36:22.972  2781  2841 I A00000/ohos_jni_PyEngineWrapper: Set Param key:par_param_method value:131337
06-11 09:36:22.972  2781  2841 I A00000/ohos_jni_PyEngineWrapper: Set Param result:0
06-11 09:36:22.972  2781  2841 I A00000/ohos_jni_PyEngineWrapper: Stop pinyin Engine
06-11 09:36:22.972  2781  2841 I A00000/ohos_jni_PyEngineWrapper: Stop pinyin Engine result:0 status:0
06-11 09:36:22.972  2781  2841 I A00000/ohos_jni_PyEngineWrapper: Start pinyin Engine
06-11 09:36:22.972  2781  2841 I A00000/ohos_jni_PyEngineWrapper: Start pinyin Engine result:0, status:0
06-11 09:36:22.972  2781  2841 I A00000/ohos_jni_EngineHelper: SetParameter key:11, value:1
06-11 09:36:22.972  2781  2841 I A00000/ohos_jni_EngineHelper: SetParameter key:13, value:1
06-11 09:36:22.972  2781  2841 I A00000/ohos_jni_PyEngineWrapper: Set Param key:rlt_param_en_emoji_dec value:1
06-11 09:36:22.973  2781  2841 I A00000/ohos_jni_PyEngineWrapper: Set Param result:0
06-11 09:36:22.973  2781  2841 I A00000/ohos_jni_PyEngineWrapper: Set Param key:imedec_param_en_emoji value:1
06-11 09:36:22.973  2781  2841 I A00000/ohos_jni_PyEngineWrapper: Set Param result:0
06-11 09:36:22.973  2781  2841 I A00000/ohos_jni_EngineHelper: SetParameter key:12, value:0
06-11 09:36:22.973  2781  2841 I A00000/ohos_jni_EngineHelper: SetParameter key:3, value:0
06-11 09:36:22.973  2781  2841 I A00000/ohos_jni_PyEngineWrapper: Set Param key:par_param_trad2simp value:0
06-11 09:36:22.973  2781  2841 I A00000/ohos_jni_PyEngineWrapper: Set Param result:0
06-11 09:36:22.973  2781  2841 I A00000/ohos_jni_EngineHelper: SetParameter key:16, value:1
06-11 09:36:22.973  2781  2841 I A00000/ohos_jni_PyEngineWrapper: Set Param key:act_param_en_scene value:1
06-11 09:36:22.973  2781  2841 I A00000/ohos_jni_PyEngineWrapper: Set Param result:0
06-11 09:36:22.973  2781  2841 I A00000/ohos_jni_EngineHelper: SetParameter key:15, value:2
06-11 09:36:22.973  2781  2841 I A000ff/HMKeyboard_EngineWorker: unLoadSceneResource
06-11 09:36:22.973  2781  2841 I A000ff/HMKeyboard_EngineWorker: unLoadSceneResource
06-11 09:36:22.973  2781  2781 I A000ff/HMKeyboard_IndexRefresh: this.buildStatus = true, this.buildLock = true
06-11 09:36:22.974  2781  2781 I A000ff/HMKeyboard_KeyboardCanvas: canvas onDisAppear enter
06-11 09:36:22.977  2704  2704 I A04200/WINDOW: SCBKeyboardSession --> id: 3, isKeyboardShow: true, isRotating: false
06-11 09:36:22.977  2704  2704 I A04200/WINDOW: SCBScreen --> [SCBKeyboard] changeKeyboardState end, keyboardState: 1, isActive: true
06-11 09:36:22.977  2704  2704 I A01b00/SCB: SCBKeyboardPanelManager --> sceneSessionManager.KeyboardViewMode: 0
06-11 09:36:22.977  2704  2704 I A04200/WINDOW: SCBKeyboardSession --> keyboardStateChange, keyboardViewMode is: 0
06-11 09:36:22.977  2704  2704 I A04200/WINDOW: SCBSceneSessionManager --> not find in virtual screen, window id is : 36
06-11 09:36:22.977  2704  2704 I A04200/WINDOW: SCBKeyboardSession --> notifyKeyboardStateChange, state is: 3, callingScreenId is: 0,
06-11 09:36:22.977  2704  2704 I A04200/WINDOW:       mainScreenId is: 0
06-11 09:36:22.977  2704  2704 I A04200/WINDOW: SCBKeyboardSession --> onSessionStateChange, id: 3, state: 3
06-11 09:36:22.977  2704  2704 I A04200/WINDOW: SCBKeyboardSession --> Skip state change, SessionState: 3
06-11 09:36:22.977  2704  2704 I A01b00/SCB: SCBKeyboardPanelManager --> sceneSessionManager.KeyboardViewMode: 0
06-11 09:36:22.977  2704  2704 I A04200/WINDOW: SCBKeyboardSession --> keyboardStateChange, keyboardViewMode is: 0
06-11 09:36:22.977  2704  2704 I A01b00/SCB: SCBKeyboardPanelSession --> privateCommandCallback{"sys_cmd":1,"toolbarPaddingLeft":0,"toolbarPaddingRight":0}
06-11 09:36:22.977  2704  2704 I A01b00/SCB: SCBKeyboardPanelSession --> privateCommandCallback{"sys_cmd":1,"patternOption":0}
06-11 09:36:22.977  2704  2704 I A04200/WINDOW: SCBSceneSessionManager --> not find in virtual screen, window id is : 36
06-11 09:36:22.977  2704  2704 I A04200/WINDOW: SCBKeyboardSession --> notifyKeyboardStateChange, state is: 4, callingScreenId is: 0,
06-11 09:36:22.977  2704  2704 I A04200/WINDOW:       mainScreenId is: 0
06-11 09:36:22.977  2704  2704 I A04200/WINDOW: SCBKeyboardSession --> onSessionStateChange, id: 3, state: 4
06-11 09:36:22.977  2704  2704 I A04200/WINDOW: SCBKeyboardSession --> Skip state change, SessionState: 4
06-11 09:36:22.977  2704  2704 I A01b00/SCB: SCBKeyboardPanelManager --> sceneSessionManager.KeyboardViewMode: 0
06-11 09:36:22.977  2704  2704 I A04200/WINDOW: SCBKeyboardSession --> keyboardStateChange, keyboardViewMode is: 0
06-11 09:36:22.978  2781  2781 I A000ff/HMKeyboard_KeyboardCanvas: aboutToDisappear enter
06-11 09:36:22.978  2781  2781 I A000ff/HMKeyboard_KeyboardCanvas: clearTouchMap enter
06-11 09:36:22.978  2781  2781 I A000ff/HMKeyboard_DeleteTextHelper: stopDel, holdTimer:undefined, slowTimer:undefined, fastTimer:undefined
06-11 09:36:22.978  2704  2704 I A04200/WINDOW: SCBSceneSessionManager --> not find in virtual screen, window id is : 36
06-11 09:36:22.978  2704  2704 I A04200/WINDOW: SCBKeyboardSession --> notifyKeyboardStateChange, state is: 5, callingScreenId is: 0,
06-11 09:36:22.978  2704  2704 I A04200/WINDOW:       mainScreenId is: 0
06-11 09:36:22.978  2704  2704 I A04200/WINDOW: SCBKeyboardSession --> onSessionStateChange, id: 3, state: 5
06-11 09:36:22.978  2704  2704 W A04200/WINDOW: SCBSystemSceneSession --> SCBKeyboardPanel sessionChangeCallback is null 
06-11 09:36:22.978  2704  2704 I A04200/WINDOW: SCBIMFKeyboardPanel --> dialog change , isShowDialog = false
06-11 09:36:22.978  2704  2704 I A01b00/SCB: SCBKeyboardManager --> onKeyboardStateChange, persistentId: 3, callingSessionId: 36, sessionState: 5
06-11 09:36:22.978  2704  2704 I A01b00/SCB: SCBKeyboardManager --> updateKeyboardState typeof SCBSceneSession
06-11 09:36:22.978  2704  2704 I A01b00/SCB: SCBKeyboardManager --> getKeyboardState, isScreenLocked: false, showBelowKeyguard: true, specificPanel: undefined, type: 1
06-11 09:36:22.979  2704  2704 I A04200/WINDOW: SCBSceneContainerSession --> [SCBKeyboard] scene session, persistentId: 36
06-11 09:36:22.979  2704  2704 I A01b00/SCB: SCBKeyboardManager --> getKeyboardState, keyboardState: 1
06-11 09:36:22.979  2704  2704 I A01b00/SCB: SCBKeyboardManager --> updateKeyboardContainer, newKeyboardState: 1, curKeyboardState: 1, sessionState: 5, isActive: false
06-11 09:36:22.979  2704  2704 E A0ff00/SEARCH: [HiSearch] --> [SceneCommonUIExtEvents], Proxy is not exist
06-11 09:36:22.979  2704  2704 I A0ff00/SEARCH: [HiSearch] --> [SceneCommonUIExtEvents], sendEvents: keyboardHeight
06-11 09:36:22.979  2704  2704 I A0ff00/SEARCH: [HiSearch] --> HiSearchComponent, keyboardHeight, 0
06-11 09:36:22.980  2704  2704 I A04200/WINDOW: SCBKeyboardSession --> openKeyboardSyncTransaction id: 3
06-11 09:36:22.980  2704  2704 I A04200/WINDOW: SCBInputMethodHelper --> inputShowCallback isKeyboardShow: false sessionGravity: 1 callingSessionId: 36
06-11 09:36:22.980  2704  2704 I A04200/WINDOW: SCBSplitManager --> ifAvoidInputMethodNeeded false, isKeyboardShowing: false
06-11 09:36:22.980  2704  2704 W A01b00/SCB: SCBKeyboardManager --> NotifyAnimationSyncCallbacks, callName: 1
06-11 09:36:22.981  2781  2781 I A000ff/HMKeyboard_pages_index: ----menuType---- : 0
06-11 09:36:22.981  2704  2704 I A04200/WINDOW: SCBIMFKeyboardPanel --> disableShow, newState: 1, curState: 2, name: BelowSpecificScene
06-11 09:36:22.981  2704  2704 I A04200/WINDOW: SCBIMFKeyboardPanel --> disableShow, newState: 1, curState: 4, name: AboveSpecificScene
06-11 09:36:22.981  2704  2704 I A04200/WINDOW: SCBIMFKeyboardPanel --> disableShow, newState: 1, curState: 6, name: AboveFloatContainerScene
06-11 09:36:22.981  2781  2781 I A000ff/HMKeyboard_KbdStateUtils: screenWidth = 1260, px2vp(screenWidth) = 387.6923076923077
06-11 09:36:22.982  2704  2704 I A04200/WINDOW: SCBIMFKeyboardPanel --> enableShow, newState: 1 name: BelowScenePanel isActive: true
06-11 09:36:22.982  2704  2704 I A04200/WINDOW: SCBIMFKeyboardPanel --> ShowKeyboard, id: 3, type: 4
06-11 09:36:22.984  2781  2781 I A000ff/HMKeyboard_KbdStateUtils: screenWidth = 1260, px2vp(screenWidth) = 387.6923076923077
06-11 09:36:22.986  2704  2704 I A04200/WINDOW: SCBIMFKeyboardPanelBar --> [SCBKeyboard] getRightIcon this.isSmartClicked = false
06-11 09:36:22.987  2704  2704 I A04200/WINDOW: SCBScreen --> [SCBKeyboardAnimate] translate: 1020, keyboardOffset: 0, isActive: false, animCnt: 2
06-11 09:36:22.988  2704  2704 I A04200/WINDOW: SCBIMFKeyboardPanel --> disableShow, newState: 1, curState: 2, name: BelowSpecificScene
06-11 09:36:22.988  2704  2704 I A04200/WINDOW: SCBIMFKeyboardPanel --> disableShow, newState: 1, curState: 4, name: AboveSpecificScene
06-11 09:36:22.988  2704  2704 I A04200/WINDOW: SCBIMFKeyboardPanel --> disableShow, newState: 1, curState: 6, name: AboveFloatContainerScene
06-11 09:36:22.988  2704  2704 I A04200/WINDOW: SCBIMFKeyboardPanel --> enableShow, newState: 1 name: BelowScenePanel isActive: true
06-11 09:36:22.989  2704  2704 I A04200/WINDOW: SCBIMFKeyboardPanel --> ShowKeyboard, id: 3, type: 4
06-11 09:36:22.989  2704  2704 I A04200/WINDOW: SCBKeyboardSession --> id: 3, isKeyboardShow: false, isRotating: false
06-11 09:36:22.989  2704  2704 I A04200/WINDOW: SCBScreen --> [SCBKeyboard] changeKeyboardState end, keyboardState: 1, isActive: true
06-11 09:36:22.990  2704  2704 I A01b00/SCB: SCBKeyboardPanelManager --> sceneSessionManager.KeyboardViewMode: 0
06-11 09:36:22.990  2704  2704 I A04200/WINDOW: SCBKeyboardSession --> keyboardStateChange, keyboardViewMode is: 0
06-11 09:36:22.991  2704  2704 I A04200/WINDOW: SCBIMFKeyboardPanel --> disableShow, newState: 1, curState: 2, name: BelowSpecificScene
06-11 09:36:22.991  2704  2704 I A04200/WINDOW: SCBIMFKeyboardPanel --> disableShow, newState: 1, curState: 4, name: AboveSpecificScene
06-11 09:36:22.991  2704  2704 I A04200/WINDOW: SCBIMFKeyboardPanel --> disableShow, newState: 1, curState: 6, name: AboveFloatContainerScene
06-11 09:36:22.991  2781  2781 I A000ff/HMKeyboard_functionView: aboutToDisappear
06-11 09:36:22.992  2704  2704 I A04200/WINDOW: SCBIMFKeyboardPanel --> enableShow, newState: 1 name: BelowScenePanel isActive: true
06-11 09:36:22.992  2704  2704 I A04200/WINDOW: SCBIMFKeyboardPanel --> ShowKeyboard, id: 3, type: 4
06-11 09:36:22.994  2781  2781 I A000ff/HMKeyboard_InputPanel: onPanelChange isShowing: true, windowName: imeWindow, panelFlag: 0
06-11 09:36:22.995  2781  2781 I A000ff/HMKeyboard_EngineTool: doWindowShowTask call.
06-11 09:36:22.995  2781  2781 I A000ff/HMKeyboard_ZhEngine: tryToLoadSceneDict
06-11 09:36:22.995  2781  2781 I A000ff/HMKeyboard_DurationUtil: end:{'type': 4, value: 207}
06-11 09:36:22.996  2781  2781 I A000ff/HMKeyboard_DictLoadManager: clone user dict file is not exist
06-11 09:36:22.996  2781  2781 I A000ff/HMKeyboard_InputManager: resetLanguageLayoutAndParams
06-11 09:36:22.996  2781  2781 W A000ff/HMKeyboard_InputManager: resetLanguageLayoutAndParams fail, last update time less them 100ms!
06-11 09:36:22.996  2781  2781 I A000ff/HMKeyboard_KeyboardModeManager: normalKbd, width =1260, height=874.25, bottom=0, left=0, right=0
06-11 09:36:22.997  2781  2781 I A000ff/HMKeyboard_EngineTool: unLoadSceneResource call.
06-11 09:36:22.997  2781  2841 I A000ff/HMKeyboard_EngineWorker: unLoadSceneResource
06-11 09:36:22.997  2781  2781 I A000ff/HMKeyboard_KBDDelegateEventRegi: onCursorContextChange ignore:no value changed
06-11 09:36:22.999  2781  2781 I A000ff/HMKeyboard_InputPanel: onPanelChange isShowing: false, windowName: imeWindow, panelFlag: 0
06-11 09:36:22.999  2781  2781 I A000ff/HMKeyboard_AppSwitcher: finishAps
06-11 09:36:22.999  2781  2781 W A000ff/HMKeyboard_DictLoadManager: not full mode, ignore
06-11 09:36:22.999  2781  2781 I A000ff/HMKeyboard_CloudSyncManager: cloud sync do sync if need
06-11 09:36:22.999  2781  2781 W A000ff/HMKeyboard_CloudSyncManager: not need sync, ignore
06-11 09:36:22.999  2781  2781 I A000ff/HMKeyboard_EngineTool: nosing call.
06-11 09:36:23.000  2781  2781 E A000ff/HMKeyboard_HiAnalyticsCollector: privacy disagreed 1001
06-11 09:36:23.000  2781  2781 I A000ff/HMKeyboard_SettingService: result=0
06-11 09:36:23.000  2781  2841 I A000ff/HMKeyboard_EngineWorker: nosing
06-11 09:36:23.000  2781  2841 I A00000/ohos_jni_DifferentialPrivacy: Nosing enter
06-11 09:36:23.000  2781  2841 I A00000/ohos_jni_DifferentialPrivacy: InitPolicyMap enter
06-11 09:36:23.001  2781  2841 I A00000/ohos_jni_DifferentialPrivacy: InitPolicyMap read file size  1.
06-11 09:36:23.001  2781  2841 I A00000/ohos_jni_DifferentialPrivacy: appType dev.makepad.makepad_example_native_text_input.
06-11 09:36:23.003  3062  3383 I A03d00/makepad-ohos: [I] examples/native_text_input/src/main.rs:473:12 - NativeTextInput smoke: blur action received
06-11 09:36:23.065  2781  2781 I A000ff/HMKeyboard_TimeAnalysis: [CustomPhraseDBManager#getLocalDataList]take 0ms
06-11 09:36:23.065  2781  2781 E A000ff/HMKeyboard_HiAnalyticsCollector: privacy disagreed 3002
06-11 09:36:23.065  2781  2781 E A000ff/HMKeyboard_HiAnalyticsCollector: privacy disagreed 3005
06-11 09:36:23.065  2781  2781 I A000ff/HMKeyboard_IMEAbilityEventRegis: onKeyboardHide
06-11 09:36:23.066  2781  2781 I A000ff/HMKeyboard_EventBus: dispatch: eventID=256
06-11 09:36:23.066  2781  2781 I A000ff/HMKeyboard_KeyboardPyWindow: dismiss
06-11 09:36:23.066  2781  2781 I A000ff/HMKeyboard_KeyboardPyWindow: clearTurnFoldPageStatusData
06-11 09:36:23.066  2781  2781 I A000ff/HMKeyboard_pages_index: onPause
06-11 09:36:23.066  2781  2781 I A000ff/HMKeyboard_FloatKbdEditPopHelpe: destroy, windowState: 0
06-11 09:36:23.066  2781  2781 I A000ff/HMKeyboard_KeyboardController: hideWindow success
06-11 09:36:23.066  2781  2781 I A000ff/HMKeyboard_WorkDispatcher: call cancelWork
06-11 09:36:23.074  2781  2781 W A000ff/HMKeyboard_AiGcConfigManager: checkForNewConfig refuse: privacy not agreed
06-11 09:36:23.074  2781  2781 I A000ff/HMKeyboard_InputManager: inputManager reset
06-11 09:36:23.074  2781  2781 I A000ff/HMKeyboard_TradZhInputHelper: isZYMainKeyboard subtype is undefined.
06-11 09:36:23.074  2781  2781 I A000ff/HMKeyboard_InputManager: reset return isInitState
06-11 09:36:23.077  2781  2781 I A000ff/HMKeyboard_EngineTool: set windowHideTaskTimer.
06-11 09:36:23.077  2781  2781 I A000ff/HMKeyboard_EngineTool: unLoadSceneResource call.
06-11 09:36:23.077  2781  2781 I A000ff/HMKeyboard_EngineTool: reset call.
06-11 09:36:23.077  2781  2841 I A000ff/HMKeyboard_EngineWorker: unLoadSceneResource
06-11 09:36:23.077  2781  2781 I A000ff/HMKeyboard_CloudRequestDelegate: clear
06-11 09:36:23.078  2781  2841 I A000ff/HMKeyboard_EngineWorker: clearCandidates call.
06-11 09:36:23.078  2781  2781 I A000ff/HMKeyboard_VoiceInputManager: voice running? false, isCancel? true
06-11 09:36:23.078  2781  2841 I A00000/ohos_jni_EngineHelper: ClearCandidates
06-11 09:36:23.078  2781  2841 I A00000/ohos_jni_PyEngineWrapper: control type:8
06-11 09:36:23.078  2781  2781 I A000ff/HMKeyboard_InputPanel: setPrivacyMode: false
06-11 09:36:23.078  2781  2841 I A00000/ohos_jni_PyEngineWrapper: control result:0
06-11 09:36:23.078  2781  2841 I A00000/ohos_jni_PyEngineWrapper: control type:9
06-11 09:36:23.078  2781  2841 I A00000/ohos_jni_PyEngineWrapper: control result:20015
06-11 09:36:23.078  2781  2841 I A00000/ohos_jni_PyEngineWrapper: control type:1
06-11 09:36:23.078  2781  2841 I A00000/ohos_jni_PyEngineWrapper: control result:0
06-11 09:36:23.078  2781  2841 I A00000/ohos_jni_IntelligentTouchModel: Set prevKey empty
06-11 09:36:23.090  2781  2781 I A000ff/HMKeyboard_TradZhInputHelper: isZYMainKeyboard subtype is undefined.
06-11 09:36:23.091  2781  2781 I A000ff/HMKeyboard_VoiceCorrectionManag: reset because keyboard hide
06-11 09:36:23.091  2781  2781 I A000ff/HMKeyboard_SymbolLongPressWindo: dismiss end
06-11 09:36:23.091  2781  2781 I A000ff/HMKeyboard_AiGcConfigTask: AiGcConfigTask checkForNewConfigInJob result is false!
06-11 09:36:23.091  2781  2781 I A000ff/HMKeyboard_InputPanel: onPanelSizeChange width = 1260, height = 874, keyboardArea?.bottom = 0
06-11 09:36:23.092  2781  2781 I A000ff/HMKeyboard_InputPanel: kbdHeight = 874, size.height = 874, rotation = 0
06-11 09:36:23.092  2781  2781 I A000ff/HMKeyboard_InputPanel: onPanelSizeChange height = 874.25
06-11 09:36:23.092  2781  2781 I A000ff/HMKeyboard_DisplayManager: handleDisplayRotationChange:{"id":0,"name":"UNKNOWN","alive":true,"state":2,"refreshRate":60,"rotation":0,"width":1260,"height":2720,"densityDPI":520,"orientation":0,"densityPixels":3.25,"scaledDensity":3.25,"xDPI":444.5,"yDPI":442.8710021972656,"colorSpaces":[],"hdrFormats":[],"availableWidth":1260,"availableHeight":2720}
06-11 09:36:23.092  2781  2781 I A000ff/HMKeyboard_KbdDeviceInfoUtil: setScreenInfo call
06-11 09:36:23.092  2781  2781 I A000ff/HMKeyboard_KbdDeviceInfoUtil: setScreenInfo, mScreenWidth = 1260,mScreenHeight = 2720,
06-11 09:36:23.092  2781  2781 I A000ff/HMKeyboard_KbdDeviceInfoUtil:           densityPixels = 3.25,densityDPI = 520, rotation = 0,
06-11 09:36:23.092  2781  2781 I A000ff/HMKeyboard_KbdDeviceInfoUtil:           isFoldAble = false , isVerde = false
06-11 09:36:23.092  2781  2781 I A000ff/HMKeyboard_KbdDeviceInfoUtil: isExpand: false,size: 6.76,PPM: 17.458333868476046
06-11 09:36:23.092  2781  2781 I A000ff/HMKeyboard_KbdCache: kbd cache clear
06-11 09:36:23.092  2781  2781 I A000ff/HMKeyboard_PrivateCommandManage: sendPrivateCommand: {"sys_cmd":1,"patternOption":0}
06-11 09:36:23.092  2781  2781 I A000ff/HMKeyboard_KeyboardModeManager: isRotation: true, defaultKbdMode: 0, kbdMode: 0 , island:false,isFoldWithExpandOrHalfFold:false
06-11 09:36:23.092  2781  2781 I A000ff/HMKeyboard_KeyboardModeManager: initCacheInfo, kbdMode : 0
06-11 09:36:23.092  2781  2781 I A000ff/HMKeyboard_NormalKbdManager: initNormalKbdInfo
06-11 09:36:23.092  2781  2781 I A000ff/HMKeyboard_NormalKbdManager: hasResetKdbHeightFlag:true hasRestKbdMarginRollbackFlag:true
06-11 09:36:23.092  2781  2781 I A000ff/HMKeyboard_BaseKbdManager: getKbdHeight, kdbHeight = 0, numberLineAddHeight = 0
06-11 09:36:23.092  2781  2781 I A000ff/HMKeyboard_NormalKbdManager: kdbHeight:874.25
06-11 09:36:23.092  2781  2781 I A000ff/HMKeyboard_NormalKbdManager: normal kbd height is : 874.25 , bottom is 0 , left is 0,right is :0,oneHandStatus is :0,thumbKeyboardHalfWidth is :0
06-11 09:36:23.092  2781  2781 I A000ff/HMKeyboard_KeyboardModeManager: leftMargin: 0 rightMargin: 0
06-11 09:36:23.092  2781  2781 I A000ff/HMKeyboard_PrivateCommandManage: sendPrivateCommand: {"sys_cmd":1,"toolbarPaddingLeft":0,"toolbarPaddingRight":0}
06-11 09:36:23.092  2781  2781 I A000ff/HMKeyboard_CeliaWriterPopHelper: CeliaWriterPop onOrientationChange
06-11 09:36:23.092  2781  2781 I A000ff/HMKeyboard_CeliaWriterSceneSele: CeliaWriterPop onOrientationChange
06-11 09:36:23.092  2781  2781 I A000ff/HMKeyboard_pages_index: onOrientationChangeCallback
06-11 09:36:23.092  2781  2781 I A000ff/HMKeyboard_CeliaWriterPopHelper: CeliaWriterPop onOrientationChange
06-11 09:36:23.093  2704  2704 I A01b00/SCB: SCBKeyboardPanelSession --> privateCommandCallback{"sys_cmd":1,"patternOption":0}
06-11 09:36:23.093  2704  2704 I A01b00/SCB: SCBKeyboardPanelSession --> privateCommandCallback{"sys_cmd":1,"toolbarPaddingLeft":0,"toolbarPaddingRight":0}
06-11 09:36:23.093  2781  2781 I A000ff/HMKeyboard_DisplayManager: orientation changed
06-11 09:36:23.093  2781  2781 I A000ff/HMKeyboard_CeliaWriteHelper: getCeliaWriteHeight
06-11 09:36:23.093  2781  2781 I A000ff/HMKeyboard_KeyboardModeManager: adjustPanelRect
06-11 09:36:23.093  2781  2781 I A000ff/HMKeyboard_InputPanel: adjustPanelRect flag = 0, portraitRect.width = 0, portraitRect.height = 874, landscapeRect.width = 0, landscapeRect.height = 631
06-11 09:36:23.093  2781  2781 I A000ff/HMKeyboard_InputPanel: portraitRect.left = 0, portraitRect.top = 0, landscapeRect.left = 0, landscapeRect.height = 0
06-11 09:36:23.093  2781  2781 I A000ff/HMKeyboard_DisplayManager: handleDisplayRotationChange:{"id":0,"name":"UNKNOWN","alive":true,"state":2,"refreshRate":60,"rotation":0,"width":1260,"height":2720,"densityDPI":520,"orientation":0,"densityPixels":3.25,"scaledDensity":3.25,"xDPI":444.5,"yDPI":442.8710021972656,"colorSpaces":[],"hdrFormats":[],"availableWidth":1260,"availableHeight":2720}
06-11 09:36:23.093  2781  2781 I A000ff/HMKeyboard_KbdDeviceInfoUtil: setScreenInfo call
06-11 09:36:23.094  2781  2781 I A000ff/HMKeyboard_KbdDeviceInfoUtil: setScreenInfo, mScreenWidth = 1260,mScreenHeight = 2720,
06-11 09:36:23.094  2781  2781 I A000ff/HMKeyboard_KbdDeviceInfoUtil:           densityPixels = 3.25,densityDPI = 520, rotation = 0,
06-11 09:36:23.094  2781  2781 I A000ff/HMKeyboard_KbdDeviceInfoUtil:           isFoldAble = false , isVerde = false
06-11 09:36:23.094  2781  2781 I A000ff/HMKeyboard_KbdDeviceInfoUtil: isExpand: false,size: 6.76,PPM: 17.458333868476046
06-11 09:36:23.094  2781  2781 I A000ff/HMKeyboard_KbdCache: kbd cache clear
06-11 09:36:23.094  2781  2781 I A000ff/HMKeyboard_PrivateCommandManage: sendPrivateCommand: {"sys_cmd":1,"patternOption":0}
06-11 09:36:23.094  2781  2781 I A000ff/HMKeyboard_KeyboardModeManager: isRotation: true, defaultKbdMode: 0, kbdMode: 0 , island:false,isFoldWithExpandOrHalfFold:false
06-11 09:36:23.094  2781  2781 I A000ff/HMKeyboard_KeyboardModeManager: initCacheInfo, kbdMode : 0
06-11 09:36:23.094  2781  2781 I A000ff/HMKeyboard_NormalKbdManager: initNormalKbdInfo
06-11 09:36:23.094  2781  2781 I A000ff/HMKeyboard_NormalKbdManager: hasResetKdbHeightFlag:true hasRestKbdMarginRollbackFlag:true
06-11 09:36:23.094  2781  2781 I A000ff/HMKeyboard_BaseKbdManager: getKbdHeight, kdbHeight = 0, numberLineAddHeight = 0
06-11 09:36:23.094  2781  2781 I A000ff/HMKeyboard_NormalKbdManager: kdbHeight:874.25
06-11 09:36:23.094  2781  2781 I A000ff/HMKeyboard_NormalKbdManager: normal kbd height is : 874.25 , bottom is 0 , left is 0,right is :0,oneHandStatus is :0,thumbKeyboardHalfWidth is :0
06-11 09:36:23.094  2781  2781 I A000ff/HMKeyboard_KeyboardModeManager: leftMargin: 0 rightMargin: 0
06-11 09:36:23.094  2781  2781 I A000ff/HMKeyboard_PrivateCommandManage: sendPrivateCommand: {"sys_cmd":1,"toolbarPaddingLeft":0,"toolbarPaddingRight":0}
06-11 09:36:23.094  2781  2781 I A000ff/HMKeyboard_CeliaWriterPopHelper: CeliaWriterPop onOrientationChange
06-11 09:36:23.094  2781  2781 I A000ff/HMKeyboard_CeliaWriterSceneSele: CeliaWriterPop onOrientationChange
06-11 09:36:23.094  2781  2781 I A000ff/HMKeyboard_pages_index: onOrientationChangeCallback
06-11 09:36:23.094  2781  2781 I A000ff/HMKeyboard_CeliaWriterPopHelper: CeliaWriterPop onOrientationChange
06-11 09:36:23.094  2781  2781 I A000ff/HMKeyboard_DisplayManager: orientation changed
06-11 09:36:23.094  2781  2781 I A000ff/HMKeyboard_KbdCache: kbd cache clear
06-11 09:36:23.095  2704  2704 I A01b00/SCB: SCBKeyboardPanelSession --> privateCommandCallback{"sys_cmd":1,"patternOption":0}
06-11 09:36:23.096  2704  2704 I A01b00/SCB: SCBKeyboardPanelSession --> privateCommandCallback{"sys_cmd":1,"toolbarPaddingLeft":0,"toolbarPaddingRight":0}
06-11 09:36:23.096  2781  2781 I A000ff/HMKeyboard_IndexRefresh: onKbdRefreshState isKeyboardRefresh = false
06-11 09:36:23.097  2781  2781 I A000ff/HMKeyboard_KbdDeviceInfoUtil: getMainWindow heightBangs:108
06-11 09:36:23.097  2781  2781 I A000ff/HMKeyboard_KbdDeviceInfoUtil: get waterfallDisplayPadding is 0
06-11 09:36:23.097  2781  2781 I A000ff/HMKeyboard_KbdDeviceInfoUtil: getMainWindow heightBangs:108
06-11 09:36:23.097  2781  2781 I A000ff/HMKeyboard_KbdDeviceInfoUtil: get waterfallDisplayPadding is 0
06-11 09:36:23.098  2781  2781 I A000ff/HMKeyboard_InputPanel: onPanelSizeChange width = 1260, height = 874, keyboardArea?.bottom = 0
06-11 09:36:23.099  2781  2781 I A000ff/HMKeyboard_IndexRefresh: this.buildStatus = false, this.buildLock = true
06-11 09:36:23.100  2781  2781 I A000ff/HMKeyboard_functionView: aboutToAppear
06-11 09:36:23.100  2781  2781 I A000ff/HMKeyboard_functionView: isShowClip : false
06-11 09:36:23.100  2781  2781 I A000ff/HMKeyboard_functionView: aboutToDisappear
06-11 09:36:23.101  2704  2704 I A04200/WINDOW: SCBKeyboardSession --> onGravityChange: 1
06-11 09:36:23.101  2704  2704 I A04200/WINDOW: SCBInputMethodHelper --> onKeyboardGravityChange 1
06-11 09:36:23.101  2704  2704 I A04200/WINDOW: SCBSplitManager --> ifAvoidInputMethodNeeded false, isKeyboardShowing: false
06-11 09:36:23.101  2704  2704 I A04200/WINDOW: SCBKeyboardSession --> onNeedDefaultAnimationFlagChange, state: true
06-11 09:36:23.101  2704  2704 I A04200/WINDOW: SCBKeyboardSession --> landscapeKeyboardRect: [325, 538, 2070, 631], portraitKeyboardRect: [0, 1700, 1260, 874], landscapePanelRect: [0, 538, 2720, 722], portraitPanelRect: [0, 1700, 1260, 1020]
06-11 09:36:23.102  2704  2704 I A04200/WINDOW: SCBKeyboardSession --> needNotifyUI: true, curKeyboardState: 1, callbackSize:4
06-11 09:36:23.102  2704  2704 I A01b00/SCB: SCBKeyboardPanelManager --> screenProperty.rotation: 0,keyboardPanelSession.isLandscape: false
06-11 09:36:23.104  2704  2704 I A01b00/SCB: SCBKeyboardManager --> updateRectForFingerPrint, raiseOffset0, panelRect: [0, 1700, 1260, 1020], rectRaised: [0, 1700, 1260, 1020]
06-11 09:36:23.104  2704  2704 I A01b00/SCB: SCBKeyboardPanelManager --> hotAreaKey: fixdefaultportrait
06-11 09:36:23.104  2704  2704 I A01b00/SCB: SCBKeyboardPanelManager --> this.hotAreaInfo.left: 0,this.hotAreaInfo.right: 0,this.hotAreaInfo.bottom: 45,panelRealHeight: 1020
06-11 09:36:23.105  2781  2781 I A000ff/HMKeyboard_SwapLangNumTip: aboutToAppear
06-11 09:36:23.105  2781  2781 I A000ff/HMKeyboard_CanvasShortKeyPopCon: aboutToAppear
06-11 09:36:23.106  2781  2781 I A000ff/HMKeyboard_pages_index: ----menuType---- : 0
06-11 09:36:23.107  2704  2704 I A01b00/SCB: SCBKeyboardPanelManager --> updateKeyboardAndPanelRect, keyboardRequestRect: [0, 1846, 1260, 874], keyboardRect: [0, 1700, 1260, 874], panelRect: [0, 1700, 1260, 1020], rectForFingerprint: [0, 1700, 1260, 1020], isFloat: false, isFoldable: false
06-11 09:36:23.107  2704  2704 I A04200/WINDOW: SCBKeyboardSession --> [SCBLayout] RectChangeCallback is not registered, id: 3, reason: 0, rect: [0, 1846, 1260, 874], currRect: [0, 1700, 1260, 874]
06-11 09:36:23.107  2704  2704 I A04200/WINDOW: SCBKeyboardSession --> id:3 updateSizeChangeReason:0
06-11 09:36:23.109  2704  2704 I A04200/WINDOW: SCBInputMethodHelper --> rect change callback, hasAvoidInputMethod: false
06-11 09:36:23.133  2704  2704 I A04200/WINDOW: SCBScreen --> [SCBKeyboardAnimate] finished, animCnt: 1, sessionState: 5
06-11 09:36:23.138  2781  2781 I A000ff/HMKeyboard_EventBus: dispatch: eventID=257
06-11 09:36:23.138  2781  2781 I A000ff/HMKeyboard_pages_index: onShow
06-11 09:36:23.148  2781  2781 I A000ff/HMKeyboard_RouterHelper: startAbility success
06-11 09:36:23.148  2781  2781 I A000ff/HMKeyboard_KeyboardController: tryToShowHardInputToolWindow isAlphaKeyboardExist is false, return
06-11 09:36:23.150  2704  2704 I A04200/WINDOW: SCBRootSceneSession --> onPendingSceneSessionActivation sceneInfo.persistentId:38 callState: 0 callerPersistentId: 36 windowMode: 0 appIndex: 0 needClearInNotShowRecent: false
06-11 09:36:23.150  2704  2704 I A04200/WINDOW: SCBRootSceneSession --> onPendingSceneSessionActivation sceneInfo.screenName:UNKNOWN
06-11 09:36:23.150  2704  2704 I A04200/WINDOW: SCBSceneSessionManager --> get session by persistentId: 36
06-11 09:36:23.151  2781  2781 I A000ff/HMKeyboard_CanvasShortKeyPopCon: aboutToAppear
06-11 09:36:23.151  2704  2704 I A04200/WINDOW: SCBSceneSessionManager --> [SCBMain]startSceneTransition:{"appIndex":0,"isLockedInRecent":false,"screenId":0,"persistentId":38,"callerPersistentId":36,"callerBundleName":"com.huawei.hmos.inputmethod","callerAbilityName":"InputService","toPersistentId":0,"launchType":0,"callState":0,"isNewInstance":false,"fullScreenStart":false,"rotationStrategy":0,"_windowMode":1,"isClearSession":false,"isPersistentRecover":false,"focusedOnShow":true,"isCastScene":false,"isStartByLaunchTypeConfig":false,"isCalledRightlyByCallerId":false,"isAtomicService":false,"isStartupInstallFree":false,"needClearInNotShowRecent":false,"isHide":false,"isFromIcon":false,"bundleName":"com.huawei.hmos.inputmethod","moduleName":"default","abilityName":"MainAbility","withAnimation":true,"want":{"deviceId":"","bundleName":"com.huawei.hmos.inputmethod","abilityName":"MainAbility","moduleName":"default","uri":"pages/permission/StartupPage","type":"","flags":0,"action":"","parameters":{"ability.params.backToOtherMissionStack":true,"debugApp":false,"isCallBySCB":false,"isShellCall":false,"moduleName":"default","ohos.aafwk.param.callerAbilityName":"InputService","ohos.aafwk.param.callerAppId":"com.huawei.hmos.inputmethod_BLWhnHf/QTpoUsk1EPfW7kBmXh5FWmG0JLaWsfx0ZvRYmequ9lgyWD1ROC2vcDGhCXKEP854gmtokI+KR4jreTHlHb91RY7GryugRER7O+MfTtwjPCKG89e13NdkjgmHTQ==","ohos.aafwk.param.callerAppIdentifier":"1265956504964495936","ohos.aafwk.param.callerBundleName":"com.huawei.hmos.inputmethod","ohos.aafwk.param.callerPid":2781,"ohos.aafwk.param.callerToken":537270337,"ohos.aafwk.param.callerUid":20020009,"ohos.dlp.params.sandbox":false,"ohos.extra.param.key.appCloneIndex":0,"ohos.param.callerAppCloneIndex":0,"secondUrl":""},"fds":{},"entities":[]}}
06-11 09:36:23.151  2704  2704 W A04200/WINDOW: SCBSceneSessionManager --> isExclusion, app startup detect
06-11 09:36:23.151  2704  2704 I A01b01/HOME: DeliverUtil --> get default const.app_eco.support_hmos: default get default persist.hmos_fusion_mgr.ctl.support_hmos: default
06-11 09:36:23.151  2781  2781 I A000ff/HMKeyboard_functionView: aboutToAppear
06-11 09:36:23.151  2704  2704 I A04200/WINDOW: SCBSceneSessionManager --> SCBSceneSessionManager
06-11 09:36:23.151  2781  2781 I A000ff/HMKeyboard_functionView: isShowClip : false
06-11 09:36:23.152  2704  2704 I A04200/WINDOW: SCBSceneSessionManager --> SCBSceneSessionManager
06-11 09:36:23.152  2704  2704 I A04200/WINDOW: SCBSceneSessionManager --> isAncoApplication bundleName: com.huawei.hmos.inputmethod, isAnco: false
06-11 09:36:23.152  2704  2704 I A04200/WINDOW: SCBSceneSessionManager --> Start scene on screen with screenId: 0!
06-11 09:36:23.152  2704  2704 I A01b01/HOME: SCBScenePanel --> [SCBMain]onSceneTransition with toSceneInfo:{"appIndex":0,"isLockedInRecent":false,"screenId":0,"persistentId":38,"callerPersistentId":36,"callerBundleName":"com.huawei.hmos.inputmethod","callerAbilityName":"InputService","toPersistentId":0,"launchType":0,"callState":0,"isNewInstance":false,"fullScreenStart":false,"rotationStrategy":0,"_windowMode":1,"isClearSession":false,"isPersistentRecover":false,"focusedOnShow":true,"isCastScene":false,"isStartByLaunchTypeConfig":false,"isCalledRightlyByCallerId":false,"isAtomicService":false,"isStartupInstallFree":false,"needClearInNotShowRecent":false,"isHide":false,"isFromIcon":false,"bundleName":"com.huawei.hmos.inputmethod","moduleName":"default","abilityName":"MainAbility","withAnimation":true,"want":{"deviceId":"","bundleName":"com.huawei.hmos.inputmethod","abilityName":"MainAbility","moduleName":"default","uri":"pages/permission/StartupPage","type":"","flags":0,"action":"","parameters":{"ability.params.backToOtherMissionStack":true,"debugApp":false,"isCallBySCB":false,"isShellCall":false,"moduleName":"default","ohos.aafwk.param.callerAbilityName":"InputService","ohos.aafwk.param.callerAppId":"com.huawei.hmos.inputmethod_BLWhnHf/QTpoUsk1EPfW7kBmXh5FWmG0JLaWsfx0ZvRYmequ9lgyWD1ROC2vcDGhCXKEP854gmtokI+KR4jreTHlHb91RY7GryugRER7O+MfTtwjPCKG89e13NdkjgmHTQ==","ohos.aafwk.param.callerAppIdentifier":"1265956504964495936","ohos.aafwk.param.callerBundleName":"com.huawei.hmos.inputmethod","ohos.aafwk.param.callerPid":2781,"ohos.aafwk.param.callerToken":537270337,"ohos.aafwk.param.callerUid":20020009,"ohos.dlp.params.sandbox":false,"ohos.extra.param.key.appCloneIndex":0,"ohos.param.callerAppCloneIndex":0,"secondUrl":""},"fds":{},"entities":[]}}, fromInfo:{"appIndex":0,"isLockedInRecent":false,"screenId":0,"persistentId":36,"callerPersistentId":0,"callerBundleName":"","callerAbilityName":"","toPersistentId":0,"launchType":0,"callState":0,"isNewInstance":false,"fullScreenStart":false,"rotationStrategy":0,"_windowMode":1,"isClearSession":false,"isPersistentRecover":false,"focusedOnShow":true,"isCastScene":false,"isStartByLaunchTypeConfig":false,"isCalledRightlyByCallerId":false,"isAtomicService":false,"isStartupInstallFree":false,"needClearInNotShowRecent":false,"isHide":false,"isFromIcon":false,"bundleName":"dev.makepad.makepad_example_native_text_input","moduleName":"makepad","abilityName":"EntryAbility","withAnimation":true,"want":{"deviceId":"","bundleName":"dev.makepad.makepad_example_native_text_input","abilityName":"EntryAbility","moduleName":"makepad","uri":"","type":"","flags":0,"action":"","parameters":{"isCallBySCB":false,"isShellCall":true,"moduleName":"makepad","ohos.aafwk.param.callerAbilityName":"","ohos.aafwk.param.callerBundleName":"","ohos.aafwk.param.callerNativeName":"_hdcd","ohos.aafwk.param.callerPid":3298,"ohos.aafwk.param.callerToken":805853164,"ohos.aafwk.param.callerUid":2000,"ohos.dlp.params.sandbox":false,"ohos.param.callerAppCloneIndex":0,"ohos.extra.param.key.form_identity":""},"fds":{},"entities":[]},"unclearableSession":false}, isBackTransition:false
06-11 09:36:23.152  2704  2704 I A01b01/HOME: SCBScenePanel --> [SCBMain]requestSceneSession, persistenId:38, callerPersistentId:36, screenId:0, needLinkCaller:true
06-11 09:36:23.152  2704  2704 I A01b01/HOME: SCBScenePanel --> [SCBMain] find sceneSession from other screen
06-11 09:36:23.152  2704  2704 I A04200/WINDOW: SCBSceneSessionManager --> popSceneFromOtherScreen needBackground: true
06-11 09:36:23.152  2704  2704 I A01b01/HOME: SCBScenePanel --> [SCBMain]requestSceneSession using exist persistentId: 38
06-11 09:36:23.152  2704  2704 W A01b01/HOME: SCBScenePanel --> getSceneSessionByPersistentId find nothing, id 38
06-11 09:36:23.152  2704  2704 I A01b01/HOME: SCBScenePanel --> [SCBMain] request New SceneSession with sceneInfo:{persistentId: 38, bundleName:com.huawei.hmos.inputmethod,moduleName:default, abilityName:MainAbility}
06-11 09:36:23.153  2781  2781 I A000ff/HMKeyboard_SwapLangNumTip: aboutToAppear
06-11 09:36:23.154  2781  2781 I A000ff/HMKeyboard_downMenu: onCustomListChange, customList size is 1
06-11 09:36:23.154  2781  2781 I A000ff/HMKeyboard_downMenu: onCustomListChange, customList size is 1
06-11 09:36:23.154  2781  2781 I A000ff/HMKeyboard_downMenu: init, customList size is 1
06-11 09:36:23.156  2704  2704 I A04200/WINDOW: SCBSceneSessionManager --> [SCBMain] udpate com.huawei.hmos.inputmethod sceneInfo persistentId from 38 to 38
06-11 09:36:23.156  2704  2704 I A04200/WINDOW: SCBSceneSessionManager --> isAncoApplication bundleName: com.huawei.hmos.inputmethod, isAnco: false
06-11 09:36:23.158  2704  2704 I A04200/WINDOW: SCBSceneSessionManager --> isAncoApplication bundleName: com.huawei.hmos.inputmethod, isAnco: false
06-11 09:36:23.159  2704  2704 I A04200/WINDOW: SCBSceneSession --> requestOrientation: 18 queryKey: com.huawei.hmos.inputmethoddefaultMainAbility
06-11 09:36:23.160  2704  2704 I A01b01/HOME: SCBScenePanel --> updateCallerInfo, persistentId:38, oldCallerId:36, newCallerId:36, toId:0.
06-11 09:36:23.161  2704  2704 I A01b01/HOME: SCBScenePanel --> [SCBMain] getSceneSessionByPersistentId from containerSessionList id: 36
06-11 09:36:23.161  2704  2704 I A01b01/HOME: SCBScenePanel --> [SCBMain] getSceneSessionByPersistentId from containerSessionList id: 36
06-11 09:36:23.161  2704  2704 I A01b01/HOME: SCBScenePanel --> getSceneContainerSessionWithPersistentId with session id: 36
06-11 09:36:23.161  2704  2704 I A01b01/HOME: SCBScenePanel --> getSceneContainerSessionWithPersistentId from containerSessionList id: 36
06-11 09:36:23.161  2704  2704 I A01b01/HOME: SCBScenePanel --> getContainerSessionByPersistentIdOrContainerId persistentId 38 containerId undefined
06-11 09:36:23.161  2704  2704 I A01b01/HOME: SCBScenePanel --> getSceneContainerSessionWithPersistentId with session id: 38
06-11 09:36:23.161  2704  2704 W A01b01/HOME: SCBScenePanel --> Failed to get scene containerSession with session id: 38
06-11 09:36:23.161  2704  2704 I A01b01/HOME: SCBScenePanel --> [SCBMain]onSceneTransition with fromScene.windowMode: 1, toScene.windowMode: 1
06-11 09:36:23.161  2704  2704 I A04200/WINDOW: SCBSplitManager --> interruptStartSceneForSplit scenePanelState is 1 not SPLIT
06-11 09:36:23.161  2704  2704 I A01b01/HOME: SCBScenePanel --> getSceneContainerSessionWithPersistentId with session id: 36
06-11 09:36:23.161  2704  2704 I A01b01/HOME: SCBScenePanel --> getSceneContainerSessionWithPersistentId from containerSessionList id: 36
06-11 09:36:23.161  2704  2704 I A01b01/HOME: SCBScenePanel --> getSceneContainerSessionWithPersistentId with session id: 38
06-11 09:36:23.161  2704  2704 W A01b01/HOME: SCBScenePanel --> Failed to get scene containerSession with session id: 38
06-11 09:36:23.161  2704  2704 W A01b01/HOME: SCBScenePanel --> Failed to getSessionFromFloatingScene with session id: 38
06-11 09:36:23.161  2704  2704 I A01b01/HOME: SCBScenePanel --> [WMSMain]sceneTransitionToSpecialIfNeed no need to transit scene to special.
06-11 09:36:23.164  2704  2704 I A04200/WINDOW: SCBSceneContainerSession --> set NeedRenderClip clipWidth from 0 to 1260.
06-11 09:36:23.164  2704  2704 I A04200/WINDOW: SCBSceneContainerSession --> set NeedRenderClip clipHeight from 0 to 2720.
06-11 09:36:23.164  2704  2704 I A04200/WINDOW: SCBSceneSessionManager --> isAncoApplication bundleName: com.huawei.hmos.inputmethod, isAnco: false
06-11 09:36:23.164  2704  2704 I A04200/WINDOW: SCBSceneContainerSession -->  bundleName: com.huawei.hmos.inputmethod, isAnco: false
06-11 09:36:23.180  2781  2781 I A000ff/HMKeyboard_KeyboardCanvas: aboutToAppear
06-11 09:36:23.180  2781  2781 I A000ff/HMKeyboard_KeyboardCanvas: this.isNumberRowOpen false
06-11 09:36:23.180  2781  2781 I A000ff/HMKeyboard_KeyboardCanvas: isSlideUpPop = 1
06-11 09:36:23.180  2781  2781 I A000ff/HMKeyboard_KeyboardCanvas: getKeyMenuConfigPath, result = config/phone/0/normal/chinese.json
06-11 09:36:23.180  2781  2781 I A000ff/HMKeyboard_DeleteTextHelper: stopDel, holdTimer:undefined, slowTimer:undefined, fastTimer:undefined
06-11 09:36:23.181  2781  2781 I A000ff/HMKeyboard_KeyboardCanvas: clearTouchMap enter
06-11 09:36:23.181  2781  2781 I A000ff/HMKeyboard_KeyboardCanvas: initKeyboard this.keyboardType = config/phone/0/normal/chinese.json,isMachineKeyboard = false
06-11 09:36:23.183  2781  2781 I A000ff/HMKeyboard_KeyboardCanvas: keyTitleColor = 4278190080,keySelectedTitleColor :0, keySubTitleColor: 1711276032,keySelectedSubTitleColor :0,functionKeySelectedTitleColor:0
06-11 09:36:23.183  2781  2781 I A000ff/HMKeyboard_KbdScaleUtils: updateNormalScaleProgress: horizontalScaleProgress = 1, verticalScaleProgress = 1, normalKbdScaleProgress = 1
06-11 09:36:23.184  2781  2781 I A000ff/HMKeyboard_KeyboardCanvas: kbdMarginLeft = 0, kbdMarginRight = 0, keyboardMainHeight = 218, this.keyLeftMargin = 5, this.keyTopMargin = 12, keyboardWidth = 387.6923076923077, keyboardMainWidth = 387.6923076923077, keyboardLeftMargin = 7.499999999999999, keyboardBottomMargin = 6
06-11 09:36:23.184  2781  2781 I A000ff/HMKeyboard_KeyboardCanvas: this.keyHeight = 44, this.baseKeyWidth = 32.76923076923077, this.kbdHalfWidth = 0, kbdCenterSpace = 0, this.defaultFontSize = 20
06-11 09:36:23.193  2704  2704 I A04200/WINDOW: SCBScenePanelManager --> Add scene container session, id: 2
06-11 09:36:23.193  2704  2704 I A01b01/HOME: SCBScenePanel --> [WMSMain]onSceneTransition start scene add new containerSession: 2
06-11 09:36:23.193  2704  2704 I A01b01/HOME: SCBScenePanel --> getSceneContainerSessionWithPersistentId with session id: 36
06-11 09:36:23.194  2704  2704 I A01b01/HOME: SCBScenePanel --> getSceneContainerSessionWithPersistentId from containerSessionList id: 36
06-11 09:36:23.194  2704  2704 I A01b01/HOME: SCBScenePanel --> startSceneWithRotationIfNeed containerSession com.huawei.hmos.inputmethod/default/MainAbility(persistentId: 38)(containerId: 2)needAnimation false isFromRecent false fromUser false
06-11 09:36:23.194  2704  2704 I A04200/WINDOW: SCBSceneContainerSession --> getTargetRotation: com.huawei.hmos.inputmethod requestOrientation: 18
06-11 09:36:23.194  2704  2704 I A04200/WINDOW: SCBScreenSessionManager --> getScreenOrientationLocked this.screenRotationLocked,value:true
06-11 09:36:23.194  2704  2704 I A04200/WINDOW: SCBSceneContainerSession --> processRotationPolicyOrientation requestOrientation: 18 sensorRotation: 0 isScreenLocked: true fromUser: false currentScreenRotation: 0
06-11 09:36:23.194  2704  2704 I A04200/WINDOW: SCBSceneOrientationPolicy --> SCBFollowDesktopOrientationPolicy:  currentScreenRotation: 0 sensorRotation: 0 isScreenLocked: true fromUser: false
06-11 09:36:23.194  2704  2704 E A01b01/HOME: SCBScenePanel --> startSceneWithRotationIfNeed currentContainerRotation=0 container name=com.huawei.hmos.inputmethod/default/MainAbility(persistentId: 38)(containerId: 2)
06-11 09:36:23.194  2704  2704 I A01b01/HOME: SCBScenePanel --> startSceneWithRotationIfNeed before rotate with targetRotation=0, sensorRotation=0, currentScreenRotation=0, currentContainerRotation=0, name=com.huawei.hmos.inputmethod
06-11 09:36:23.194  2781  2781 I A000ff/HMKeyboard_KeyboardCanvas: onInputStateChange, 0, 19, zh, chinese, false
06-11 09:36:23.194  2704  2704 I A01b01/HOME: SCBScenePanel --> no need to rotate with same targetRotation
06-11 09:36:23.195  2704  2704 I A04200/WINDOW: SCBSceneContainerSession --> updateLastUsedTimestamp primarySession id:38, secondarySession id:
06-11 09:36:23.195  2704  2704 I A04200/WINDOW: SCBScenePanelManager --> Remove scene container session, id: 2
06-11 09:36:23.195  2704  2704 I A04200/WINDOW: SCBScenePanelManager --> raiseFloatingSceneToTop with null  containerSession
06-11 09:36:23.195  2704  2704 I A04200/WINDOW: SCBSceneContainerSession --> Terminate status changed to false
06-11 09:36:23.195  2704  2704 I A04200/WINDOW: SCBSceneContainerSession --> updateLastUsedTimestamp primarySession id:38, secondarySession id:
06-11 09:36:23.195  2704  2704 W A04200/WINDOW: SCBSceneContainerSession --> [SCBMain] Request scene container session activation, name: com.huawei.hmos.inputmethod/default/MainAbility(persistentId: 38)(containerId: 2) isNewActive: false, isPersist: true, reason: undefined
06-11 09:36:23.195  2704  2704 I A04200/WINDOW: SCBSceneContainerSession --> Terminate status changed to false
06-11 09:36:23.195  2704  2704 I A04200/WINDOW: SCBSceneSession --> [SCBMain]requestSessionActivation: isNewActive: false, isPersist: true, reason: undefined, name: com.huawei.hmos.inputmethod/default/MainAbility(persistentId: 38), containerRotation: 0
06-11 09:36:23.195  2704  2704 I A04200/WINDOW: SCBSceneSessionManager --> [SCBMain]requestSceneSessionActivation, persistentId:38
06-11 09:36:23.195  2704  2704 I A04200/WINDOW: SCBSceneSessionManager --> [SCBMain]setIsActivatedAfterScreenLocked, isScreenLocked: false
06-11 09:36:23.195  2704  2704 I A04200/WINDOW: SCBScenePersistent --> update to persistentMap, bundleName: com.huawei.hmos.inputmethod moduleName: default abilityName: MainAbility
06-11 09:36:23.196  2704  2704 I A01b01/HOME: SCBScenePanel --> enter FULLSCENE
06-11 09:36:23.197  2704  2704 I A04200/WINDOW: SCBSceneContainerSession --> [SCBSceneContainerSession]set border radius from 0 to 36.       reason: init, extra info: dev.makepad.makepad_example_native_text_input/makepad/EntryAbility(persistentId: 36)(containerId: 1)
06-11 09:36:23.197  2704  2704 I A04200/WINDOW: SCBSceneContainerSession --> set NeedRenderClip clipHeight type of number from 2720 to 2720.
06-11 09:36:23.197  2704  2704 I A04200/WINDOW: SCBSceneContainerSession --> set NeedRenderClip clipWidth type of number from 1260 to 1260.
06-11 09:36:23.197  2704  2704 I A04200/WINDOW: SCBSceneContainerSession --> [SCBSceneContainerSession]set border radius from 0 to 36.       reason: init, extra info: com.huawei.hmos.inputmethod/default/MainAbility(persistentId: 38)(containerId: 2)
06-11 09:36:23.198  2704  2704 I A04200/WINDOW: SCBSceneContainerSession --> [SCBSceneContainerSession]set sceneAlpha from 0 to 1.       reason: init, extra info: com.huawei.hmos.inputmethod/default/MainAbility(persistentId: 38)(containerId: 2)
06-11 09:36:23.198  2704  2704 I A04200/WINDOW: SCBSceneContainerSession --> set NeedRenderClip clipHeight type of number from 2720 to 2720.
06-11 09:36:23.198  2704  2704 I A04200/WINDOW: SCBSceneContainerSession --> set NeedRenderClip clipWidth type of number from 1260 to 1260.
06-11 09:36:23.198  2704  2704 I A01b01/HOME: SCBScenePanel --> updateScenePanelState scenePanelState already 1
06-11 09:36:23.198  2704  2704 I A01b0a/GESTURE: SCBGestureDockModel --> appListSize is 0,
06-11 09:36:23.198  2704  2704 I A01b0a/GESTURE:     recent size is 0,
06-11 09:36:23.198  2704  2704 I A01b0a/GESTURE:     dock size is 0}
06-11 09:36:23.198  2704  2704 I A04200/WINDOW: SCBSceneSessionManager --> [SCBImms]enterRecentTask:false
06-11 09:36:23.198  2704  2704 I A04200/WINDOW: SCBSceneSessionManager --> [SCBImms]update force prop, type:0, callModule:RecentTask out
06-11 09:36:23.198  2704  2704 I A04200/WINDOW: SCBSceneSessionManager --> [SCBImms]update prop, locked:false
06-11 09:36:23.198  2704  2704 I A04200/WINDOW: SCBSceneSessionManager --> [SCBImms]app prop is applied: false
06-11 09:36:23.198  2704  2704 I A01b01/HOME: SCBScenePanel --> needMinimizeActiveContainer currMode 1 activeMode 1
06-11 09:36:23.199  2704  2704 I A01b01/HOME: SCBScenePanel --> [SCBMain]sceneContainerAppTransitionChange isBackTransition:false, needRemoveSession:false, needTerminate:false
06-11 09:36:23.199  2704  2704 I A04200/WINDOW: SCBSceneContainerSession --> [SCBMain] requestSceneBackground, name: dev.makepad.makepad_example_native_text_input/makepad/EntryAbility(persistentId: 36)(containerId: 1) isToDeskTop:undefined isDelegator:false isSaveSnapshot:undefined
06-11 09:36:23.199  2704  2704 I A04200/WINDOW: SCBScenePersistent --> update to persistentMap, bundleName: dev.makepad.makepad_example_native_text_input moduleName: makepad abilityName: EntryAbility
06-11 09:36:23.199  2781  2781 I A000ff/HMKeyboard_KeyboardCanvas: current enterKeyType is 6
06-11 09:36:23.199  2781  2781 I A000ff/HMKeyboard_EngineTool: setKbdSizeAndKeyLocation call.
06-11 09:36:23.199  2781  2781 I A000ff/HMKeyboard_CanvasPopWindow: initWindow end
06-11 09:36:23.199  2781  2781 I A000ff/HMKeyboard_KeyboardCanvas: this.menuType = 0, this.keyboardType = config/phone/0/normal/chinese.json
06-11 09:36:23.199  2704  2704 E A04200/WINDOW: SCBSceneContainerSession --> current is not split or primarySession is null or secondarySession is null
06-11 09:36:23.199  2781  2781 I A000ff/HMKeyboard_KeyboardCanvas: isHandWriteOnKbdOpen false, isInHandWriting false
06-11 09:36:23.199  2704  2704 I A04200/WINDOW: SCBSceneSession --> [SCBMain]: request SceneSession Background name: dev.makepad.makepad_example_native_text_input/makepad/EntryAbility(persistentId: 36)
06-11 09:36:23.199  2704  2704 I A04200/WINDOW: SCBScene --> [UseControl]Use control isActive:false persistentId:36
06-11 09:36:23.202  2781  2841 I A000ff/HMKeyboard_EngineWorker: isThumbKbdMode is false, keys len：26
06-11 09:36:23.202  2781  2841 I A00000/ohos_jni_EngineHelper: SetProximityInfo, kbdWidth:387, kbdHeight:218, horizontalGap:5, verticalGap:12, isThumbKbdMode:0, num of keys:26
06-11 09:36:23.202  2704  2704 I A04200/WINDOW: SCBSceneSessionManager --> [SCBMain]requestSceneSessionBackground, persistentId:36 isDelegator:false isToDeskTop:undefined isSaveSnapshot:undefined
06-11 09:36:23.203  2704  2704 I A04200/WINDOW: SCBSceneContainerSession --> [SCBScenePanel]set border radius from 36 to 36.       reason: sceneContainerAppTransitionChange, extra info: dev.makepad.makepad_example_native_text_input/makepad/EntryAbility(persistentId: 36)(containerId: 1)
06-11 09:36:23.203  2704  2704 I A04200/WINDOW: SCBSceneContainerSession --> [SCBScenePanel]set translateX from 0 to 387.6923076923077.       reason: sceneContainerAppTransitionChange, extra info: com.huawei.hmos.inputmethod/default/MainAbility(persistentId: 38)(containerId: 2)
06-11 09:36:23.203  2781  2841 I A00000/ohos_jni_IntelligentTouchModel: Update touch model state
06-11 09:36:23.203  2781  2841 I A00000/ohos_jni_PyEngineWrapper: Set Param key:ipt_param_layout value:5,0,24,50,62,106,37,56
06-11 09:36:23.203  2781  2841 I A00000/ohos_jni_PyEngineWrapper: Set Param result:0
06-11 09:36:23.203  2781  2841 I A00000/ohos_jni_EngineHelper: SetProximityInfo end
06-11 09:36:23.220  3062  3062 I A00000/testTag: Ability onBackground
06-11 09:36:23.224  2704  2704 I A04200/WINDOW: SCBSystemScene --> onVisibilityChange: false systemName: SCBDesktop5
06-11 09:36:23.224  2704  2704 I A04200/WINDOW: SCBSystemSceneSession --> [SCBSystem]processStateChange, state: 5 id: 13 name: SCBDesktop5
06-11 09:36:23.224  2704  2704 I A04200/WINDOW: SCBSystemSceneSession --> [SCBSystem]onSessionStateChange, id: 13, state: 5
06-11 09:36:23.224  2704  2704 I A04200/WINDOW: SCBSceneSessionManager --> requestUnfocus id : 13, reason: 4
06-11 09:36:23.224  2704  2704 I A01b00/SCB: BaseViewController --> hide DESKTOP persistentId: 13
06-11 09:36:23.287  2704  2704 I A01b00/SCB: AnimateToScheduleUtils --> raiseAnimateToCPUPriority: 0
06-11 09:36:23.287  2704  2704 I A04200/WINDOW: SCBTransitionManager --> addTransitionCount 2, 0
06-11 09:36:23.289  2704  2704 I A01b00/SCB: AnimateToScheduleUtils --> raiseAnimateToCPUPriority: 0
06-11 09:36:23.342  2704  2704 I A04200/WINDOW: SCBInputMethodHelper --> enableShowInputMethodForSplit false
06-11 09:36:23.358  2704  2704 I A04200/WINDOW: SCBIMFKeyboardPanel --> aboutToDisappear, name:BelowScenePanel
06-11 09:36:23.358  2704  2704 I A01b00/SCB: SCBKeyboardManager --> unRegisterRectChangeCallbackOfKeyboardPanel, size:3, name:BelowScenePanel
06-11 09:36:23.378  2704  2704 I A04200/WINDOW: SCBIMFKeyboardPanel --> Keyboard aboutToDisappear
06-11 09:36:24.199  2704  2704 I A04200/WINDOW: SCBIMFKeyboardPanel --> disableShow, newState: 1, curState: 2, name: BelowSpecificScene
06-11 09:36:24.199  2704  2704 I A04200/WINDOW: SCBIMFKeyboardPanel --> disableShow, newState: 1, curState: 4, name: AboveSpecificScene
06-11 09:36:24.200  2704  2704 I A04200/WINDOW: SCBIMFKeyboardPanel --> disableShow, newState: 1, curState: 6, name: AboveFloatContainerScene
06-11 09:36:24.201  2704  2704 I A01b00/SCB: SCBKeyboardManager --> registerkeyboardGravityChangeCallbacks
06-11 09:36:24.201  2704  2704 I A01b00/SCB: SCBKeyboardManager --> registerKeyboardShowCallback
06-11 09:36:24.202  2704  2704 I A01b0a/GESTURE: SCBEventExclusiveManager --> registerEventExclusive, caller:SPLIT_GESTURE
06-11 09:36:24.206  2781  2781 I A000ff/HMKeyboard_KeyboardCanvas: onReady enter, keyParamArray.length = 35
06-11 09:36:24.228  2781  3769 I A000ff/HMKeyboard_setS2LabelTask: setS2LabelForEngineFiles begin
06-11 09:36:24.229  2781  3769 E A000ff/HMKeyboard_FileUtils: accessSync false 2
06-11 09:36:24.229  2781  3769 I A000ff/HMKeyboard_setS2LabelTask: setS2LabelForEngineFiles over, cost: 1 ms
06-11 09:36:24.312  2781  2781 I A000ff/HMKeyboard_KeyboardCanvas: drawSpaceKey enter
06-11 09:36:24.314  2781  2781 E A000ff/HMKeyboard_ResMgrWrapper: getNumberByName ex:, resId:26key_space_normal_title_color_type
06-11 09:36:24.315  2704  2704 I A04200/WINDOW: SCBInputMethodHelper --> enableShowInputMethodForSplit false
06-11 09:36:24.319  2704  2704 I A04200/WINDOW: SCBSceneSession --> registerOnUpdateSessionLabelCallback
06-11 09:36:24.320  2704  2704 I A04200/WINDOW: SCBSceneSession --> registerOnUpdateSessionIconCallback
06-11 09:36:24.320  2704  2704 I A04200/WINDOW: SCBSceneSession --> registerCreateSubSessionCallback, id: 38
06-11 09:36:24.320  2704  2704 I A04200/WINDOW: SCBSceneSession --> [SCBDialog] registerCreateDialogCallback
06-11 09:36:24.320  2704  2704 I A04200/WINDOW: SCBSceneSession --> registerSessionTouchableChangeCallback
06-11 09:36:24.321  2704  2704 I A04200/WINDOW: SCBSceneSession --> registerSessionSystemBarPropertyCallback
06-11 09:36:24.321  2704  2704 I A04200/WINDOW: SCBSceneSessionManager --> [SCBImms]registerSystemBarPropertyCallbacks success
06-11 09:36:24.419  2781  2781 I A000ff/HMKeyboard_pages_index: onAreaChange componentInfo: 
06-11 09:36:24.476  2781  2781 I A000ff/HMKeyboard_SoundPoolHelper: unload All Audio
06-11 09:36:24.476  2781  2781 I A000ff/HMKeyboard_EngineTool: setParameter:{"0":0,"1":1,"2":1,"3":0,"10":0,"11":1,"12":0,"13":1,"15":2,"16":1}
06-11 09:36:24.494  2704  2704 I A04200/WINDOW: SCBSceneContainerSession --> [SCBScenePanel]set translateX from 387.6923076923077 to 0.       reason: sceneContainerAppTransitionChange, extra info: com.huawei.hmos.inputmethod/default/MainAbility(persistentId: 38)(containerId: 2)
06-11 09:36:24.494  2704  2704 I A04200/WINDOW: SCBSceneContainerSession --> [SCBScenePanel]set translateX from 0 to -396.9230769230769.       reason: sceneContainerAppTransitionChange, extra info: dev.makepad.makepad_example_native_text_input/makepad/EntryAbility(persistentId: 36)(containerId: 1)
06-11 09:36:24.495  2704  2704 I A04200/WINDOW: SCBSceneContainerSession --> [SCBScenePanel]set scaleX from 1 to 0.9.       reason: sceneContainerAppTransitionChange, extra info: com.huawei.hmos.inputmethod/default/MainAbility(persistentId: 38)(containerId: 2)
06-11 09:36:24.495  2704  2704 I A04200/WINDOW: SCBSceneContainerSession --> [SCBScenePanel]set scaleY from 1 to 0.9.       reason: sceneContainerAppTransitionChange, extra info: com.huawei.hmos.inputmethod/default/MainAbility(persistentId: 38)(containerId: 2)
06-11 09:36:24.496  2704  2704 I A04200/WINDOW: SCBSceneContainerSession --> [SCBScenePanel]set scaleX from 1 to 0.9.       reason: sceneContainerAppTransitionChange, extra info: dev.makepad.makepad_example_native_text_input/makepad/EntryAbility(persistentId: 36)(containerId: 1)
06-11 09:36:24.496  2704  2704 I A04200/WINDOW: SCBSceneContainerSession --> [SCBScenePanel]set scaleY from 1 to 0.9.       reason: sceneContainerAppTransitionChange, extra info: dev.makepad.makepad_example_native_text_input/makepad/EntryAbility(persistentId: 36)(containerId: 1)
06-11 09:36:24.500  2704  2704 I A04200/WINDOW: SCBSceneContainerSession --> [SCBScenePanel]set scaleX from 0.9 to 1.       reason: sceneContainerAppTransitionChange, extra info: com.huawei.hmos.inputmethod/default/MainAbility(persistentId: 38)(containerId: 2)
06-11 09:36:24.500  2704  2704 I A04200/WINDOW: SCBSceneContainerSession --> [SCBScenePanel]set scaleY from 0.9 to 1.       reason: sceneContainerAppTransitionChange, extra info: com.huawei.hmos.inputmethod/default/MainAbility(persistentId: 38)(containerId: 2)
06-11 09:36:24.500  2704  2704 I A04200/WINDOW: SCBSceneContainerSession --> [SCBScenePanel]set scaleX from 0.9 to 1.       reason: sceneContainerAppTransitionChange, extra info: dev.makepad.makepad_example_native_text_input/makepad/EntryAbility(persistentId: 36)(containerId: 1)
06-11 09:36:24.500  2704  2704 I A04200/WINDOW: SCBSceneContainerSession --> [SCBScenePanel]set scaleY from 0.9 to 1.       reason: sceneContainerAppTransitionChange, extra info: dev.makepad.makepad_example_native_text_input/makepad/EntryAbility(persistentId: 36)(containerId: 1)
06-11 09:36:24.502  2704  2704 I A04200/WINDOW: SCBFloatManager --> [SCBFloat] decreaseFloatingSceneIfNeed skip, activeCount: 0 limitCount : 1 reason: 1
06-11 09:36:24.502  2704  2704 I A01b09/RECENT: QuickSwitchRaiseTopAlarm --> cancel alarm, reason: start scene transition
06-11 09:36:24.502  2704  2704 I A04200/WINDOW: SCBSceneSession --> [SCBImms]on session state change, window:36, state:4
06-11 09:36:24.503  2704  2704 I A04200/WINDOW: SCBSceneSession --> [SCBImms]on session state change, window:36, state:5
06-11 09:36:24.527  2704  2704 I A04200/WINDOW: SCBScreenSessionManager --> unRegisterScreenPropertyChangeCallbacks caller: at onSessionStateChange (SCBSceneSession.ts:1681:1)screenId: undefined true null
06-11 09:36:24.527  2704  2704 I A04200/WINDOW: SCBScreenSessionManager --> recordEventFromScb
06-11 09:36:24.615  2704  2704 I A04200/WINDOW: SCBScreenSessionManager --> callbackRegisterMap callerStack: at onSessionStateChange (SCBSceneSession.ts:1681:1)
06-11 09:36:24.616  2704  2704 I A04200/WINDOW: SCBScreenSessionManager --> recordEventFromScb
06-11 09:36:24.618  2704  2704 I A04200/WINDOW: SCBScreenSessionManager --> unRegisterScreenPropertyChangeCallbacks index:21 removed:1
06-11 09:36:24.618  2704  2704 I A04200/WINDOW: SCBSceneSessionManager --> [SCBImms]update prop, locked:false
06-11 09:36:24.619  2704  2704 I A04200/WINDOW: SCBSceneSessionManager --> [SCBImms]app prop is applied: false
06-11 09:36:24.619  2704  2704 I A04200/WINDOW: SCBSceneSession --> updateNavigationBarProperty in onSessionStateChange to STATE_BACKGROUND FULLSCREEN
06-11 09:36:24.619  2704  2704 I A01b0a/GESTURE: SCBGestureNavBar --> SCBGestureNavBar NavigationBarCallback true
06-11 09:36:24.625  2704  2704 I A01b0a/GESTURE: SCBGestureNavBar --> bundleName is  dev.makepad.makepad_example_native_text_input isDeliver:false
06-11 09:36:24.625  2704  2704 I A04200/WINDOW: SCBSceneSessionManager --> [SCBFocus]onShiftFocus from id:  36 to id: 13
06-11 09:36:24.626  2704  2704 I A04200/WINDOW: SCBSceneSessionManager --> get session by persistentId: 13
06-11 09:36:24.627  2704  2704 I A01b00/SCB: ViewManagerPolicy --> 13 notifyViewGainFocus
06-11 09:36:24.627  2704  2704 I A01b0a/GESTURE: SCBGestureManager --> onGainFocus
06-11 09:36:24.627  2704  2704 I A01b0a/GESTURE: SCBGestureManager --> resetThirdAppEnable.
06-11 09:36:24.627  2704  2704 W A01b0a/GESTURE: SCBGestureManager --> caller is SceneBoard caller.
06-11 09:36:24.627  2704  2704 I A01b01/HOME: SCBDesktop --> Desktop focus
06-11 09:36:24.628  2704  2704 I A01b00/SCB: GlobalSearchPowerMonitor --> desktop or negative screen gain focus
06-11 09:36:24.629  2704  2704 I A01b00/SCB: GlobalSearchPowerMonitor --> isBlockOpen: false
06-11 09:36:24.631  2704  2704 I A01b0b/AISUGGESTION: AbilityFormUtil --> no celia cards in current desktop
06-11 09:36:24.631  2704  2704 I A04200/WINDOW: SCBSceneSessionManager --> [SCBFocus]onShiftFocus from id:  13 to id: 0
06-11 09:36:24.632  2704  2704 I A01b00/SCB: ViewManagerPolicy --> 13 notifyViewLoseFocus
06-11 09:36:24.632  2704  2704 I A01b0a/GESTURE: SCBGestureManager --> onLoseFocus
06-11 09:36:24.632  2704  2704 I A01b01/HOME: SCBDesktop --> Desktop lose focus, the scenePanelState is 1
06-11 09:36:24.632  2704  2704 I A04200/WINDOW: SCBSceneSessionManager --> get session by persistentId: 0
06-11 09:36:24.637  2704  2704 I A01a00/SYS_UI: PhoneAppManager --> ability[com.huawei.hmos.inputmethod|MainAbility] state change to 0
06-11 09:36:24.638  2704  2704 I A0001b/AA: RecentlyUseController --> buildRecentlyUseInfo {"bundleName":"dev.makepad.makepad_example_native_text_input","moduleName":"makepad","abilityName":"EntryAbility","pid":3062,"uid":20020051,"state":2,"abilityType":1,"isAtomicService":false}}
06-11 09:36:24.638  2704  2704 I A0001b/AA: RecentlyUseController --> buildRecentlyUseInfo abilityStateData is exit
06-11 09:36:24.638  2704  2704 I A01a00/SYS_UI: PhoneAppManager --> ability[dev.makepad.makepad_example_native_text_input|EntryAbility] state change to 2
06-11 09:36:24.640  2704  2704 I A01a00/SYS_UI: PhoneAppManager --> ability[dev.makepad.makepad_example_native_text_input|EntryAbility] state change to 4
06-11 09:36:24.640  2704  2704 I A01a00/SYS_UI: PhoneAppManager --> checkAbilityForegroundChange change: 4, dev.makepad.makepad_example_native_text_input
06-11 09:36:24.641  2704  2704 W A04200/WINDOW: SCBSpecificSession --> getParentSession: fail to find containerSession with persistentId: 0
06-11 09:36:24.641  2704  2704 I A04200/WINDOW: SCBSpecificSession --> [SCBLayout] rectChangeCallback exists, id: 6, reason: 7, rect: [0, 0, 1260, 2720]
06-11 09:36:24.642  2704  2704 I A04200/WINDOW: SCBSpecificScene --> onSessionRectChange start, id: 6 reason: 7, rect: [0, 0, 1260, 2720], currRect: [0, 0, 1260, 2720]
06-11 09:36:24.642  2704  2704 I A04200/WINDOW: SCBSpecificScene --> session rect not change
06-11 09:36:24.642  2704  2704 I A04200/WINDOW: SCBSpecificSession --> id:6 updateSizeChangeReason:7
06-11 09:36:24.682  2704  2704 I A04200/WINDOW: SCBScreen --> [SCBKeyboardAnimate] finished, animCnt: 0, sessionState: 5
06-11 09:36:24.692  2704  2704 I A04200/WINDOW: SCBKeyboardSession --> old isKeyboardEnableShow: true, new isKeyboardEnableShow: false
06-11 09:36:25.004  2704  2704 I A04200/WINDOW: SCBIMFKeyboardPanel --> disableShow, newState: 1, curState: 2, name: BelowSpecificScene
06-11 09:36:25.008  2704  2704 I A04200/WINDOW: SCBIMFKeyboardPanel --> disableShow, newState: 1, curState: 4, name: AboveSpecificScene
06-11 09:36:25.009  2704  2704 I A04200/WINDOW: SCBIMFKeyboardPanel --> disableShow, newState: 1, curState: 6, name: AboveFloatContainerScene
06-11 09:36:25.036  2704  2704 I A04200/WINDOW: SCBScene --> [SCBKeyboard] persistentId 36 isKeyboardEnableShow change false
06-11 09:36:25.037  2704  2704 I A04200/WINDOW: SCBInputMethodHelper --> enableShowInputMethodForSplit false
06-11 09:36:25.059  2704  2704 I A04200/WINDOW: SCBSceneSessionManager --> [SCBFocus]onShiftFocus from id:  0 to id: 38
06-11 09:36:25.059  2704  2704 I A04200/WINDOW: SCBSceneSessionManager --> get session by persistentId: 38
06-11 09:36:25.071  2704  2704 I A04200/WINDOW: SCBSceneSessionManager --> getSessionById duration time: 11950.083999991417 us, max: 23806.70800000429 us
06-11 09:36:25.271  3600  3600 I A000ff/HMKeyboard_DeviceHelper: productValue: 0,0,0,0
06-11 09:36:25.272  3600  3600 I A000ff/HMKeyboard_KbdDeviceInfoUtil: setScreenInfo call
06-11 09:36:25.276  3600  3600 I A000ff/HMKeyboard_KbdDeviceInfoUtil: setScreenInfo, mScreenWidth = 1260,mScreenHeight = 2720,
06-11 09:36:25.276  3600  3600 I A000ff/HMKeyboard_KbdDeviceInfoUtil:           densityPixels = 3.25,densityDPI = 520, rotation = 0,
06-11 09:36:25.276  3600  3600 I A000ff/HMKeyboard_KbdDeviceInfoUtil:           isFoldAble = false , isVerde = false
06-11 09:36:25.276  3600  3600 I A000ff/HMKeyboard_KbdDeviceInfoUtil: isExpand: false,size: 6.76,PPM: 17.458333868476046
06-11 09:36:25.320  3600  3600 I A00000/AKI: [INFO:GrsServiceImpl.cpp(220)] register AKI addon: grsservice
06-11 09:36:25.320  3600  3600 I A00000/AKI: [INFO:napi_init.cpp(99)] begin to initial AKI with version: 1.2.14
06-11 09:36:25.353  2704  2704 I A01b0d/HICAR: TopAppManager --> COMMON_EVENT_TOP_APP_CHANGE success
06-11 09:36:25.364  3600  3600 I A00000/AKI: [INFO:napi_init.cpp(99)] begin to initial AKI with version: 1.2.14
06-11 09:36:25.368  3600  3600 I A00001/NK_URL_TS: Url Engine start, buildVersion:8.0.7-308 buildType:RelWithDebInfo isLite:false
06-11 09:36:25.369  3600  3600 I A00001/NK_COMM_TS: NetworkStatus set callback to cpp start
06-11 09:36:25.369  3600  3600 I A00000/chromium: [0611/093625.369466:INFO:network_change_notifier_napi.h(95)] SetInitCallback in master JS thread, thread id:3600 isCallJsInited:0
06-11 09:36:25.494  3600  3600 I A00000/AKI: [INFO:DownloadService.cpp(521)] register AKI addon: network-filedownload-service
06-11 09:36:25.495  3600  3600 I A00000/AKI: [INFO:napi_init.cpp(99)] begin to initial AKI with version: 1.2.14
06-11 09:36:25.507  3600  3600 I A00001/NK_DOWNLOAD_TS: Download Engine start, buildVersion:8.0.7-308 buildType:RelWithDebInfo isLite:false
06-11 09:36:25.507  3600  3600 I A00001/NK_COMM_TS: NetworkStatus set callback to cpp start
06-11 09:36:25.508  3600  3600 W A00000/chromium: [0611/093625.508046:WARNING:network_change_notifier_napi.h(86)] it's isCallJsInited: 1
06-11 09:36:25.607  3600  3600 I A000ff/HMKeyboard_DeviceHelper: fullVersion:emulator 5.0.0.135(SP1DEVC00E135R4P11log)
06-11 09:36:25.798  2704  2704 I A01b01/HOME: SCBScenePanel --> [SCBMain]sceneContainerAppTransitionChange animation finish. isBackTransition:false, needRemoveSession:false
06-11 09:36:25.818  2704  2704 I A04200/WINDOW: SCBSceneContainerSession --> [SCBScenePanel]set border radius from 36 to 0.       reason: updateToContainerSessionBorderRadius, extra info: com.huawei.hmos.inputmethod/default/MainAbility(persistentId: 38)(containerId: 2)
06-11 09:36:25.820  2704  2704 I A01b00/SCB: AnimateToScheduleUtils --> raiseAnimateToCPUPriority: 1
06-11 09:36:25.821  2704  2704 W A04200/WINDOW: SCBSceneContainerSession --> transitionOutFinish
06-11 09:36:25.870  2704  2704 I A01b00/SCB: AnimateToScheduleUtils --> raiseAnimateToCPUPriority: 1
06-11 09:36:25.870  2704  2704 I A04200/WINDOW: SCBTransitionManager --> cleanTransition ignore
06-11 09:36:25.871  2704  2704 I A04200/WINDOW: SCBSceneContainerSession --> [SCBSceneContainerSession]set translateX from -396.9230769230769 to 0.       reason: init, extra info: dev.makepad.makepad_example_native_text_input/makepad/EntryAbility(persistentId: 36)(containerId: 1)
06-11 09:36:25.871  2704  2704 I A04200/WINDOW: SCBSceneContainerSession --> [SCBSceneContainerSession]set border radius from 36 to 36.       reason: init, extra info: dev.makepad.makepad_example_native_text_input/makepad/EntryAbility(persistentId: 36)(containerId: 1)
06-11 09:36:25.872  2704  2704 I A04200/WINDOW: SCBSceneContainerSession --> set NeedRenderClip clipHeight type of number from 2720 to 2720.
06-11 09:36:25.872  2704  2704 I A04200/WINDOW: SCBSceneContainerSession --> set NeedRenderClip clipWidth type of number from 1260 to 1260.
06-11 09:36:25.938  2704  2704 I A04200/WINDOW: SCBSceneSession --> unRegisterAll: 36.
06-11 09:36:25.940  2704  2704 I A04200/WINDOW: SCBSceneSessionManager --> [SCBImms]unRegisterSystemBarPropertyCallbacks success
06-11 09:36:26.168  3600  3600 I A0ff00/[Consent-ASSDK]: hcb start.
06-11 09:36:26.199  3600  3600 I A000ff/HMKeyboard_ThemeManager: getKeyboardTheme is WIND
06-11 09:36:26.314  3600  3600 I A000ff/HMKeyboard_AbilityStage: onCreate
06-11 09:36:26.317  3600  3600 I A000ff/HMKeyboard_ContextHolder: set app context
06-11 09:36:26.317  3600  3600 I A000ff/HMKeyboard_FileUtils: set [object Object] areaMode: 0
06-11 09:36:26.318  3600  3600 I A000ff/HMKeyboard_FileUtils: set [object Object] areaMode: 1
06-11 09:36:26.318  3600  3600 I A000ff/HMKeyboard_FileUtils: set [object Object] areaMode: 2
06-11 09:36:26.319  3600  3600 I A000ff/HMKeyboard_FileUtils: set [object Object] areaMode: 1
06-11 09:36:26.320  3600  3600 I A000ff/HMKeyboard_ContextHolder: save app context dir over
06-11 09:36:26.320  3600  3600 I A000ff/HMKeyboard_FbeHelper: probe cost 0 ms
06-11 09:36:26.321  3600  3600 I A000ff/HMKeyboard_FbeHelper: not fbe mode
06-11 09:36:26.323  3600  3600 I A000ff/HMKeyboard_FileUtils: set [object Object] areaMode: 0
06-11 09:36:26.327  3600  3600 I A000ff/HMKeyboard_DefEl1Sp: getPreferencesSync end, isForceRefresh:false, preferencesDir is /data/storage/el1/base/preferences
06-11 09:36:26.331  3600  3600 I A000ff/HMKeyboard_FileUtils: set [object Object] areaMode: 1
06-11 09:36:26.333  3600  3600 I A000ff/HMKeyboard_El2Sp: getPreferencesSync end, isForceRefresh:false, preferencesDir is /data/storage/el2/base/preferences
06-11 09:36:26.335  3600  3600 I A000ff/HMKeyboard_GlobalPropertyUpdate: currentColorMode is dark? : false
06-11 09:36:26.336  3600  3600 I A000ff/HMKeyboard_DisplayChangeEventRe: on process create call
06-11 09:36:26.338  3600  3600 I A000ff/HMKeyboard_KbdDeviceInfoUtil: isExpand: false,size: 6.76,PPM: 17.458333868476046
06-11 09:36:26.354  3600  3600 E A000ff/HMKeyboard_ThemeManager: apply theme theme path is empty.
06-11 09:36:26.355  3600  3600 I A000ff/HMKeyboard_SkinManager : applyTheme result = false
06-11 09:36:26.355  3600  3600 I A000ff/HMKeyboard_SettingService: syncKbdTextSizeLevel, candidateTextSizeLevel : 4, kbdTextSizeLevel: 2
06-11 09:36:26.355  3600  3600 I A000ff/HMKeyboard_SettingService: syncCandidateTextSizeLevel, candidateTextSizeLevel : 4, kbdTextSizeLevel: 2
06-11 09:36:26.356  3600  3600 I A000ff/HMKeyboard_SettingService: setSystemFontSizeScaleLevel, systemFontSizeScaleLevel is 2, systemFontSizeScale is 1, update candidateTextSizeLevel to 4, update keyboardTextSizeLevel to 2
06-11 09:36:26.361  3600  3600 I A000ff/HMKeyboard_AbilityStage: applyEfficiencyResources suc
06-11 09:36:26.362  3600  3600 I A000ff/HMKeyboard_DurationUtil: end:{'type': 0, value: 48}
06-11 09:36:26.400  3600  3600 I A03d00/JSAPP: Callee constructor is OK string
06-11 09:36:26.401  3600  3600 I A03d00/JSAPP: Ability::constructor callee is object [object Object]
06-11 09:36:26.479  3600  3600 I A000ff/HMKeyboard_KbdDeviceInfoUtil: getMainWindow heightBangs:108
06-11 09:36:26.480  3600  3600 I A000ff/HMKeyboard_KbdDeviceInfoUtil: get waterfallDisplayPadding is 0
06-11 09:36:26.494  3600  3600 E A000ff/HMKeyboard_CeliaWriterPopHelper: CeliaWriter error:17700001 BusinessError 17700001: The specified bundle is not found.
06-11 09:36:26.509  2704  2704 I A0001b/AA: RecentlyUseController --> buildRecentlyUseInfo {"bundleName":"com.huawei.hmos.inputmethod","moduleName":"default","abilityName":"MainAbility","pid":3600,"uid":20020009,"state":2,"abilityType":1,"isAtomicService":false}}
06-11 09:36:26.510  2704  2704 I A01a00/SYS_UI: PhoneAppManager --> ability[com.huawei.hmos.inputmethod|MainAbility] state change to 2
06-11 09:36:26.511  2704  2704 I A01a00/SYS_UI: PhoneAppManager --> checkAbilityForegroundChange change: 2, com.huawei.hmos.inputmethod
06-11 09:36:26.515  3600  3600 I A000ff/HMKeyboard_FileUtils: set [object Object] areaMode: 1
06-11 09:36:26.515  3600  3600 I A000ff/HMKeyboard_SettingService: onInit: false,isFromSetting: true, forceRefresh: undefined
06-11 09:36:26.517  3600  3600 I A000ff/HMKeyboard_FileUtils: set [object Object] areaMode: 0
06-11 09:36:26.518  3600  3600 I A000ff/HMKeyboard_DefEl1Sp: removePreferencesFromCacheSync end
06-11 09:36:26.518  3600  3600 I A000ff/HMKeyboard_DefEl1Sp: getPreferencesSync end, isForceRefresh:true, preferencesDir is /data/storage/el1/base/preferences
06-11 09:36:26.518  3600  3600 I A000ff/HMKeyboard_FileUtils: set [object Object] areaMode: 1
06-11 09:36:26.556  3600  3600 I A000ff/HMKeyboard_SubTypeManager: SubTypeManager initSubType, isFromSetting = true, isEarthAndMenuEnter = true
06-11 09:36:26.557  3600  3600 I A000ff/HMKeyboard_SubTypeManager: getSettingConfigActivateLanguageData: activateLocalLayout length = 6
06-11 09:36:26.557  3600  3600 I A000ff/HMKeyboard_SubTypeManager: getSettingConfigActivateLanguageData: activateSubtypes = [{"id":"InputZhService","label":"中文拼音","labelId":150994956,"name":"com.huawei.hmos.inputmethod","mode":"lower","locale":"zh_CN","language":"chinese","icon":"$media:150994969","iconId":150994969,"extra":"中文拼音"},{"id":"InputZhDoubleService","label":"中文双拼","labelId":184553084,"name":"com.huawei.hmos.inputmethod","mode":"double","locale":"zh_CN","language":"chinese","icon":"$media:184553086","iconId":184553086,"extra":"中文双拼"},{"id":"InputZhWuBiService","label":"中文五笔","labelId":184553085,"name":"com.huawei.hmos.inputmethod","mode":"wubi","locale":"zh_CN","language":"chinese","icon":"$media:184553087","iconId":184553087,"extra":"中文五笔"},{"id":"InputEnLowerService","label":"英文","labelId":150994949,"name":"com.huawei.hmos.inputmethod","mode":"lower","locale":"en_US","language":"english","icon":"$media:150994965","iconId":150994965,"extra":"English"},{"id":"InputEnUpperService","label":"英文","labelId":150994954,"name":"com.huawei.hmos.inputmethod","mode":"upper","locale":"en_US","language":"english","icon":"$media:150994968","iconId":150994968,"extra":"English"},{"id":"InputPwdService","label":"英文","labelId":150994949,"name":"com.huawei.hmos.inputmethod","mode":"lower","locale":"en_US","language":"english","icon":"$media:150994965","iconId":150994965,"extra":"密码"}]
06-11 09:36:26.568  3600  3600 I A000ff/HMKeyboard_EnterSendMsgManager: isEnterMsgOpen is same as the last time, ignore.
06-11 09:36:26.569  3600  3600 I A000ff/HMKeyboard_SettingService: syncCandidateTextSizeLevel, candidateTextSizeLevel : 4, kbdTextSizeLevel: 2
06-11 09:36:26.569  3600  3600 I A000ff/HMKeyboard_SettingService: syncKbdTextSizeLevel, candidateTextSizeLevel : 4, kbdTextSizeLevel: 2
06-11 09:36:26.569  3600  3600 I A000ff/HMKeyboard_SettingService: OnInit customList size is 1
06-11 09:36:26.569  3600  3600 I A000ff/HMKeyboard_SettingService: syncKbdTextSizeLevel, candidateTextSizeLevel : 4, kbdTextSizeLevel: 2
06-11 09:36:26.569  3600  3600 I A000ff/HMKeyboard_SettingService: syncCandidateTextSizeLevel, candidateTextSizeLevel : 4, kbdTextSizeLevel: 2
06-11 09:36:26.569  3600  3600 I A000ff/HMKeyboard_SettingService: setSystemFontSizeScaleLevel, systemFontSizeScaleLevel is 2, systemFontSizeScale is 1, update candidateTextSizeLevel to 4, update keyboardTextSizeLevel to 2
06-11 09:36:26.570  3600  3600 I A000ff/HMKeyboard_SettingService: onInit soundName： default, volume: 0, vibration: 0
06-11 09:36:26.570  3600  3600 I A000ff/HMKeyboard_AudioAndHapticFeedba: updateAudioVolume sound: 0, isManual: false
06-11 09:36:26.570  3600  3600 I A000ff/HMKeyboard_KeyboardTheme: constructor this.mechanicalKeyboardType: 0
06-11 09:36:26.570  3600  3600 I A000ff/HMKeyboard_AudioAndHapticFeedba: updateAudioName soundName: default
06-11 09:36:26.570  3600  3600 I A000ff/HMKeyboard_AudioAndHapticFeedba: updateCurVibrationLevel curVibrationLevel: 0, isManual: false
06-11 09:36:26.571  3600  3600 E A000ff/HMKeyboard_PrivateCommandManage: client is null
06-11 09:36:26.571  3600  3600 I A000ff/HMKeyboard_KeyboardModeManager: isRotation: false, defaultKbdMode: 0, kbdMode: 0 , island:false,isFoldWithExpandOrHalfFold:false
06-11 09:36:26.571  3600  3600 I A000ff/HMKeyboard_MainAbility: onCreate
06-11 09:36:26.572  3600  3600 I A000ff/HMKeyboard_MainAbility: update display info call.
06-11 09:36:26.574  3600  3600 I A000ff/HMKeyboard_SettingHwIdManager: init, privacy disagreed, clear old info
06-11 09:36:26.574  3600  3600 I A000ff/HMKeyboard_SettingHwIdManager: clear account info
06-11 09:36:26.575  3600  3600 I A000ff/HMKeyboard_CommonEventHelper: init
06-11 09:36:26.576  3600  3600 E A000ff/HMKeyboard_MainAbility: current language is ? : zh-Hans-CN,isRtl? : false
06-11 09:36:26.576  3600  3600 I A000ff/HMKeyboard_KbdThemeManager: init. this.isHasInit: false
06-11 09:36:26.576  3600  3600 I A000ff/HMKeyboard_KeyboardTheme: constructor this.mechanicalKeyboardType: 0
06-11 09:36:26.576  3600  3600 I A000ff/HMKeyboard_KeyboardTheme: restoreTheme this.useThemeInnerSoundLevel: false,
06-11 09:36:26.576  3600  3600 I A000ff/HMKeyboard_KeyboardTheme:      this.useThemeInnerVibrationLevel: false, this.mechanicalKeyboardType: 0
06-11 09:36:26.576  3600  3600 I A000ff/HMKeyboard_PrivacyStatementUtil: start init pafAgreement
06-11 09:36:26.590  3600  3600 I A0ff00/[Consent-ASSDK]: Pref I.
06-11 09:36:26.590  3600  3600 I A0ff00/[Consent-ASSDK]: [AD S]
06-11 09:36:26.591  3600  3600 I A0ff00/[Consent-ASSDK]: [CRR F]
06-11 09:36:26.592  3600  3600 I A0ff00/[Consent-ASSDK]: Http Client Initial.
06-11 09:36:26.620  3600  3600 I A01100/[PafUiWidget]: PafBase(PafUtil): PAF InitInputDevice
06-11 09:36:26.658  3600  3600 E A03900/Ace: getEnumNumberByResourceId error, code: undefined, message: Cannot read property resourceManager of undefined
06-11 09:36:26.666  3600  3600 I A01100/[PafUiWidget]: PafConsent(PafAgreement): PafAgreement initAsync: begin
06-11 09:36:26.667  3600  3600 I A01100/[PafUiWidget]: PafConsent(PafAgreement): PafAgreement initPreference: AppFirstStart:true, AppServiceType:0
06-11 09:36:26.667  3600  3600 I A01100/[PafUiWidget]: PafConsent(PafAgreement): PafAgreement initParameters: begin
06-11 09:36:26.667  3600  3600 I A01100/[PafUiWidget]: PafConsent(PafAgreement): PafAgreement initParameters: serviceCountry=CN
06-11 09:36:26.667  3600  3600 I A01100/[PafUiWidget]: PafConsent(PafAgreement): PafAgreement initParameters: end 
06-11 09:36:26.667  3600  3600 I A01100/[PafUiWidget]: PafConsent(PafAgreement): PafAgreement initAgreement: clientInfoIn aaid length: 0}
06-11 09:36:26.667  3600  3600 I A0ff00/[Consent-ASSDK]: [C S]
06-11 09:36:26.667  3600  3600 I A0ff00/[Consent-ASSDK]: [Aaid len: 0]
06-11 09:36:26.668  3600  3600 I A0ff00/[Consent-ASSDK]: [C E]
06-11 09:36:26.668  3600  3600 I A01100/[PafUiWidget]: PafConsent(PafAgreement): PafAgreement initAgreement: end
06-11 09:36:26.668  3600  3600 I A01100/[PafUiWidget]: PafConsent(PafAgreement): PafAgreement check appServiceType:0
06-11 09:36:26.668  3600  3600 I A01100/[PafUiWidget]: PafConsent(PafAgreement): PafAgreement waitResp:false, forceCheck :false
06-11 09:36:26.668  3600  3600 I A01100/[PafUiWidget]: PafConsent(PafAgreement): PafAgreement initAsync: end. ret: false
06-11 09:36:26.678  2704  2704 I A04200/WINDOW: SCBSceneSession --> [SCBImms]on session state change, window:38, state:1
06-11 09:36:26.690  2704  2704 I A04200/WINDOW: SCBSceneSession --> [SCBImms]on needAvoid persistentId:38
06-11 09:36:26.691  2704  2704 I A04200/WINDOW: SCBSceneSession --> [SCBImms]onNeedAvoid needAvoidCallback status:false
06-11 09:36:26.696  2704  2704 I A04200/WINDOW: SCBSceneSession --> [SCBImms]on prop change window:38
06-11 09:36:26.696  3600  3600 I A000ff/HMKeyboard_MainAbility: onWindowStageCreate, PafUiWidget.init
06-11 09:36:26.696  2704  2704 I A04200/WINDOW: SCBSceneSession --> [SCBImms]on prop change, prop:[30,true,"#00FFFFFF","#FF000000",false,0]
06-11 09:36:26.696  2704  2704 I A04200/WINDOW: SCBSceneSession --> [SCBImms]on prop change, prop:[9,true,"#00FFFFFF","#FF000000",false,0]
06-11 09:36:26.696  2704  2704 I A04200/WINDOW: SCBSceneSession --> [SCBImms]on prop change, prop:[5,true,"#00FFFFFF","#FF000000",false,4]
06-11 09:36:26.697  2704  2704 I A04200/WINDOW: SCBSceneSessionManager --> [SCBImms]update prop, locked:false
06-11 09:36:26.697  2704  2704 I A04200/WINDOW: SCBSceneSessionManager --> [SCBImms]app prop is applied: false
06-11 09:36:26.699  3600  3600 I A01100/[PafUiWidget]: PafBase(PafUiWidget): PafUiWidget configurationUpdate
06-11 09:36:26.700  3600  3600 I A01100/[PafUiWidget]: PafBase(PafUiWidget): PafUiWidget configurationUpdate color mode newConfig.colorMode: 1
06-11 09:36:26.700  3600  3600 I A01100/[PafUiWidget]: PafBase(PafUiWidget): ==============init WisePAF UX Pattern ==================
06-11 09:36:26.700  3600  3600 I A01100/[PafUiWidget]: PafBase(PafUiWidget): pafversion:14.16.9-314
06-11 09:36:26.700  3600  3600 I A01100/[PafUiWidget]: PafBase(PafUiWidget): =========================================================
06-11 09:36:26.700  3600  3600 I A01100/[PafUiWidget]: PafBase(PafUiWidget): PafUiWidget init WindowStage
06-11 09:36:26.778  3600  3600 I A01100/[PafUiWidget]: PafBase(PafUiWidget): ==============init WisePAF UX Pattern ==================
06-11 09:36:26.778  3600  3600 I A01100/[PafUiWidget]: PafBase(PafUiWidget): pafversion:14.16.9-314
06-11 09:36:26.778  3600  3600 I A01100/[PafUiWidget]: PafBase(PafUiWidget): =========================================================
06-11 09:36:26.778  3600  3600 I A01100/[PafUiWidget]: PafBase(PafUiWidget): PafUiWidget init WindowStage
06-11 09:36:26.778  3600  3600 I A000ff/HMKeyboard_MainAbility: onWindowStageCreate
06-11 09:36:26.782  2704  2704 I A04200/WINDOW: SCBSceneSession --> [SCBImms]on session state change, window:38, state:2
06-11 09:36:26.783  2704  2704 I A04200/WINDOW: SCBSceneSession --> [SCBImms]update prop in foreground
06-11 09:36:26.784  2704  2704 I A04200/WINDOW: SCBScreenSessionManager --> registerScreenPropertyChangeCallbacks caller: at onSessionStateChange (SCBSceneSession.ts:1667:1)
06-11 09:36:26.784  2704  2704 I A04200/WINDOW: SCBScreenSessionManager --> recordEventFromScb
06-11 09:36:26.793  3600  3600 I A000ff/HMKeyboard_MainAbility: onForeground
06-11 09:36:26.793  3600  3600 I A000ff/HMKeyboard_CommonEventHelper: do publish
06-11 09:36:26.804  2704  2704 I A04200/WINDOW: SCBScreenSessionManager --> registerScreenPropertyChangeCallbacks screenId: 0 true null 22
06-11 09:36:26.804  2704  2704 I A04200/WINDOW: SCBScreenSessionManager --> recordEventFromScb
06-11 09:36:26.804  2704  2704 I A04200/WINDOW: SCBSceneSessionManager --> [SCBImms]update prop, locked:false
06-11 09:36:26.805  2704  2704 I A04200/WINDOW: SCBSceneSessionManager --> [SCBImms]app prop is applied: false
06-11 09:36:26.805  2704  2704 I A04200/WINDOW: SCBSceneSession --> updateNavigationBarProperty in onSessionStateChange to STATE_FOREGROUND
06-11 09:36:26.805  2704  2704 I A01b0a/GESTURE: SCBGestureNavBar --> SCBGestureNavBar NavigationBarCallback true
06-11 09:36:26.806  2704  2704 I A01b0a/GESTURE: SCBGestureNavBar --> bundleName is  com.huawei.hmos.inputmethod isDeliver:false
06-11 09:36:26.806  2704  2704 I A04200/WINDOW: SCBSceneSession --> [SCBImms]on session state change, window:38, state:3
06-11 09:36:26.806  2704  2704 I A0001b/AA: RecentlyUseController --> buildRecentlyUseInfo {"bundleName":"com.huawei.hmos.inputmethod","moduleName":"default","abilityName":"MainAbility","pid":3600,"uid":20020009,"state":2,"abilityType":1,"isAtomicService":false}}
06-11 09:36:26.806  2704  2704 I A0001b/AA: RecentlyUseController --> buildRecentlyUseInfo abilityStateData is exit
06-11 09:36:26.806  2704  2704 I A01a00/SYS_UI: PhoneAppManager --> ability[com.huawei.hmos.inputmethod|MainAbility] state change to 2
06-11 09:36:26.808  2781  2781 I A000ff/HMKeyboard_KeyboardEventHub: update value  common event subscriber
06-11 09:36:26.809  2781  2781 I A000ff/HMKeyboard_KeyboardEventHub: update value init IPC onIPCFromSetting ipcData[0]:settingPageStateChange, pss:undefined, native:undefined
06-11 09:36:26.831  3600  3600 I A000ff/HMKeyboard_CommonEventHelper: do publish
06-11 09:36:26.831  3600  3600 I A000ff/HMKeyboard_HwIdManager: no login, ignore
06-11 09:36:26.837  3600  3600 I A000ff/HMKeyboard_SettingsDataManager: setValueToSettings: old version result = true, saveKey = settings.input.ACTIVATED_AND_ADDED_INPUT_METHOD_SUB_MODE, saveValue: [{"id":"InputZhService","label":"中文拼音","labelId":150994956,"name":"com.huawei.hmos.inputmethod","mode":"lower","locale":"zh_CN","language":"chinese","icon":"$media:150994969","iconId":150994969,"extra":"中文拼音"},{"id":"InputZhDoubleService","label":"中文双拼","labelId":184553084,"name":"com.huawei.hmos.inputmethod","mode":"double","locale":"zh_CN","language":"chinese","icon":"$media:184553086","iconId":184553086,"extra":"中文双拼"},{"id":"InputZhWuBiService","label":"中文五笔","labelId":184553085,"name":"com.huawei.hmos.inputmethod","mode":"wubi","locale":"zh_CN","language":"chinese","icon":"$media:184553087","iconId":184553087,"extra":"中文五笔"},{"id":"InputEnLowerService","label":"英文","labelId":150994949,"name":"com.huawei.hmos.inputmethod","mode":"lower","locale":"en_US","language":"english","icon":"$media:150994965","iconId":150994965,"extra":"English"},{"id":"InputEnUpperService","label":"英文","labelId":150994954,"name":"com.huawei.hmos.inputmethod","mode":"upper","locale":"en_US","language":"english","icon":"$media:150994968","iconId":150994968,"extra":"English"},{"id":"InputPwdService","label":"英文","labelId":150994949,"name":"com.huawei.hmos.inputmethod","mode":"lower","locale":"en_US","language":"english","icon":"$media:150994965","iconId":150994965,"extra":"密码"}]
06-11 09:36:26.837  3600  3600 I A000ff/HMKeyboard_SettingsDataManager: setValueToSettings: result = true, saveKey = settings.input.ACTIVATED_AND_ADDED_INPUT_METHOD_SUB_MODE, saveValue: [{"id":"InputZhService","label":"中文拼音","labelId":150994956,"name":"com.huawei.hmos.inputmethod","mode":"lower","locale":"zh_CN","language":"chinese","icon":"$media:150994969","iconId":150994969,"extra":"中文拼音"},{"id":"InputZhDoubleService","label":"中文双拼","labelId":184553084,"name":"com.huawei.hmos.inputmethod","mode":"double","locale":"zh_CN","language":"chinese","icon":"$media:184553086","iconId":184553086,"extra":"中文双拼"},{"id":"InputZhWuBiService","label":"中文五笔","labelId":184553085,"name":"com.huawei.hmos.inputmethod","mode":"wubi","locale":"zh_CN","language":"chinese","icon":"$media:184553087","iconId":184553087,"extra":"中文五笔"},{"id":"InputEnLowerService","label":"英文","labelId":150994949,"name":"com.huawei.hmos.inputmethod","mode":"lower","locale":"en_US","language":"english","icon":"$media:150994965","iconId":150994965,"extra":"English"},{"id":"InputEnUpperService","label":"英文","labelId":150994954,"name":"com.huawei.hmos.inputmethod","mode":"upper","locale":"en_US","language":"english","icon":"$media:150994968","iconId":150994968,"extra":"English"},{"id":"InputPwdService","label":"英文","labelId":150994949,"name":"com.huawei.hmos.inputmethod","mode":"lower","locale":"en_US","language":"english","icon":"$media:150994965","iconId":150994965,"extra":"密码"}]
06-11 09:36:26.838  3600  3600 I A000ff/HMKeyboard_MainAbility: update value init Common event isSuccess:true
06-11 09:36:26.838  3600  3600 I A000ff/HMKeyboard_CommonEventHelper: do subscribe
06-11 09:36:26.842  2781  2781 I A000ff/HMKeyboard_KeyboardEventHub: update value  common event subscriber
06-11 09:36:26.843  3600  3600 E A0aeae/Aegis-crypto: aegis AegHuks ohAegDelHuksKey hasHuksKey fail, err code: 12000011, err msg: The entity does not exist. 
06-11 09:36:26.843  2781  2781 I A000ff/HMKeyboard_KeyboardEventHub: update value init IPC onIPCFromSetting ipcData[0]:isFinishPrivacyConfirm, pss:undefined, native:undefined
06-11 09:36:26.848  3600  3600 I A000ff/HMKeyboard_MainAbility: Succeeded in obtaining the main window.
06-11 09:36:26.851  3600  3600 I A000ff/HMKeyboard_MainAbility: avoidAreaChange Succeeded type is AvoidAreaType.TYPE_NAVIGATION_INDICATOR, height = 91
06-11 09:36:26.915  3600  3600 I A000ff/HMKeyboard_MainAbility: load homepage finished
06-11 09:36:26.916  3600  3600 I A000ff/HMKeyboard_CommonEventHelper: publish success
06-11 09:36:26.917  3600  3600 I A000ff/HMKeyboard_MainAbility: avoidAreaChange Succeeded type is AvoidAreaType.TYPE_SYSTEM, height = 126
06-11 09:36:26.917  3600  3600 I A000ff/HMKeyboard_MainAbility: avoidAreaChange Succeeded type is AvoidAreaType.TYPE_NAVIGATION_INDICATOR, height = 91
06-11 09:36:26.919  2704  2704 I A04200/WINDOW: SCBSceneSession --> [SCBImms]on prop change window:38
06-11 09:36:26.919  2704  2704 I A04200/WINDOW: SCBSceneSession --> [SCBImms]on prop change, prop:[30,true,"#00FFFFFF","#FF000000",false,0]
06-11 09:36:26.919  2704  2704 I A04200/WINDOW: SCBSceneSession --> updateNavigationBarProperty in systemBarPropertyChange
06-11 09:36:26.919  2704  2704 I A01b0a/GESTURE: SCBGestureNavBar --> SCBGestureNavBar NavigationBarCallback true
06-11 09:36:26.919  2704  2704 I A04200/WINDOW: SCBSceneSession --> [SCBImms]on prop change, prop:[9,true,"#00FFFFFF","#FF000000",false,0]
06-11 09:36:26.919  2704  2704 I A04200/WINDOW: SCBSceneSession --> [SCBImms]on prop change, prop:[5,true,"#00000000","#FF000000",false,5]
06-11 09:36:26.919  2704  2704 I A04200/WINDOW: SCBSceneSessionManager --> [SCBImms]update prop, locked:false
06-11 09:36:26.920  2704  2704 I A04200/WINDOW: SCBSceneSessionManager --> [SCBImms]app prop is applied: false
06-11 09:36:26.923  2704  2704 I A04200/WINDOW: SCBSceneSession --> [SCBImms]on prop change window:38
06-11 09:36:26.924  3600  3600 I A000ff/HMKeyboard_ScreenUtils: Succeeded in setting the system bar properties.
06-11 09:36:26.925  2704  2704 I A04200/WINDOW: SCBSceneSession --> [SCBImms]on prop change, prop:[30,true,"#00FFFFFF","#FF000000",false,0]
06-11 09:36:26.925  2704  2704 I A04200/WINDOW: SCBSceneSession --> updateNavigationBarProperty in systemBarPropertyChange
06-11 09:36:26.925  2704  2704 I A01b0a/GESTURE: SCBGestureNavBar --> SCBGestureNavBar NavigationBarCallback true
06-11 09:36:26.925  2704  2704 I A04200/WINDOW: SCBSceneSession --> [SCBImms]on prop change, prop:[9,true,"#00FFFFFF","#FF000000",false,1]
06-11 09:36:26.925  2704  2704 I A04200/WINDOW: SCBSceneSession --> [SCBImms]on prop change, prop:[5,true,"#00000000","#FF000000",false,5]
06-11 09:36:26.926  2704  2704 I A04200/WINDOW: SCBSceneSessionManager --> [SCBImms]update prop, locked:false
06-11 09:36:26.927  2704  2704 I A04200/WINDOW: SCBSceneSessionManager --> [SCBImms]app prop is applied: false
06-11 09:36:26.934  3600  3600 I A000ff/HMKeyboard_StartupPage: initDeclare
06-11 09:36:27.378  3600  3600 I A000ff/HMKeyboard_StartupPage: build onAppear, isShow -> false
06-11 09:36:27.379  3600  3600 I A000ff/HMKeyboard_CommonEventHelper: publish success
06-11 09:36:27.384  3600  3600 I A000ff/HMKeyboard_MainAbility: Succeeded in setting the window layout to full-screen mode.
06-11 09:36:27.385  2704  2704 I A04200/WINDOW: SCBSceneSession --> on IsLayoutFullScreenChange:true
06-11 09:36:27.431  2704  2704 I A01b0d/HICAR: TopAppManager --> COMMON_EVENT_TOP_APP_CHANGE success
06-11 09:36:27.440  2781  2781 I A000ff/HMKeyboard_InputPanel: setting fg: true, pss:144944
06-11 09:36:27.447  2704  2704 I A04200/WINDOW: SCBSceneSession --> onBufferAvailableChange, isBufferAvailable: true
06-11 09:36:27.462  2704  2704 I A04200/WINDOW: SCBScenePersistent --> Set persistentId = 38 isAlive to true
06-11 09:36:27.467  2704  2704 I A04200/WINDOW: SCBSceneSession --> bufferAvailableCallbackList length: 0
06-11 09:36:27.468  2704  2704 I A04200/WINDOW: SCBSceneSession --> [SCBImms]set system bar property applied true to begin update system bar
06-11 09:36:27.468  2704  2704 I A04200/WINDOW: SCBSceneSessionManager --> [SCBImms]update prop, locked:false
06-11 09:36:27.468  2704  2704 I A04200/WINDOW: SCBSceneSessionManager --> [SCBImms]app prop is applied: true
06-11 09:36:27.469  2704  2704 I A04200/WINDOW: SCBSceneSessionManager --> [SCBImms]get app prop:[5,true,"#00000000","#FF000000",false,false] isSetEnable:false uiType:phone isSetColor:true isLand:false
06-11 09:36:27.470  2704  2704 I A04200/WINDOW: SCBSceneSessionManager --> [SCBImms]isPcOrPcMode: false statusBarStyle:true isSetStatusBarEnable: false
06-11 09:36:27.470  2704  2704 I A04200/WINDOW: SCBSceneSessionManager --> [SCBImms]update prop to callbacks. window:38 prop:[5,true,"#00000000","#FF000000",false,false] size:6
06-11 09:36:27.471  2704  2704 I A01a00/SYS_UI: [LiveView]LiveCapsuleAnimMgr --> set shadow capsule background color(#4D000000)
06-11 09:36:27.473  2704  2704 I A01b0a/GESTURE: SCBGestureNavBar --> SCBGestureNavBar SystemBarPropertyCallbacks true
06-11 09:36:27.547  3600  3600 I A000ff/HMKeyboard_ScreenUtils: Succeeded in setting the system bar properties.
06-11 09:36:27.560  2704  2704 I A01a00/SYS_UI: StatusBar-Index --> registerSystemBarPropertyCallbacks, enable: true, enableAnimation:false, scenePanelState: 1
06-11 09:36:27.560  2704  2704 I A04200/WINDOW: SCBSceneSessionManager --> setIsShowStatusBarTemporary 38 false
06-11 09:36:27.563  2704  2704 W A01a00/SYS_UI: StatusBar-Index --> isEnable changed: true, statusBarOpacity is 1, immersive is false, enable animation: false
06-11 09:36:27.578  2704  2704 I A01a00/SYS_UI: StatusBarBackgroundVM --> background color change from #00FFFFFF to #00000000.
06-11 09:36:27.579  2704  2704 W A01a00/SYS_UI: StatusBarVM --> System bar property change from #FF000000 to #FF000000 #00000000 false
06-11 09:36:27.579  2704  2704 I A01a00/SYS_UI: StatusBarColorManager --> set the desktop cache color: #FF000000
06-11 09:36:27.596  2704  2704 I A01a00/SYS_UI: StatusBarVM --> updateTintContentColor enable true, enableAnimation false contentColor #FF000000
06-11 09:36:27.596  2704  2704 W A01a00/SYS_UI: StatusBarComponent --> onPluginContentColorChange #FF000000
06-11 09:36:27.598  2704  2704 I A04200/WINDOW: SCBSceneSession --> [SCBImms]on prop change window:38
06-11 09:36:27.598  2704  2704 I A04200/WINDOW: SCBSceneSession --> [SCBImms]on prop change, prop:[30,true,"#00FFFFFF","#FF000000",false,0]
06-11 09:36:27.609  2704  2704 I A04200/WINDOW: SCBSceneSession --> updateNavigationBarProperty in systemBarPropertyChange
06-11 09:36:27.610  2704  2704 I A01b0a/GESTURE: SCBGestureNavBar --> SCBGestureNavBar NavigationBarCallback true
06-11 09:36:27.610  2704  2704 I A04200/WINDOW: SCBSceneSession --> [SCBImms]on prop change, prop:[9,true,"#00FFFFFF","#FF000000",false,1]
06-11 09:36:27.610  2704  2704 I A04200/WINDOW: SCBSceneSession --> [SCBImms]on prop change, prop:[5,true,"#00000000","#FF000000",false,5]
06-11 09:36:27.610  2704  2704 I A04200/WINDOW: SCBSceneSessionManager --> [SCBImms]update prop, locked:false
06-11 09:36:27.610  2704  2704 I A04200/WINDOW: SCBSceneSessionManager --> [SCBImms]app prop is applied: true
06-11 09:36:27.610  2704  2704 I A04200/WINDOW: SCBSceneSessionManager --> [SCBImms]get app prop:[5,true,"#00000000","#FF000000",false,false] isSetEnable:false uiType:phone isSetColor:true isLand:false
06-11 09:36:27.610  2704  2704 I A04200/WINDOW: SCBSceneSessionManager --> [SCBImms]isPcOrPcMode: false statusBarStyle:true isSetStatusBarEnable: false
06-11 09:36:27.610  2704  2704 I A04200/WINDOW: SCBSceneSessionManager --> [SCBImms]update prop to callbacks, same as last. window:38 prop:[5,true,"#00000000","#FF000000",false,false]
06-11 09:36:27.635  2704  2704 I A04200/WINDOW: SCBSceneSession --> [SCBImms]on prop change window:38
06-11 09:36:27.636  2704  2704 I A04200/WINDOW: SCBSceneSession --> [SCBImms]on prop change, prop:[30,true,"#00FFFFFF","#FF000000",false,0]
06-11 09:36:28.108  2781  2781 I A000ff/HMKeyboard_EngineTool: tryToClearCloudCache
06-11 09:36:28.109  2781  2781 I A000ff/HMKeyboard_EngineTool: saveCloudCache call.
06-11 09:36:28.110  2781  2781 I A000ff/HMKeyboard_EngineTool: saveUserWordsToDictionary call.
06-11 09:36:28.111  2781  2781 I A000ff/HMKeyboard_EngineTool: saveSensitiveDict call.
06-11 09:36:28.111  2704  2704 I A04200/WINDOW: SCBSceneSession --> updateNavigationBarProperty in systemBarPropertyChange
06-11 09:36:28.112  2781  2781 I A000ff/HMKeyboard_EngineTool: saveDeleteWordDict call.
06-11 09:36:28.116  2704  2704 I A01b0a/GESTURE: SCBGestureNavBar --> SCBGestureNavBar NavigationBarCallback true
06-11 09:36:28.116  2704  2704 I A04200/WINDOW: SCBSceneSession --> [SCBImms]on prop change, prop:[9,true,"#00FFFFFF","#FF000000",false,1]
06-11 09:36:28.117  2704  2704 I A04200/WINDOW: SCBSceneSession --> [SCBImms]on prop change, prop:[5,true,"#00000000","#FF000000",false,5]
06-11 09:36:28.117  2704  2704 I A04200/WINDOW: SCBSceneSessionManager --> [SCBImms]update prop, locked:false
06-11 09:36:28.119  2704  2704 I A04200/WINDOW: SCBSceneSessionManager --> [SCBImms]app prop is applied: true
06-11 09:36:28.119  2704  2704 I A04200/WINDOW: SCBSceneSessionManager --> [SCBImms]get app prop:[5,true,"#00000000","#FF000000",false,false] isSetEnable:false uiType:phone isSetColor:true isLand:false
06-11 09:36:28.119  2704  2704 I A04200/WINDOW: SCBSceneSessionManager --> [SCBImms]isPcOrPcMode: false statusBarStyle:true isSetStatusBarEnable: false
06-11 09:36:28.120  2704  2704 I A04200/WINDOW: SCBSceneSessionManager --> [SCBImms]update prop to callbacks, same as last. window:38 prop:[5,true,"#00000000","#FF000000",false,false]
06-11 09:36:28.145  2781  2841 I A000ff/HMKeyboard_EngineWorker: saveCloudCache
06-11 09:36:28.154  2781  2841 I A00000/ohos_jni_CloudCache: SaveCacheMapToFile begin
06-11 09:36:28.154  2781  2841 E A00000/ohos_jni_CloudCache: CloudCache doesn't init
06-11 09:36:28.155  2781  2841 I A000ff/HMKeyboard_EngineWorker: saveUserWordsToDictionary
06-11 09:36:28.160  2781  2841 I A00000/ohos_jni_EngineHelper: SaveUserWordsToDictionary
06-11 09:36:28.160  2781  2841 I A00000/ohos_jni_PyEngineWrapper: Save resource:14
06-11 09:36:28.161  2781  2841 I A00000/ohos_jni_PyEngineWrapper: Save resource result:0
06-11 09:36:28.162  2781  2841 I A00000/ohos_jni_ResourceManager: dict size:1202
06-11 09:36:28.162  2781  2841 I A00000/ohos_jni_PyEngineWrapper: Save resource:14
06-11 09:36:28.162  2781  2841 I A00000/ohos_jni_PyEngineWrapper: Save resource result:0
06-11 09:36:28.171  2781  2841 I A00000/ohos_jni_PyEngineWrapper: Save resource:14
06-11 09:36:28.172  2781  2841 I A00000/ohos_jni_PyEngineWrapper: Save resource result:0
06-11 09:36:28.172  2781  2841 I A00000/ohos_jni_ResourceManager: dict size:1202
06-11 09:36:28.172  2781  2841 I A00000/ohos_jni_PyEngineWrapper: Save resource:14
06-11 09:36:28.172  2781  2841 I A00000/ohos_jni_PyEngineWrapper: Save resource result:0
06-11 09:36:28.173  2781  2841 I A00000/ohos_jni_PyEngineWrapper: Save resource:15
06-11 09:36:28.176  2781  2841 I A00000/ohos_jni_PyEngineWrapper: Save resource result:0
06-11 09:36:28.177  2781  2841 I A00000/ohos_jni_ResourceManager: dict size:1136
06-11 09:36:28.177  2781  2841 I A00000/ohos_jni_PyEngineWrapper: Save resource:15
06-11 09:36:28.177  2781  2841 I A00000/ohos_jni_PyEngineWrapper: Save resource result:0
06-11 09:36:28.178  2781  2841 I A00000/ohos_jni_PyEngineWrapper: Save resource:15
06-11 09:36:28.178  2781  2841 I A00000/ohos_jni_PyEngineWrapper: Save resource result:0
06-11 09:36:28.178  2781  2841 I A00000/ohos_jni_ResourceManager: dict size:1136
06-11 09:36:28.178  2781  2841 I A00000/ohos_jni_PyEngineWrapper: Save resource:15
06-11 09:36:28.178  2781  2841 I A00000/ohos_jni_PyEngineWrapper: Save resource result:0
06-11 09:36:28.179  2781  2841 I A00000/ohos_jni_EngineHelper: SaveUserWordsToDictionary end costTime :18662 us
06-11 09:36:28.181  2781  2841 I A000ff/HMKeyboard_EngineWorker: saveSensitiveDict call.
06-11 09:36:28.184  2781  2841 I A00000/ohos_jni_BaseSensitive: DecodingContext sensitiveWords size:0
06-11 09:36:28.184  2781  2841 I A00000/ohos_jni_CommonUtil: SaveFile fileName:<private> fileSize:54
06-11 09:36:28.185  2781  2841 I A00000/ohos_jni_BaseSensitive: SaveSensitiveWordsToFile costTime :3732 us
06-11 09:36:28.185  2781  2841 I A00000/ohos_jni_BaseSensitive: DecodingContext sensitiveWords size:1521
06-11 09:36:28.243  2781  2841 I A00000/ohos_jni_CommonUtil: SaveFile fileName:<private> fileSize:66048
06-11 09:36:28.507  2781  2841 I A00000/ohos_jni_BaseSensitive: SaveSensitiveWordsToFile costTime :321952 us
06-11 09:36:28.507  2781  2841 I A00000/ohos_jni_BaseSensitive: DecodingContext sensitiveWords size:4
06-11 09:36:28.507  2781  2841 I A00000/ohos_jni_CommonUtil: SaveFile fileName:<private> fileSize:208
06-11 09:36:28.508  2781  2841 I A00000/ohos_jni_BaseSensitive: SaveSensitiveWordsToFile costTime :470 us
06-11 09:36:28.508  2781  2841 I A000ff/HMKeyboard_EngineWorker: saveDeleteWordDict call.
06-11 09:36:28.509  2781  2841 I A00000/ohos_jni_CommonUtil: SaveFile fileName:<private> fileSize:84
06-11 09:36:28.509  2781  2841 I A00000/ohos_jni_DeleteWordManager: SaveWordsToFile costTime :644 us
06-11 09:36:28.518  3600  3600 I A01100/[PafUiWidget]: PafBase(PafUtil): hasMose is:true
06-11 09:36:28.527  3600  3600 I A01100/[PafUiWidget]: PafPermission(PafPermission): aboutToAppear(),alwaysDarkMode:false,fullPage:true,moduleVersion:14.16.9-314
06-11 09:36:28.862  3600  3600 I A01100/[PafUiWidget]: PafBase(PafSheetWindow): PafSheetWindow SheetController addMonitor
06-11 09:36:28.867  3600  3600 I A01100/[PafUiWidget]: PafPermission(PafPermission): current language is,zh-Hans-CN
06-11 09:36:28.868  3600  3600 I A01100/[PafUiWidget]: PafPermission(PafPermission): pafpermission updateAgreeButtonStatus enter=undefined, delayTime=15
06-11 09:36:28.869  3600  3600 I A01100/[PafUiWidget]: PafPermission(PafPermission): pafpermission updateAgreeButtonStatus enter=undefined, delayTime=30
06-11 09:36:28.869  3600  3600 I A01100/[PafUiWidget]: PafPermission(PafPermission): pafpermission updateAgreeButtonStatus enter=undefined, delayTime=45
06-11 09:36:28.869  3600  3600 I A01100/[PafUiWidget]: PafPermission(PafPermission): pafpermission updateAgreeButtonStatus enter=undefined, delayTime=60
06-11 09:36:28.870  3600  3600 I A01100/[PafUiWidget]: PafPermission(PafPermission): pafpermission updateAgreeButtonStatus enter=undefined, delayTime=75
06-11 09:36:28.870  3600  3600 I A01100/[PafUiWidget]: PafPermission(PafPermission): pafpermission updateAgreeButtonStatus enter=undefined, delayTime=90
06-11 09:36:28.870  3600  3600 I A01100/[PafUiWidget]: PafPermission(PafPermission): pafpermission updateAgreeButtonStatus enter=undefined, delayTime=105
06-11 09:36:28.870  3600  3600 I A01100/[PafUiWidget]: PafPermission(PafPermission): pafpermission updateAgreeButtonStatus enter=undefined, delayTime=120
06-11 09:36:28.870  3600  3600 I A01100/[PafUiWidget]: PafPermission(PafPermission): pafpermission updateAgreeButtonStatus enter=undefined, delayTime=135
06-11 09:36:28.871  3600  3600 I A01100/[PafUiWidget]: PafPermission(PafPermission): pafpermission updateAgreeButtonStatus enter=undefined, delayTime=150
06-11 09:36:28.879  3600  3600 I A01100/[PafUiWidget]: PafPermission(PafPermission): pafPermission this.foldDevFull = false
06-11 09:36:28.882  3600  3600 I A01100/[PafUiWidget]: PafBase(BreakpointSystem): BreakpointSystem updateGridColumns monitor size:0, gridColumn:4, direction:Column
06-11 09:36:28.884  3600  3600 I A01100/[PafUiWidget]: PafBase(BreakpointSystem): BreakpointSystem updateDirection monitor size:0, gridColumn:4, direction:Column
06-11 09:36:28.887  3600  3600 I A01100/[PafUiWidget]: PafPermission(PafPermission): pafPermission aboutToAppear end this.foldDevFull = false
06-11 09:36:28.939  3600  3600 I A01100/[PafUiWidget]: PafBase(PafSheetWindow): PafSheetWindow aboutToAppear
06-11 09:36:28.940  3600  3600 I A01100/[PafUiWidget]: PafBase(PafSheetWindow): PafSheetWindow SheetController createController，depth:0
06-11 09:36:28.950  3600  3600 I A01100/[PafUiWidget]: PafBase(PafSheetWindow): bundle target Version:50000012
06-11 09:36:28.950  3600  3600 I A01100/[PafUiWidget]: PafBase(PafSheetWindow): bundle target Version:50000012
06-11 09:36:29.691  3600  3600 I A01100/[PafUiWidget]: PafBase(PafSheetWindow): PafSheetWindow Sheet NavDestination onReady
06-11 09:36:29.859  3600  3600 I A000ff/HMKeyboard_StartupPage: permission onAppear, isShow -> true
06-11 09:36:29.859  3600  3600 I A01100/[PafUiWidget]: PafBase(PafSheetWindow): NavD onAppear, set isShow->true
06-11 09:36:30.358  3600  3600 I A01100/[PafUiWidget]: PafBase(PafSheetWindow): PafSheetWindow SheetOptions onWillAppear
06-11 09:36:30.371  3600  3600 I A01100/[PafUiWidget]: PafPermission(PafPermission): pafpermission updateAgreeButtonStatus enter=true, delayTime=15
06-11 09:36:30.371  3600  3600 I A01100/[PafUiWidget]: PafPermission(PafPermission): pafpermission updateAgreeButtonStatus enter=true, delayTime=30
06-11 09:36:30.371  3600  3600 I A01100/[PafUiWidget]: PafPermission(PafPermission): pafpermission updateAgreeButtonStatus enter=true, delayTime=45
06-11 09:36:30.371  3600  3600 I A01100/[PafUiWidget]: PafPermission(PafPermission): pafpermission updateAgreeButtonStatus enter=true, delayTime=60
06-11 09:36:30.371  3600  3600 I A01100/[PafUiWidget]: PafPermission(PafPermission): pafpermission updateAgreeButtonStatus enter=true, delayTime=75
06-11 09:36:30.371  3600  3600 I A01100/[PafUiWidget]: PafPermission(PafPermission): pafpermission updateAgreeButtonStatus enter=true, delayTime=90
06-11 09:36:30.371  3600  3600 I A01100/[PafUiWidget]: PafPermission(PafPermission): pafpermission updateAgreeButtonStatus enter=true, delayTime=105
06-11 09:36:30.371  3600  3600 I A01100/[PafUiWidget]: PafPermission(PafPermission): pafpermission updateAgreeButtonStatus enter=true, delayTime=120
06-11 09:36:30.371  3600  3600 I A01100/[PafUiWidget]: PafPermission(PafPermission): pafpermission updateAgreeButtonStatus enter=true, delayTime=135
06-11 09:36:30.371  3600  3600 I A01100/[PafUiWidget]: PafPermission(PafPermission): pafpermission updateAgreeButtonStatus enter=true, delayTime=150
06-11 09:36:30.372  3600  3600 I A01100/[PafUiWidget]: PafPermission(PafPermission): pafPermission this.windowRectVp.height = 790.1538461538462, this.windowRectVp.width = 387.6923076923077
06-11 09:36:30.372  3600  3600 I A01100/[PafUiWidget]: PafPermission(PafPermission): pafPermission AreaTopHeight = 0, AreaBottomHeight = 0
06-11 09:36:30.372  3600  3600 I A01100/[PafUiWidget]: PafPermission(PafPermission): this.scroller.isAtEnd() = true
06-11 09:36:30.373  3600  3600 I A01100/[PafUiWidget]: PafPermission(PafPermission): pafpermission updateAgreeButtonStatus --> true
06-11 09:36:30.374  3600  3600 I A01100/[PafUiWidget]: PafPermission(PafPermission): pafpermission alaready is Agree
06-11 09:36:30.374  3600  3600 I A01100/[PafUiWidget]: PafPermission(PafPermission): pafpermission alaready is Agree
06-11 09:36:30.374  3600  3600 I A01100/[PafUiWidget]: PafPermission(PafPermission): pafpermission alaready is Agree
06-11 09:36:30.374  3600  3600 I A01100/[PafUiWidget]: PafPermission(PafPermission): pafpermission alaready is Agree
06-11 09:36:30.409  3600  3600 I A01100/[PafUiWidget]: PafPermission(PafPermission): pafpermission alaready is Agree
06-11 09:36:30.409  3600  3600 I A01100/[PafUiWidget]: PafPermission(PafPermission): pafpermission alaready is Agree
06-11 09:36:30.409  3600  3600 I A01100/[PafUiWidget]: PafPermission(PafPermission): pafpermission alaready is Agree
06-11 09:36:30.409  3600  3600 I A01100/[PafUiWidget]: PafPermission(PafPermission): pafpermission alaready is Agree
06-11 09:36:30.409  3600  3600 I A01100/[PafUiWidget]: PafPermission(PafPermission): pafpermission alaready is Agree
06-11 09:36:30.418  3600  3600 I A01100/[PafUiWidget]: PafBase(PafSheetWindow): PafSheetWindow updateMonitorConfig, sheetSwitch:true
06-11 09:36:30.438  3600  3600 I A01100/[PafUiWidget]: PafBase(PafSheetWindow): PafSheetWindow Navigation onAppear
06-11 09:36:30.438  2704  2704 I A04200/WINDOW: SCBSceneSessionManager --> RequestedOrientationChange persistentId:38 reqOrientation:1
06-11 09:36:30.438  3600  3600 I A01100/[PafUiWidget]: PafPermission(PafPermission): pafpermission alaready is Agree
06-11 09:36:30.439  3600  3600 I A01100/[PafUiWidget]: PafPermission(PafPermission): pafpermission alaready is Agree
06-11 09:36:30.439  3600  3600 I A01100/[PafUiWidget]: PafPermission(PafPermission): pafpermission alaready is Agree
06-11 09:36:30.439  3600  3600 I A01100/[PafUiWidget]: PafPermission(PafPermission): pafpermission alaready is Agree
06-11 09:36:30.441  2704  2704 I A01b01/HOME: SCBScenePanel --> getSceneContainerSessionWithPersistentId with session id: 38
06-11 09:36:30.442  2704  2704 I A01b01/HOME: SCBScenePanel --> getSceneContainerSessionWithPersistentId from containerSessionList id: 38
06-11 09:36:30.445  2704  2704 I A01b01/HOME: SCBScenePanel --> onContainerRequestedOrientationChange Convert requested orientation from  : 18 to: 1
06-11 09:36:30.450  2704  2704 I A01b01/HOME: SCBScenePanel --> startSceneWithRotationIfNeed containerSession com.huawei.hmos.inputmethod/default/MainAbility(persistentId: 38)(containerId: 2)needAnimation true isFromRecent false fromUser true
06-11 09:36:30.456  2704  2704 I A04200/WINDOW: SCBSceneContainerSession --> getTargetRotation: com.huawei.hmos.inputmethod requestOrientation: 1
06-11 09:36:30.457  2704  2704 I A04200/WINDOW: SCBScreenSessionManager --> getScreenOrientationLocked this.screenRotationLocked,value:true
06-11 09:36:30.457  2704  2704 I A04200/WINDOW: SCBSceneContainerSession --> processOrientationUnrelatedToSensor requestOrientation: 1
06-11 09:36:30.460  3600  3600 I A01100/[PafUiWidget]: PafPermission(PafPermission): pafpermission updateAgreeButtonStatus enter=true, delayTime=15
06-11 09:36:30.460  3600  3600 I A01100/[PafUiWidget]: PafPermission(PafPermission): pafpermission updateAgreeButtonStatus enter=true, delayTime=30
06-11 09:36:30.460  3600  3600 I A01100/[PafUiWidget]: PafPermission(PafPermission): pafpermission updateAgreeButtonStatus enter=true, delayTime=45
06-11 09:36:30.460  3600  3600 I A01100/[PafUiWidget]: PafPermission(PafPermission): pafpermission updateAgreeButtonStatus enter=true, delayTime=60
06-11 09:36:30.460  3600  3600 I A01100/[PafUiWidget]: PafPermission(PafPermission): pafpermission updateAgreeButtonStatus enter=true, delayTime=75
06-11 09:36:30.460  3600  3600 I A01100/[PafUiWidget]: PafPermission(PafPermission): pafpermission updateAgreeButtonStatus enter=true, delayTime=90
06-11 09:36:30.460  3600  3600 I A01100/[PafUiWidget]: PafPermission(PafPermission): pafpermission updateAgreeButtonStatus enter=true, delayTime=105
06-11 09:36:30.460  3600  3600 I A01100/[PafUiWidget]: PafPermission(PafPermission): pafpermission updateAgreeButtonStatus enter=true, delayTime=120
06-11 09:36:30.460  3600  3600 I A01100/[PafUiWidget]: PafPermission(PafPermission): pafpermission updateAgreeButtonStatus enter=true, delayTime=135
06-11 09:36:30.460  3600  3600 I A01100/[PafUiWidget]: PafPermission(PafPermission): pafpermission updateAgreeButtonStatus enter=true, delayTime=150
06-11 09:36:30.460  2704  2704 E A01b01/HOME: SCBScenePanel --> startSceneWithRotationIfNeed currentContainerRotation=0 container name=com.huawei.hmos.inputmethod/default/MainAbility(persistentId: 38)(containerId: 2)
06-11 09:36:30.460  2704  2704 I A01b01/HOME: SCBScenePanel --> startSceneWithRotationIfNeed before rotate with targetRotation=0, sensorRotation=0, currentScreenRotation=0, currentContainerRotation=0, name=com.huawei.hmos.inputmethod
06-11 09:36:30.461  2704  2704 I A01b01/HOME: SCBScenePanel --> no need to rotate with same targetRotation
06-11 09:36:30.462  3600  3600 I A01100/[PafUiWidget]: PafPermission(PafPermission): pafpermission alaready is Agree
06-11 09:36:30.462  3600  3600 I A01100/[PafUiWidget]: PafPermission(PafPermission): pafpermission alaready is Agree
06-11 09:36:30.478  3600  3600 I A01100/[PafUiWidget]: PafPermission(PafPermission): pafpermission alaready is Agree
06-11 09:36:30.492  3600  3600 I A01100/[PafUiWidget]: PafPermission(PafPermission): pafpermission alaready is Agree
06-11 09:36:30.510  3600  3600 I A01100/[PafUiWidget]: PafPermission(PafPermission): pafpermission alaready is Agree
06-11 09:36:30.521  3600  3600 I A01100/[PafUiWidget]: PafPermission(PafPermission): pafpermission alaready is Agree
06-11 09:36:31.122  3600  3600 I A01100/[PafUiWidget]: PafBase(PafSheetWindow): PafSheetWindow SheetOptions onAppear
06-11 09:36:38.150  3794  3794 I A00500/SettingsData: DataAbilityStage onCreate
06-11 09:36:38.188  3794  3794 I A00500/SettingsData: Area 0
06-11 09:36:38.188  3794  3794 I A00500/SettingsData: onInitialize start
06-11 09:36:38.188  3794  3794 I A00500/SettingsData: call initRdbStore start
06-11 09:36:38.189  3794  3794 I A00500/SettingsData: onInitialize end
06-11 09:36:38.201  3794  3794 I A00500/SettingsData: get userID from uri: datashare:///com.ohos.settingsdata/entry/settingsdata/SETTINGSDATA?Proxy=true&key=basic_statement_agreed
06-11 09:36:38.201  3794  3794 I A00500/SettingsData: rPos 67
06-11 09:36:38.201  3794  3794 I A00500/SettingsData: lPos 63
06-11 09:36:38.201  3794  3794 I A00500/SettingsData: userID substring: ATA
06-11 09:36:38.201  3794  3794 I A00500/SettingsData: getUserIDFromUri: user ID: 100
06-11 09:36:38.202  3794  3794 I A00500/SettingsData: current maxuserno is: 100
06-11 09:36:38.202  3794  3794 I A00500/SettingsData: query start uri:datashare:///com.ohos.settingsdata/entry/settingsdata/SETTINGSDATA?Proxy=true&key=basic_statement_agreed with userID: 100 , callback is: function AsyncCallback() { [native code] }
06-11 09:36:38.202  3794  3794 I A00500/SettingsData: query request
06-11 09:36:38.202  3794  3794 E A00500/SettingsData: DB not ready request = datashare:///com.ohos.settingsdata/entry/settingsdata/SETTINGSDATA?Proxy=true&key=basic_statement_agreed , retry after DB startup
06-11 09:36:38.222  3794  3794 I A00500/SettingsData: get rdbStore success, rdbstore: 0
06-11 09:36:38.222  3794  3794 I A00500/SettingsData: rdbStore [object Object]
06-11 09:36:38.222  3794  3794 I A00500/SettingsData: firstStartupConfig start
06-11 09:36:38.225  3794  3794 I A00500/SettingsData: firstStartupConfig isFirstStartUp = false max user no: 100
06-11 09:36:38.227  3794  3794 I A00500/SettingsData: firstStartupConfig end
06-11 09:36:38.227  3794  3794 I A00500/SettingsData: call initRdbStore end
06-11 09:36:38.227  3794  3794 I A00500/SettingsData: start load ccm json file
06-11 09:36:38.227  3794  3794 I A00500/SettingsData: WakeUpDataMigrate start doWakeUpMigrate
06-11 09:36:38.227  3794  3794 I A00500/SettingsData: WakeUpDataMigrate srcPath: false dstPath: false
06-11 09:36:38.227  3794  3794 I A00500/SettingsData: WakeUpDataMigrate srcfile is null or dstfile not null
06-11 09:36:38.228  3794  3794 I A00500/SettingsData: ccm json file read success
06-11 09:36:38.229  3794  3794 I A00500/SettingsData: KeyMap:power_saving_on  -  settings.push.sleep_notification_enable
06-11 09:36:38.229  3794  3794 I A00500/SettingsData: KeyMap:swing_quick_pay  -  quick_pay_open_switch
06-11 09:36:38.229  3794  3794 I A00500/SettingsData: KeyMap:swing_scan_code  -  scan_code_open_switch
06-11 09:36:38.229  3794  3794 I A00500/SettingsData: KeyMap:enable_annoy_card_1  -  spamshield_sim1_phone_switch_ring_once
06-11 09:36:38.229  3794  3794 I A00500/SettingsData: KeyMap:enable_annoy_card_2  -  spamshield_sim2_phone_switch_ring_once
06-11 09:36:38.229  3794  3794 I A00500/SettingsData: KeyMap:airplane_mode_on  -  settings.telephony.airplanemode
06-11 09:36:38.229  3794  3794 I A00500/SettingsData: KeyMap:sle_on  -  nearlink_switch_enable
06-11 09:36:38.229  3794  3794 I A00500/SettingsData: KeyMap:location_mode  -  location_switch_enable
06-11 09:36:38.229  3794  3794 I A00500/SettingsData: KeyMap:accelerometer_rotation  -  settings.general.accelerometer_rotation_status
06-11 09:36:38.229  3794  3794 I A00500/SettingsData: KeyMap:screen_brightness_mode  -  settings.display.auto_screen_brightness
06-11 09:36:38.229  3794  3794 I A00500/SettingsData: KeyMap:screen_brightness  -  settings.display.screen_brightness_status
06-11 09:36:38.229  3794  3794 I A00500/SettingsData: KeyMap:screen_off_timeout  -  settings.display.screen_off_timeout
06-11 09:36:38.229  3794  3794 I A00500/SettingsData: KeyMap:time_12_24  -  settings.date.time_format
06-11 09:36:38.229  3794  3794 I A00500/SettingsData: KeyMap:parentcontrol_screentime_status  -  parent_control_switch
06-11 09:36:38.229  3794  3794 I A00500/SettingsData: KeyMap:parentcontrol_controlmode_status  -  parentcontrol_controlmode_status
06-11 09:36:38.229  3794  3794 I A00500/SettingsData: KeyMap:unified_default_device_name  -  settings.general.device_name
06-11 09:36:38.229  3794  3794 I A00500/SettingsData: KeyMap:unified_device_name  -  settings.general.user_defined_device_name
06-11 09:36:38.229  3794  3794 I A00500/SettingsData: KeyMap:unified_display_device_name  -  settings.general.display_device_name
06-11 09:36:38.229  3794  3794 I A00500/SettingsData: KeyMap:auto_time_zone  -  auto_timezone
06-11 09:36:38.229  3794  3794 I A00500/SettingsData: KeyMap:status_bar_pure_display_enabled  -  status_bar_pure_show
06-11 09:36:38.229  3794  3794 I A00500/SettingsData: KeyMap:show_network_speed_enabled  -  status_bar_show_real_time_network_speed
06-11 09:36:38.229  3794  3794 I A00500/SettingsData: KeyMap:notification_way_switch  -  status_bar_show_notification_icon
06-11 09:36:38.229  3794  3794 I A00500/SettingsData: KeyMap:lock_screen_allow_private_notifications  -  app_ntf_config_hide_content
06-11 09:36:38.229  3794  3794 I A00500/SettingsData: KeyMap:wakeup_when_receive_notification  -  app_ntf_config_screen_on
06-11 09:36:38.229  3794  3794 I A00500/SettingsData: KeyMap:hw_system_night_upgrade_switch  -  night_upgrade_switch
06-11 09:36:38.229  3794  3794 I A00500/SettingsData: KeyMap:hw_system_update_auto_download  -  wlan_auto_download_switch
06-11 09:36:38.229  3794  3794 I A00500/SettingsData: KeyMap:default_simcard_slotid  -  is_voice_card
06-11 09:36:38.229  3794  3794 I A00500/SettingsData: KeyMap:user_experience_involved  -  hiview_ue_switch_tmp
06-11 09:36:38.229  3794  3794 I A00500/SettingsData: KeyMap:call_log_merge_type  -  settings.telephony.calllogmergetype
06-11 09:36:38.229  3794  3794 I A00500/SettingsData: KeyMap:oobe_statement_agreed  -  basic_statement_agreed
06-11 09:36:38.229  3794  3794 I A00500/SettingsData: KeyMap:elder_care_switch  -  accessibility_elder_care_switch_enabled
06-11 09:36:38.229  3794  3794 I A00500/SettingsData: KeyMap:persist.sys.easyflag  -  settings.power.wakeup_double_click
06-11 09:36:38.229  3794  3794 I A00500/SettingsData: KeyMap:low_resolution_switch  -  settings.display.resolution_smart_switch
06-11 09:36:38.229  3794  3794 I A00500/SettingsData: KeyMap:SmartModeStatus  -  settings.power.smart_mode_status
06-11 09:36:38.229  3794  3794 I A00500/SettingsData: KeyMap:battery_percent_switch  -  status_bar_show_battery_soc
06-11 09:36:38.229  3794  3794 I A00500/SettingsData: KeyMap:app_ntf_config_hide_content  -  app_ntf_config_hide_banner_content
06-11 09:36:38.229  3794  3794 I A00500/SettingsData: KeyMap:mode_ringer  -  ringer_mode
06-11 09:36:38.229  3794  3794 I A00500/SettingsData: KeyMap:volume_alarm  -  alarm_volume
06-11 09:36:38.229  3794  3794 I A00500/SettingsData: KeyMap:volume_alarm_speaker  -  alarm_volume_builtin
06-11 09:36:38.229  3794  3794 I A00500/SettingsData: KeyMap:volume_music  -  music_volume
06-11 09:36:38.229  3794  3794 I A00500/SettingsData: KeyMap:volume_music_speaker  -  music_volume_builtin
06-11 09:36:38.229  3794  3794 I A00500/SettingsData: KeyMap:volume_music_bt_a2dp  -  music_volume_wireless
06-11 09:36:38.229  3794  3794 I A00500/SettingsData: KeyMap:volume_music_usb_device  -  music_volume_wired
06-11 09:36:38.229  3794  3794 I A00500/SettingsData: KeyMap:volume_notification  -  notification_volume_builtin
06-11 09:36:38.229  3794  3794 I A00500/SettingsData: KeyMap:volume_ring  -  ring_volume
06-11 09:36:38.229  3794  3794 I A00500/SettingsData: KeyMap:volume_ring_bt_a2dp  -  ring_volume_wireless
06-11 09:36:38.229  3794  3794 I A00500/SettingsData: KeyMap:volume_ring_usb_device  -  ring_volume_wired
06-11 09:36:38.229  3794  3794 I A00500/SettingsData: KeyMap:volume_ring_speaker  -  ring_volume_builtin
06-11 09:36:38.229  3794  3794 I A00500/SettingsData: KeyMap:volume_system  -  system_volume
06-11 09:36:38.229  3794  3794 I A00500/SettingsData: KeyMap:volume_voice  -  voice_call_volume
06-11 09:36:38.229  3794  3794 I A00500/SettingsData: KeyMap:volume_voice_earpiece  -  voice_call_volume_builtin
06-11 09:36:38.229  3794  3794 I A00500/SettingsData: KeyMap:volume_voice_bt_a2dp  -  voice_call_volume_wireless
06-11 09:36:38.229  3794  3794 I A00500/SettingsData: KeyMap:volume_voice_usb_device  -  voice_call_volume_wired
06-11 09:36:38.229  3794  3794 I A00500/SettingsData: KeyMap:volume_tts  -  voice_assistant_volume_builtin
06-11 09:36:38.229  3794  3794 I A00500/SettingsData: KeyMap:volume_tts_bt_a2dp  -  voice_assistant_volume_wireless
06-11 09:36:38.229  3794  3794 I A00500/SettingsData: KeyMap:volume_tts_usb_device  -  voice_assistant_volume_wired
06-11 09:36:38.229  3794  3794 I A00500/SettingsData: KeyMap:haptic_feedback_enabled  -  physic_navi_haptic_feedback_enabled
06-11 09:36:38.229  3794  3794 I A00500/SettingsData: KeyMap:hw_screen_freq  -  settings.display.hw_screen_freq
06-11 09:36:38.229  3794  3794 I A00500/SettingsData: KeyMap:screen_lock_fingerprint_unlock_protection_db  -  key_fp_unlock_protection_for_screen_lock
06-11 09:36:38.229  3794  3794 I A00500/SettingsData: KeyMap:setting_distributed_pasteboard_switch  -  distributed_pasteboard_switch
06-11 09:36:38.229  3794  3794 I A00500/SettingsData: KeyMap:nfc_payment_default_component  -  nfc_payment_default_app
06-11 09:36:38.229  3794  3794 I A00500/SettingsData: KeyMap:play_camera_sound  -  always_play_screenshot_sound
06-11 09:36:38.229  3794  3794 I A00500/SettingsData: KeyMap:accessibility_shortcut_dialog_shown  -  accessibility_shortcut_timeout
06-11 09:36:38.229  3794  3794 I A00500/SettingsData: KeyMap:default_input_method  -  default_input_method
06-11 09:36:38.229  3794  3794 I A00500/SettingsData: KeyMap:cover_enabled  -  cover_enabled
06-11 09:36:38.229  3794  3794 I A00500/SettingsData: KeyMap:cover_type  -  cover_type
06-11 09:36:38.229  3794  3794 I A00500/SettingsData: KeyMap:hw_gnss_high_accuracy_state  -  loc_hd_gnss_status
06-11 09:36:38.229  3794  3794 I A00500/SettingsData: KeyMap:hw_ebook_mode_switch  -  settings.display.ebook_switch
06-11 09:36:38.229  3794  3794 I A00500/SettingsData: KeyMap:hw_ebook_mode_value  -  settings.display.ebook_mode
06-11 09:36:38.229  3794  3794 I A00500/SettingsData: KeyMap:eyes_protection_mode  -  settings.eyeshield.enable
06-11 09:36:38.229  3794  3794 I A00500/SettingsData: KeyMap:eye_comfort_schedule_switch  -  settings.display.eye_comfort_mode
06-11 09:36:38.229  3794  3794 I A00500/SettingsData: KeyMap:eye_comfort_starttime  -  settings.display.eye_comfort_starttime
06-11 09:36:38.229  3794  3794 I A00500/SettingsData: KeyMap:eye_comfort_endtime  -  settings.display.eye_comfort_endtime
06-11 09:36:38.229  3794  3794 I A00500/SettingsData: KeyMap:wallpaperAodDisplay  -  wallpaperAodDisplay
06-11 09:36:38.229  3794  3794 I A00500/SettingsData: KeyMap:color_mode_switch  -  settings.color_mode
06-11 09:36:38.229  3794  3794 I A00500/SettingsData: KeyMap:color_temperature_mode  -  settings.color_temperature
06-11 09:36:38.229  3794  3794 I A00500/SettingsData: KeyMap:color_temperature_pos  -  settings.color_temperature_coordinate
06-11 09:36:38.229  3794  3794 I A00500/SettingsData: KeyMap:hw_natural_tone_display_switch  -  settings.hw_natural_tone_display_switch
06-11 09:36:38.229  3794  3794 I A00500/SettingsData: KeyMap:hw_dc_brightness_dimming_switch  -  settings.display.eye_dc_brightness_switch
06-11 09:36:38.229  3794  3794 I A00500/SettingsData: KeyMap:user_set_warm  -  settings.display.eye_comfort_level
06-11 09:36:38.229  3794  3794 I A00500/SettingsData: KeyMap:hdr_image_display  -  settings.display.hdr_picture_switch
06-11 09:36:38.229  3794  3794 I A00500/SettingsData: KeyMap:smart_backlight_enable  -  settings.display.natural_light_switch
06-11 09:36:38.229  3794  3794 I A00500/SettingsData: KeyMap:multi_win_interact  -  multi_dock_status
06-11 09:36:38.229  3794  3794 I A00500/SettingsData: KeyMap:default_input_method  -  default_input_method
06-11 09:36:38.229  3794  3794 I A00500/SettingsData: KeyMap:VOICE_AIVOICE_ENABLE_FLAG  -  ai_voice_noise_suppression_flag
06-11 09:36:38.229  3794  3794 I A00500/SettingsData: KeyMap:AIVOICE_POPUP_TIMES  -  ai_voice_banner_noitication_popup_times
06-11 09:36:38.229  3794  3794 I A00500/SettingsData: KeyMap:ui_night_mode  -  settings.uiappearance.darkmode_mode
06-11 09:36:38.229  3794  3794 I A00500/SettingsData: KeyMap:com.android.settings.development.stereo_enhancement_disabled  -  settings.developer.stereo_enhancement
06-11 09:36:38.229  3794  3794 I A00500/SettingsData: KeyMap:undefined  -  undefined
06-11 09:36:38.229  3794  3794 I A00500/SettingsData: dump map: doSystemMigrate migrateKeyMap:  with size: 214
06-11 09:36:38.229  3794  3794 I A00500/SettingsData: myMap.size > 0 dump map: doSystemMigrate migrateKeyMap:  with size: 214
06-11 09:36:38.229  3794  3794 I A00500/SettingsData: start load ccm json file
06-11 09:36:38.230  3794  3794 I A00500/SettingsData: ccm json file read success
06-11 09:36:38.230  3794  3794 I A00500/SettingsData: dump map: doSystemMigrate targetsTableMap:  with size: 206
06-11 09:36:38.230  3794  3794 I A00500/SettingsData: myMap.size > 0 dump map: doSystemMigrate targetsTableMap:  with size: 206
06-11 09:36:38.230  3794  3794 I A00500/SettingsData: doSystemMigrate start... 
06-11 09:36:38.231  3794  3794 I A00000/ABX_CONVERTER: abx2Xml start
06-11 09:36:38.231  3794  3794 I A00000/ABX_CONVERTER: src value is /data/migrate/settings_global.xml , dest value is /data/storage/el1/database/settings_global.xml
06-11 09:36:38.231  3794  3794 I A00000/ABX_CONVERTER: convert result is  -1
06-11 09:36:38.231  3794  3794 E A00500/SettingsData: decoder failure: /data/migrate/settings_global.xml , error code:-1
06-11 09:36:38.231  3794  3794 E A00500/SettingsData: readText failed:No such file or directory, error code:13900002
06-11 09:36:38.231  3794  3794 I A00500/SettingsData: doSystemMigrate end - no need!
06-11 09:36:38.231  3794  3794 I A00500/SettingsData: userLeft : 0
06-11 09:36:38.231  3794  3794 I A00500/SettingsData: current maxuserno is: 100
06-11 09:36:38.231  3794  3794 I A00500/SettingsData: loadDefaultSettingsData exists
06-11 09:36:38.231  3794  3794 I A00500/SettingsData: checkAndDoDBVersionUpgrade start 
06-11 09:36:38.232  3794  3794 I A00500/SettingsData: query result:1
06-11 09:36:38.232  3794  3794 I A00500/SettingsData: DB version 6 <==> 6 is latest
06-11 09:36:38.235  3794  3794 I A00500/SettingsData: SilentProxy processInitialRequests enable success
06-11 09:36:38.235  3794  3794 I A00500/SettingsData: processInitialRequests
06-11 09:36:38.235  3794  3794 I A00500/SettingsData: onInitialized query start with uri: datashare:///com.ohos.settingsdata/entry/settingsdata/SETTINGSDATA?Proxy=true&key=basic_statement_agreed
06-11 09:36:38.236  3794  3794 I A00500/SettingsData: query result from datashare: empty! DB state: 3
06-11 09:36:39.208  2704  2704 I A01a00/SYS_UI: MaintenanceRecord --> Send maintenance event(1), extendType(7), ext: [{"bundleName":"com.huawei.hmos.clock","desc":"Enable AppLiveView for com.huawei.hmos.clock error: Error: The specified bundle name was not found","stack":"Cannot get SourceMap info, dump raw stack:\n=====================Backtrace========================\n#00 pc 000000000073684c /system/lib64/platformsdk/libark_jsruntime.so\n#01 pc 0000000000736d60 /system/lib64/platformsdk/libark_jsruntime.so\n#02 pc 000000000032fa04 /system/lib64/platformsdk/libark_jsruntime.so\n#03 pc 00000000001b7f4c /system/lib64/platformsdk/libark_jsruntime.so\n#04 pc 00000000001b78f4 /system/lib64/platformsdk/libark_jsruntime.so\n#05 pc 000000000024e088 /system/lib64/platformsdk/libark_jsruntime.so\n#06 pc 000000000060a764 /system/lib64/platformsdk/libark_jsruntime.so\n#07 pc 00000000005d44c4 /system/lib64/platformsdk/libark_jsruntime.so\n#08 pc 0000000000053630 /system/lib64/platformsdk/libace_napi.z.so\n#09 pc 0000000000059fd4 /system/lib64/module/libnotificationmanager.z.so\n#10 pc 000000000005a61c /system/lib64/module/libnotificationmanager.z.so\n#11 pc 000000000005aac4 /system/lib64/module/libnotificationmanager.z.so\n#12 pc 0000000000079054 /system/lib64/module/libnotificationmanager.z.so\n#13 pc 0000000000061b28 /system/lib64/platformsdk/libace_napi.z.so\n#14 pc 0000000000011ca0 /system/lib64/platformsdk/libuv.so\n#15 pc 0000000000015a50 /system/lib64/platformsdk/libuv.so","errorCodes":[4061]}]
06-11 09:36:39.218  2704  2704 I A01a00/SYS_UI: MaintenanceRecord --> Send maintenance event to push success
06-11 09:37:00.025  2704  2704 I A01b00/SCB: CommonEventManagerA --> handleCommonEventCallback post inner event:usual.event.TIME_TICK
06-11 09:37:00.029  2704  2704 W A01b01/HOME: AppIconCalendarCache --> data changed to update calendar icon.
06-11 09:37:00.030  2704  2704 W A01b01/HOME: AppIconCalendarCache --> init calendar item: undefined undefined
06-11 09:37:00.030  2704  2704 W A01b01/HOME: AppIconCalendarCache --> com.huawei.hmos.calendar is not dynamic icon, bundleName is undefined
06-11 09:37:00.030  2704  2704 E A01b01/HOME: AppIconCalendarCache --> not init calendar builder or backgroundImage is null
06-11 09:37:10.304  2704  2704 I A01a00/SYS_UI: MaintenanceRecord --> Send maintenance event(1), extendType(7), ext: [{"bundleName":"com.huawei.hmos.devicecollaboration","desc":"Enable AppLiveView for com.huawei.hmos.devicecollaboration error: Error: The specified bundle name was not found","stack":"Cannot get SourceMap info, dump raw stack:\n=====================Backtrace========================\n#00 pc 000000000073684c /system/lib64/platformsdk/libark_jsruntime.so\n#01 pc 0000000000736d60 /system/lib64/platformsdk/libark_jsruntime.so\n#02 pc 000000000032fa04 /system/lib64/platformsdk/libark_jsruntime.so\n#03 pc 00000000001b7f4c /system/lib64/platformsdk/libark_jsruntime.so\n#04 pc 00000000001b78f4 /system/lib64/platformsdk/libark_jsruntime.so\n#05 pc 000000000024e088 /system/lib64/platformsdk/libark_jsruntime.so\n#06 pc 000000000060a764 /system/lib64/platformsdk/libark_jsruntime.so\n#07 pc 00000000005d44c4 /system/lib64/platformsdk/libark_jsruntime.so\n#08 pc 0000000000053630 /system/lib64/platformsdk/libace_napi.z.so\n#09 pc 0000000000059fd4 /system/lib64/module/libnotificationmanager.z.so\n#10 pc 000000000005a61c /system/lib64/module/libnotificationmanager.z.so\n#11 pc 000000000005aac4 /system/lib64/module/libnotificationmanager.z.so\n#12 pc 0000000000079054 /system/lib64/module/libnotificationmanager.z.so\n#13 pc 0000000000061b28 /system/lib64/platformsdk/libace_napi.z.so\n#14 pc 0000000000011ca0 /system/lib64/platformsdk/libuv.so\n#15 pc 0000000000015a50 /system/lib64/platformsdk/libuv.so","errorCodes":[4061]}]
06-11 09:37:10.331  2704  2704 I A01a00/SYS_UI: MaintenanceRecord --> Send maintenance event to push success
06-11 09:37:38.633  3920  3920 I A00500/SettingsData: DataAbilityStage onCreate
06-11 09:37:38.661  3920  3920 I A00500/SettingsData: Area 0
06-11 09:37:38.661  3920  3920 I A00500/SettingsData: onInitialize start
06-11 09:37:38.661  3920  3920 I A00500/SettingsData: call initRdbStore start
06-11 09:37:38.662  3920  3920 I A00500/SettingsData: onInitialize end
06-11 09:37:38.672  3920  3920 I A00500/SettingsData: get userID from uri: datashare:///com.ohos.settingsdata/entry/settingsdata/SETTINGSDATA?Proxy=true&key=basic_statement_agreed
06-11 09:37:38.672  3920  3920 I A00500/SettingsData: rPos 67
06-11 09:37:38.672  3920  3920 I A00500/SettingsData: lPos 63
06-11 09:37:38.672  3920  3920 I A00500/SettingsData: userID substring: ATA
06-11 09:37:38.672  3920  3920 I A00500/SettingsData: getUserIDFromUri: user ID: 100
06-11 09:37:38.672  3920  3920 I A00500/SettingsData: current maxuserno is: 100
06-11 09:37:38.672  3920  3920 I A00500/SettingsData: query start uri:datashare:///com.ohos.settingsdata/entry/settingsdata/SETTINGSDATA?Proxy=true&key=basic_statement_agreed with userID: 100 , callback is: function AsyncCallback() { [native code] }
06-11 09:37:38.672  3920  3920 I A00500/SettingsData: query request
06-11 09:37:38.672  3920  3920 E A00500/SettingsData: DB not ready request = datashare:///com.ohos.settingsdata/entry/settingsdata/SETTINGSDATA?Proxy=true&key=basic_statement_agreed , retry after DB startup
06-11 09:37:38.687  3920  3920 I A00500/SettingsData: get rdbStore success, rdbstore: 0
06-11 09:37:38.687  3920  3920 I A00500/SettingsData: rdbStore [object Object]
06-11 09:37:38.687  3920  3920 I A00500/SettingsData: firstStartupConfig start
06-11 09:37:38.695  3920  3920 I A00500/SettingsData: firstStartupConfig isFirstStartUp = false max user no: 100
06-11 09:37:38.697  3920  3920 I A00500/SettingsData: firstStartupConfig end
06-11 09:37:38.697  3920  3920 I A00500/SettingsData: call initRdbStore end
06-11 09:37:38.697  3920  3920 I A00500/SettingsData: start load ccm json file
06-11 09:37:38.697  3920  3920 I A00500/SettingsData: WakeUpDataMigrate start doWakeUpMigrate
06-11 09:37:38.697  3920  3920 I A00500/SettingsData: WakeUpDataMigrate srcPath: false dstPath: false
06-11 09:37:38.697  3920  3920 I A00500/SettingsData: WakeUpDataMigrate srcfile is null or dstfile not null
06-11 09:37:38.698  3920  3920 I A00500/SettingsData: ccm json file read success
06-11 09:37:38.698  3920  3920 I A00500/SettingsData: KeyMap:power_saving_on  -  settings.push.sleep_notification_enable
06-11 09:37:38.698  3920  3920 I A00500/SettingsData: KeyMap:swing_quick_pay  -  quick_pay_open_switch
06-11 09:37:38.698  3920  3920 I A00500/SettingsData: KeyMap:swing_scan_code  -  scan_code_open_switch
06-11 09:37:38.698  3920  3920 I A00500/SettingsData: KeyMap:enable_annoy_card_1  -  spamshield_sim1_phone_switch_ring_once
06-11 09:37:38.698  3920  3920 I A00500/SettingsData: KeyMap:enable_annoy_card_2  -  spamshield_sim2_phone_switch_ring_once
06-11 09:37:38.698  3920  3920 I A00500/SettingsData: KeyMap:airplane_mode_on  -  settings.telephony.airplanemode
06-11 09:37:38.698  3920  3920 I A00500/SettingsData: KeyMap:sle_on  -  nearlink_switch_enable
06-11 09:37:38.698  3920  3920 I A00500/SettingsData: KeyMap:location_mode  -  location_switch_enable
06-11 09:37:38.698  3920  3920 I A00500/SettingsData: KeyMap:accelerometer_rotation  -  settings.general.accelerometer_rotation_status
06-11 09:37:38.698  3920  3920 I A00500/SettingsData: KeyMap:screen_brightness_mode  -  settings.display.auto_screen_brightness
06-11 09:37:38.698  3920  3920 I A00500/SettingsData: KeyMap:screen_brightness  -  settings.display.screen_brightness_status
06-11 09:37:38.698  3920  3920 I A00500/SettingsData: KeyMap:screen_off_timeout  -  settings.display.screen_off_timeout
06-11 09:37:38.698  3920  3920 I A00500/SettingsData: KeyMap:time_12_24  -  settings.date.time_format
06-11 09:37:38.698  3920  3920 I A00500/SettingsData: KeyMap:parentcontrol_screentime_status  -  parent_control_switch
06-11 09:37:38.698  3920  3920 I A00500/SettingsData: KeyMap:parentcontrol_controlmode_status  -  parentcontrol_controlmode_status
06-11 09:37:38.698  3920  3920 I A00500/SettingsData: KeyMap:unified_default_device_name  -  settings.general.device_name
06-11 09:37:38.698  3920  3920 I A00500/SettingsData: KeyMap:unified_device_name  -  settings.general.user_defined_device_name
06-11 09:37:38.698  3920  3920 I A00500/SettingsData: KeyMap:unified_display_device_name  -  settings.general.display_device_name
06-11 09:37:38.698  3920  3920 I A00500/SettingsData: KeyMap:auto_time_zone  -  auto_timezone
06-11 09:37:38.698  3920  3920 I A00500/SettingsData: KeyMap:status_bar_pure_display_enabled  -  status_bar_pure_show
06-11 09:37:38.699  3920  3920 I A00500/SettingsData: KeyMap:show_network_speed_enabled  -  status_bar_show_real_time_network_speed
06-11 09:37:38.699  3920  3920 I A00500/SettingsData: KeyMap:notification_way_switch  -  status_bar_show_notification_icon
06-11 09:37:38.699  3920  3920 I A00500/SettingsData: KeyMap:lock_screen_allow_private_notifications  -  app_ntf_config_hide_content
06-11 09:37:38.699  3920  3920 I A00500/SettingsData: KeyMap:wakeup_when_receive_notification  -  app_ntf_config_screen_on
06-11 09:37:38.699  3920  3920 I A00500/SettingsData: KeyMap:hw_system_night_upgrade_switch  -  night_upgrade_switch
06-11 09:37:38.699  3920  3920 I A00500/SettingsData: KeyMap:hw_system_update_auto_download  -  wlan_auto_download_switch
06-11 09:37:38.699  3920  3920 I A00500/SettingsData: KeyMap:default_simcard_slotid  -  is_voice_card
06-11 09:37:38.699  3920  3920 I A00500/SettingsData: KeyMap:user_experience_involved  -  hiview_ue_switch_tmp
06-11 09:37:38.699  3920  3920 I A00500/SettingsData: KeyMap:call_log_merge_type  -  settings.telephony.calllogmergetype
06-11 09:37:38.699  3920  3920 I A00500/SettingsData: KeyMap:oobe_statement_agreed  -  basic_statement_agreed
06-11 09:37:38.699  3920  3920 I A00500/SettingsData: KeyMap:elder_care_switch  -  accessibility_elder_care_switch_enabled
06-11 09:37:38.699  3920  3920 I A00500/SettingsData: KeyMap:persist.sys.easyflag  -  settings.power.wakeup_double_click
06-11 09:37:38.699  3920  3920 I A00500/SettingsData: KeyMap:low_resolution_switch  -  settings.display.resolution_smart_switch
06-11 09:37:38.699  3920  3920 I A00500/SettingsData: KeyMap:SmartModeStatus  -  settings.power.smart_mode_status
06-11 09:37:38.699  3920  3920 I A00500/SettingsData: KeyMap:battery_percent_switch  -  status_bar_show_battery_soc
06-11 09:37:38.699  3920  3920 I A00500/SettingsData: KeyMap:app_ntf_config_hide_content  -  app_ntf_config_hide_banner_content
06-11 09:37:38.699  3920  3920 I A00500/SettingsData: KeyMap:mode_ringer  -  ringer_mode
06-11 09:37:38.699  3920  3920 I A00500/SettingsData: KeyMap:volume_alarm  -  alarm_volume
06-11 09:37:38.699  3920  3920 I A00500/SettingsData: KeyMap:volume_alarm_speaker  -  alarm_volume_builtin
06-11 09:37:38.699  3920  3920 I A00500/SettingsData: KeyMap:volume_music  -  music_volume
06-11 09:37:38.699  3920  3920 I A00500/SettingsData: KeyMap:volume_music_speaker  -  music_volume_builtin
06-11 09:37:38.699  3920  3920 I A00500/SettingsData: KeyMap:volume_music_bt_a2dp  -  music_volume_wireless
06-11 09:37:38.699  3920  3920 I A00500/SettingsData: KeyMap:volume_music_usb_device  -  music_volume_wired
06-11 09:37:38.699  3920  3920 I A00500/SettingsData: KeyMap:volume_notification  -  notification_volume_builtin
06-11 09:37:38.699  3920  3920 I A00500/SettingsData: KeyMap:volume_ring  -  ring_volume
06-11 09:37:38.699  3920  3920 I A00500/SettingsData: KeyMap:volume_ring_bt_a2dp  -  ring_volume_wireless
06-11 09:37:38.699  3920  3920 I A00500/SettingsData: KeyMap:volume_ring_usb_device  -  ring_volume_wired
06-11 09:37:38.699  3920  3920 I A00500/SettingsData: KeyMap:volume_ring_speaker  -  ring_volume_builtin
06-11 09:37:38.699  3920  3920 I A00500/SettingsData: KeyMap:volume_system  -  system_volume
06-11 09:37:38.699  3920  3920 I A00500/SettingsData: KeyMap:volume_voice  -  voice_call_volume
06-11 09:37:38.699  3920  3920 I A00500/SettingsData: KeyMap:volume_voice_earpiece  -  voice_call_volume_builtin
06-11 09:37:38.699  3920  3920 I A00500/SettingsData: KeyMap:volume_voice_bt_a2dp  -  voice_call_volume_wireless
06-11 09:37:38.699  3920  3920 I A00500/SettingsData: KeyMap:volume_voice_usb_device  -  voice_call_volume_wired
06-11 09:37:38.699  3920  3920 I A00500/SettingsData: KeyMap:volume_tts  -  voice_assistant_volume_builtin
06-11 09:37:38.699  3920  3920 I A00500/SettingsData: KeyMap:volume_tts_bt_a2dp  -  voice_assistant_volume_wireless
06-11 09:37:38.699  3920  3920 I A00500/SettingsData: KeyMap:volume_tts_usb_device  -  voice_assistant_volume_wired
06-11 09:37:38.699  3920  3920 I A00500/SettingsData: KeyMap:haptic_feedback_enabled  -  physic_navi_haptic_feedback_enabled
06-11 09:37:38.699  3920  3920 I A00500/SettingsData: KeyMap:hw_screen_freq  -  settings.display.hw_screen_freq
06-11 09:37:38.699  3920  3920 I A00500/SettingsData: KeyMap:screen_lock_fingerprint_unlock_protection_db  -  key_fp_unlock_protection_for_screen_lock
06-11 09:37:38.699  3920  3920 I A00500/SettingsData: KeyMap:setting_distributed_pasteboard_switch  -  distributed_pasteboard_switch
06-11 09:37:38.699  3920  3920 I A00500/SettingsData: KeyMap:nfc_payment_default_component  -  nfc_payment_default_app
06-11 09:37:38.699  3920  3920 I A00500/SettingsData: KeyMap:play_camera_sound  -  always_play_screenshot_sound
06-11 09:37:38.699  3920  3920 I A00500/SettingsData: KeyMap:accessibility_shortcut_dialog_shown  -  accessibility_shortcut_timeout
06-11 09:37:38.699  3920  3920 I A00500/SettingsData: KeyMap:default_input_method  -  default_input_method
06-11 09:37:38.699  3920  3920 I A00500/SettingsData: KeyMap:cover_enabled  -  cover_enabled
06-11 09:37:38.699  3920  3920 I A00500/SettingsData: KeyMap:cover_type  -  cover_type
06-11 09:37:38.699  3920  3920 I A00500/SettingsData: KeyMap:hw_gnss_high_accuracy_state  -  loc_hd_gnss_status
06-11 09:37:38.699  3920  3920 I A00500/SettingsData: KeyMap:hw_ebook_mode_switch  -  settings.display.ebook_switch
06-11 09:37:38.699  3920  3920 I A00500/SettingsData: KeyMap:hw_ebook_mode_value  -  settings.display.ebook_mode
06-11 09:37:38.699  3920  3920 I A00500/SettingsData: KeyMap:eyes_protection_mode  -  settings.eyeshield.enable
06-11 09:37:38.699  3920  3920 I A00500/SettingsData: KeyMap:eye_comfort_schedule_switch  -  settings.display.eye_comfort_mode
06-11 09:37:38.699  3920  3920 I A00500/SettingsData: KeyMap:eye_comfort_starttime  -  settings.display.eye_comfort_starttime
06-11 09:37:38.699  3920  3920 I A00500/SettingsData: KeyMap:eye_comfort_endtime  -  settings.display.eye_comfort_endtime
06-11 09:37:38.699  3920  3920 I A00500/SettingsData: KeyMap:wallpaperAodDisplay  -  wallpaperAodDisplay
06-11 09:37:38.699  3920  3920 I A00500/SettingsData: KeyMap:color_mode_switch  -  settings.color_mode
06-11 09:37:38.699  3920  3920 I A00500/SettingsData: KeyMap:color_temperature_mode  -  settings.color_temperature
06-11 09:37:38.699  3920  3920 I A00500/SettingsData: KeyMap:color_temperature_pos  -  settings.color_temperature_coordinate
06-11 09:37:38.699  3920  3920 I A00500/SettingsData: KeyMap:hw_natural_tone_display_switch  -  settings.hw_natural_tone_display_switch
06-11 09:37:38.699  3920  3920 I A00500/SettingsData: KeyMap:hw_dc_brightness_dimming_switch  -  settings.display.eye_dc_brightness_switch
06-11 09:37:38.699  3920  3920 I A00500/SettingsData: KeyMap:user_set_warm  -  settings.display.eye_comfort_level
06-11 09:37:38.699  3920  3920 I A00500/SettingsData: KeyMap:hdr_image_display  -  settings.display.hdr_picture_switch
06-11 09:37:38.699  3920  3920 I A00500/SettingsData: KeyMap:smart_backlight_enable  -  settings.display.natural_light_switch
06-11 09:37:38.699  3920  3920 I A00500/SettingsData: KeyMap:multi_win_interact  -  multi_dock_status
06-11 09:37:38.699  3920  3920 I A00500/SettingsData: KeyMap:default_input_method  -  default_input_method
06-11 09:37:38.700  3920  3920 I A00500/SettingsData: KeyMap:VOICE_AIVOICE_ENABLE_FLAG  -  ai_voice_noise_suppression_flag
06-11 09:37:38.700  3920  3920 I A00500/SettingsData: KeyMap:AIVOICE_POPUP_TIMES  -  ai_voice_banner_noitication_popup_times
06-11 09:37:38.700  3920  3920 I A00500/SettingsData: KeyMap:ui_night_mode  -  settings.uiappearance.darkmode_mode
06-11 09:37:38.700  3920  3920 I A00500/SettingsData: KeyMap:com.android.settings.development.stereo_enhancement_disabled  -  settings.developer.stereo_enhancement
06-11 09:37:38.700  3920  3920 I A00500/SettingsData: KeyMap:undefined  -  undefined
06-11 09:37:38.700  3920  3920 I A00500/SettingsData: dump map: doSystemMigrate migrateKeyMap:  with size: 214
06-11 09:37:38.700  3920  3920 I A00500/SettingsData: myMap.size > 0 dump map: doSystemMigrate migrateKeyMap:  with size: 214
06-11 09:37:38.700  3920  3920 I A00500/SettingsData: start load ccm json file
06-11 09:37:38.700  3920  3920 I A00500/SettingsData: ccm json file read success
06-11 09:37:38.701  3920  3920 I A00500/SettingsData: dump map: doSystemMigrate targetsTableMap:  with size: 206
06-11 09:37:38.701  3920  3920 I A00500/SettingsData: myMap.size > 0 dump map: doSystemMigrate targetsTableMap:  with size: 206
06-11 09:37:38.701  3920  3920 I A00500/SettingsData: doSystemMigrate start... 
06-11 09:37:38.702  3920  3920 I A00000/ABX_CONVERTER: abx2Xml start
06-11 09:37:38.702  3920  3920 I A00000/ABX_CONVERTER: src value is /data/migrate/settings_global.xml , dest value is /data/storage/el1/database/settings_global.xml
06-11 09:37:38.702  3920  3920 I A00000/ABX_CONVERTER: convert result is  -1
06-11 09:37:38.702  3920  3920 E A00500/SettingsData: decoder failure: /data/migrate/settings_global.xml , error code:-1
06-11 09:37:38.702  3920  3920 E A00500/SettingsData: readText failed:No such file or directory, error code:13900002
06-11 09:37:38.702  3920  3920 I A00500/SettingsData: doSystemMigrate end - no need!
06-11 09:37:38.702  3920  3920 I A00500/SettingsData: userLeft : 0
06-11 09:37:38.702  3920  3920 I A00500/SettingsData: current maxuserno is: 100
06-11 09:37:38.702  3920  3920 I A00500/SettingsData: loadDefaultSettingsData exists
06-11 09:37:38.702  3920  3920 I A00500/SettingsData: checkAndDoDBVersionUpgrade start 
06-11 09:37:38.704  3920  3920 I A00500/SettingsData: query result:1
06-11 09:37:38.704  3920  3920 I A00500/SettingsData: DB version 6 <==> 6 is latest
06-11 09:37:38.707  3920  3920 I A00500/SettingsData: SilentProxy processInitialRequests enable success
06-11 09:37:38.707  3920  3920 I A00500/SettingsData: processInitialRequests
06-11 09:37:38.707  3920  3920 I A00500/SettingsData: onInitialized query start with uri: datashare:///com.ohos.settingsdata/entry/settingsdata/SETTINGSDATA?Proxy=true&key=basic_statement_agreed
06-11 09:37:38.708  3920  3920 I A00500/SettingsData: query result from datashare: empty! DB state: 3
06-11 09:37:39.197  2704  2704 I A01a00/SYS_UI: MaintenanceRecord --> Send maintenance event(1), extendType(7), ext: [{"bundleName":"com.huawei.hmos.hicar","desc":"Enable AppLiveView for com.huawei.hmos.hicar error: Error: The specified bundle name was not found","stack":"Cannot get SourceMap info, dump raw stack:\n=====================Backtrace========================\n#00 pc 000000000073684c /system/lib64/platformsdk/libark_jsruntime.so\n#01 pc 0000000000736d60 /system/lib64/platformsdk/libark_jsruntime.so\n#02 pc 000000000032fa04 /system/lib64/platformsdk/libark_jsruntime.so\n#03 pc 00000000001b7f4c /system/lib64/platformsdk/libark_jsruntime.so\n#04 pc 00000000001b78f4 /system/lib64/platformsdk/libark_jsruntime.so\n#05 pc 000000000024e088 /system/lib64/platformsdk/libark_jsruntime.so\n#06 pc 000000000060a764 /system/lib64/platformsdk/libark_jsruntime.so\n#07 pc 00000000005d44c4 /system/lib64/platformsdk/libark_jsruntime.so\n#08 pc 0000000000053630 /system/lib64/platformsdk/libace_napi.z.so\n#09 pc 0000000000059fd4 /system/lib64/module/libnotificationmanager.z.so\n#10 pc 000000000005a61c /system/lib64/module/libnotificationmanager.z.so\n#11 pc 000000000005aac4 /system/lib64/module/libnotificationmanager.z.so\n#12 pc 0000000000079054 /system/lib64/module/libnotificationmanager.z.so\n#13 pc 0000000000061b28 /system/lib64/platformsdk/libace_napi.z.so\n#14 pc 0000000000011ca0 /system/lib64/platformsdk/libuv.so\n#15 pc 0000000000015a50 /system/lib64/platformsdk/libuv.so","errorCodes":[4061]}]
06-11 09:37:39.202  2704  2704 I A01a00/SYS_UI: MaintenanceRecord --> Send maintenance event to push success
06-11 09:37:48.778  2704  2704 I A04200/WINDOW: SCBSceneSessionManager --> request top! persistentId: 38
06-11 09:37:48.779  2704  2704 I A01b01/HOME: SCBScenePanel --> onRaiseSceneToTop with persistentId:38
06-11 09:37:48.779  2704  2704 I A01b01/HOME: SCBScenePanel --> getContainerSessionByPersistentIdOrContainerId persistentId 38 containerId undefined
06-11 09:37:48.779  2704  2704 I A01b01/HOME: SCBScenePanel --> getSceneContainerSessionWithPersistentId with session id: 38
06-11 09:37:48.782  2704  2704 I A01b01/HOME: SCBScenePanel --> getSceneContainerSessionWithPersistentId from containerSessionList id: 38
06-11 09:37:48.782  2704  2704 I A04200/WINDOW: SCBSceneContainerSession --> updateLastUsedTimestamp primarySession id:38, secondarySession id:
06-11 09:37:48.799  2704  2704 I A04200/WINDOW: SCBScenePanelManager --> Remove scene container session, id: 2
06-11 09:37:48.800  2704  2704 I A04200/WINDOW: SCBScenePanelManager --> raiseFloatingSceneToTop with null  containerSession
06-11 09:37:48.800  2704  2704 E A04200/WINDOW: SCBSceneSessionManager --> No scene func: 25 has registered!
06-11 09:37:48.801  2704  2704 I A04200/WINDOW: SCBSceneSessionManager --> requestFocus id : 38, byForeground：true, reason: 1
06-11 09:37:48.808  2704  2704 I A04200/WINDOW: SCBSceneSessionManager --> get session by persistentId: 38
06-11 09:37:48.850  3600  3600 I A01100/[PafUiWidget]: PafPermission(PafPermission): pafpermission onClick Agree 1
06-11 09:37:48.850  3600  3600 I A01100/[PafUiWidget]: PafPermission(PafPermission): pafPermission beforeSign click begin
06-11 09:37:48.871  3600  3600 E A01100/[PafUiWidget]: PafConsent(PafAgreement): PafAgreement changeAppModeContext: appServiceMode is 1
06-11 09:37:48.915  3600  3600 I A01100/[PafUiWidget]: PafConsent(PafAgreement): PafAgreement changeFirstStartState firstStart is false
06-11 09:37:48.915  3600  3600 I A01100/[PafUiWidget]: PafConsent(PafAgreement): PafAgreement callSign: begin. isFirstSignFromWelcome=true
06-11 09:37:48.916  3600  3600 I A01100/[PafUiWidget]: PafConsent(PafAgreement): PafAgreement getUserIdAndCountry: begin
06-11 09:37:48.917  3600  3600 I A01100/[PafUiWidget]: PafPermission(PafPermission): pafPermission beforeSign click end
06-11 09:37:48.918  3600  3600 I A000ff/HMKeyboard_AgreementConfig: getUserId isSettingProcess true, isRequesting false
06-11 09:37:48.933  3600  3600 W A000ff/HMKeyboard_AgreementConfig: SettingHwIdManager getUserId but not login, ignore
06-11 09:37:48.934  3600  3600 I A01100/[PafUiWidget]: PafConsent(PafAgreement): PafAgreement callSign: build sign request success
06-11 09:37:48.934  3600  3600 I A01100/[PafUiWidget]: PafConsent(PafAgreement): PafAgreement callSignByReq: begin: api request, access network
06-11 09:37:48.936  3600  3600 I A0ff00/[Consent-ASSDK]: [S API: AGRS]
06-11 09:37:48.937  3600  3600 I A0ff00/[Consent-ASSDK]: AGRS.signWelcomePageForPaf start, transId:f52fa4f6-4837-430a-88f0-55ca52a5c21f
06-11 09:37:48.944  3600  3600 I A0ff00/[Consent-ASSDK]: [C I S]
06-11 09:37:48.945  3600  3600 I A0ff00/[Consent-ASSDK]: GRFC S, Path: common_config/agreement_config_common.json
06-11 09:37:48.948  3600  3600 I A01100/[PafUiWidget]: PafConsent(PafAgreement): PafAgreement getUserIdAndCountry: end. execute getUserId() and getCountry()
06-11 09:37:48.948  3600  3600 I A01100/[PafUiWidget]: PafPermission(PafPermission): pafPermission confirm click pre
06-11 09:37:48.948  3600  3600 I A01100/[PafUiWidget]: PafPermission(PafPermission): pafPermission confirm click begin
06-11 09:37:48.949  3600  3600 I A000ff/HMKeyboard_StartupPage: select mode: 0, pageLen: 1
06-11 09:37:48.949  3600  3600 I A000ff/HMKeyboard_HwIdManager: addAccountList
06-11 09:37:48.950  3600  3600 I A000ff/HMKeyboard_HwIdManager: account no data, return
06-11 09:37:48.951  3600  3600 I A000ff/HMKeyboard_CommonEventHelper: do publish
06-11 09:37:48.969  3600  3600 I A000ff/HMKeyboard_StartupPage: setNewAppMode called.
06-11 09:37:48.969  3600  3600 I A000ff/HMKeyboard_CommonEventHelper: do publish
06-11 09:37:48.998  3600  3600 I A000ff/HMKeyboard_PrivacyUtil: set privacy agreed? true
06-11 09:37:49.236  2781  2781 I A000ff/HMKeyboard_KeyboardEventHub: update value  common event subscriber
06-11 09:37:49.237  2781  2781 I A000ff/HMKeyboard_AnnotationUtils: j387 call, mark dirty
06-11 09:37:49.237  2781  2781 I A000ff/HMKeyboard_SettingService: update value from IPC keyValueListJson 
06-11 09:37:49.250  3600  3600 I A000ff/HMKeyboard_CommonEventHelper: do publish
06-11 09:37:49.250  3600  3600 I A000ff/HMKeyboard_CommonEventHelper: do publish
06-11 09:37:49.250  3600  3600 I A000ff/HMKeyboard_StartupPage: flush user choice mode
06-11 09:37:49.251  3600  3600 I A000ff/HMKeyboard_CommonEventHelper: do publish
06-11 09:37:49.251  2781  2781 I A000ff/HMKeyboard_SettingService: update value from IPC: isStopServiceFlg
06-11 09:37:49.252  2781  2781 I A000ff/HMKeyboard_KeyboardEventHub: update value init IPC onIPCFromSetting ipcData[0]:spChange, pss:undefined, native:undefined
06-11 09:37:49.260  2781  2781 I A000ff/HMKeyboard_KeyboardEventHub: update value  common event subscriber
06-11 09:37:49.260  2781  2781 I A000ff/HMKeyboard_SettingService: update value from IPC keyValueListJson 
06-11 09:37:49.260  2781  2781 I A000ff/HMKeyboard_SettingService: update value from IPC: pref_mode_setting
06-11 09:37:49.262  2781  2781 I A000ff/HMKeyboard_KbdHwIdManager: login because change to fullMode
06-11 09:37:49.279  2781  2781 I A000ff/HMKeyboard_HwIdLoginTask: login because change to fullMode
06-11 09:37:49.302  3600  3600 I A000ff/HMKeyboard_CommonEventHelper: do publish
06-11 09:37:49.320  2781  2781 I A000ff/HMKeyboard_KeyboardEventHub: update value init IPC onIPCFromSetting ipcData[0]:spChange, pss:undefined, native:undefined
06-11 09:37:49.325  2781  2781 I A000ff/HMKeyboard_KeyboardEventHub: update value  common event subscriber
06-11 09:37:49.327  2781  2781 I A000ff/HMKeyboard_KeyboardEventHub: update value init IPC onIPCFromSetting ipcData[0]:isNeedPrivacyQuery, pss:undefined, native:undefined
06-11 09:37:49.327  2781  2781 I A000ff/HMKeyboard_KeyboardEventHub: update value  common event subscriber
06-11 09:37:49.327  2781  2781 I A000ff/HMKeyboard_SettingService: update value from IPC keyValueListJson 
06-11 09:37:49.328  2781  2781 I A000ff/HMKeyboard_SettingService: update value from IPC: privacy_agreement_version
06-11 09:37:49.328  2781  2781 I A000ff/HMKeyboard_KeyboardEventHub: update value init IPC onIPCFromSetting ipcData[0]:spChange, pss:undefined, native:undefined
06-11 09:37:49.328  2781  2781 I A000ff/HMKeyboard_KeyboardEventHub: update value  common event subscriber
06-11 09:37:49.328  2781  2781 I A000ff/HMKeyboard_SettingService: update value from IPC keyValueListJson 
06-11 09:37:49.328  2781  2781 I A000ff/HMKeyboard_SettingService: update value from IPC: is_privacy_agree
06-11 09:37:49.328  2781  2781 I A000ff/HMKeyboard_SettingService: update value from IPC: op_privacy_version
06-11 09:37:49.328  2781  2781 I A000ff/HMKeyboard_SettingService: update value from IPC: op_user_agreement_version
06-11 09:37:49.329  2781  2781 I A000ff/HMKeyboard_SettingService: update value from IPC: op_privacy_app_version
06-11 09:37:49.329  2781  2781 I A000ff/HMKeyboard_SettingService: update value from IPC: op_privacy_time
06-11 09:37:49.329  2781  2781 I A000ff/HMKeyboard_KeyboardEventHub: update value init IPC onIPCFromSetting ipcData[0]:spChange, pss:undefined, native:undefined
06-11 09:37:49.329  2781  2781 I A000ff/HMKeyboard_KeyboardEventHub: update value  common event subscriber
06-11 09:37:49.329  2781  2781 I A000ff/HMKeyboard_SettingService: update value from IPC keyValueListJson 
06-11 09:37:49.329  2781  2781 I A000ff/HMKeyboard_SettingService: update value from IPC: user_choice_input_method_mode_time
06-11 09:37:49.330  2781  2781 I A000ff/HMKeyboard_KeyboardEventHub: update value init IPC onIPCFromSetting ipcData[0]:spChange, pss:undefined, native:undefined
06-11 09:37:49.330  2781  2781 I A000ff/HMKeyboard_WorkDispatcher: queryWork success, ret: 
06-11 09:37:49.330  2781  2781 I A000ff/HMKeyboard_WorkDispatcher: call startWork, id: 546, repeat: 15600000
06-11 09:37:49.353  3600  3600 I A000ff/HMKeyboard_CommonEventHelper: do publish
06-11 09:37:49.360  2781  2781 I A000ff/HMKeyboard_WorkDispatcher: call startWork, id: 548, repeat: 86400000
06-11 09:37:49.362  3600  3600 I A000ff/HMKeyboard_StartupPage: auto recover sync contacts
06-11 09:37:49.367  3600  3600 I A000ff/HMKeyboard_CommonEventHelper: do publish
06-11 09:37:49.378  3600  3600 I A000ff/HMKeyboard_CommonEventHelper: do publish
06-11 09:37:49.379  3600  3600 I A000ff/HMKeyboard_CommonEventHelper: do publish
06-11 09:37:49.380  3600  3600 I A000ff/HMKeyboard_CommonEventHelper: do publish
06-11 09:37:49.382  3600  3600 I A000ff/HMKeyboard_CommonEventHelper: do publish
06-11 09:37:49.384  2781  2781 I A000ff/HMKeyboard_KeyboardEventHub: update value  common event subscriber
06-11 09:37:49.384  2781  2781 I A000ff/HMKeyboard_SettingService: update value from IPC keyValueListJson 
06-11 09:37:49.385  2781  2781 I A000ff/HMKeyboard_SettingService: update value from IPC: isNeedUploadPrivacyConsentFlag
06-11 09:37:49.385  2781  2781 I A000ff/HMKeyboard_KeyboardEventHub: update value init IPC onIPCFromSetting ipcData[0]:spChange, pss:undefined, native:undefined
06-11 09:37:49.385  2781  2781 I A000ff/HMKeyboard_KeyboardEventHub: update value  common event subscriber
06-11 09:37:49.436  3600  3600 I A000ff/HMKeyboard_KeyboardSelectGuideP: KeyboardSelectGuidePage aboutToAppear
06-11 09:37:49.471  2781  2781 I A000ff/HMKeyboard_ContactSyncManager: operateContacts, key:autoSyncContactsWithoutToast
06-11 09:37:49.471  2781  2781 I A000ff/HMKeyboard_ContactSyncManager: syncContacts start
06-11 09:37:49.488  2781  2781 W A000ff/HMKeyboard_ContactSyncManager: shouldAutoSyncContacts is false, because isAutoSyncContactsEnable is false
06-11 09:37:49.489  2781  2781 I A000ff/HMKeyboard_KeyboardEventHub: update value init IPC onIPCFromSetting ipcData[0]:operateContacts, pss:undefined, native:undefined
06-11 09:37:49.489  2781  2781 I A000ff/HMKeyboard_ContactSyncManager: syncContactsWordsToEngine reject, because shouldSyncContacts is return false
06-11 09:37:49.489  2781  2781 I A000ff/HMKeyboard_ContactSyncManager: syncContacts finish, isEffectiveImport: false
06-11 09:37:49.491  2781  2781 I A000ff/HMKeyboard_CommonEventHelper: do publish
06-11 09:37:49.492  2781  2781 I A000ff/HMKeyboard_KeyboardEventHub: update value  common event subscriber
06-11 09:37:49.492  2781  2781 I A000ff/HMKeyboard_SettingService: update value from IPC keyValueListJson 
06-11 09:37:49.492  2781  2781 I A000ff/HMKeyboard_SettingService: update value from IPC: pref_auto_sync_contacts
06-11 09:37:49.495  2781  2781 I A000ff/HMKeyboard_KeyboardEventHub: update value init IPC onIPCFromSetting ipcData[0]:spChange, pss:undefined, native:undefined
06-11 09:37:49.495  2781  2781 I A000ff/HMKeyboard_KeyboardEventHub: update value  common event subscriber
06-11 09:37:49.495  2781  2781 I A000ff/HMKeyboard_SettingService: update value from IPC keyValueListJson 
06-11 09:37:49.495  2781  2781 I A000ff/HMKeyboard_SettingService: update value from IPC: is_startup_showed
06-11 09:37:49.497  2781  2781 I A000ff/HMKeyboard_KeyboardEventHub: update value init IPC onIPCFromSetting ipcData[0]:spChange, pss:undefined, native:undefined
06-11 09:37:49.497  2781  2781 I A000ff/HMKeyboard_KeyboardEventHub: update value  common event subscriber
06-11 09:37:49.498  2781  2781 I A000ff/HMKeyboard_KeyboardController: privacy agree, insert show task
06-11 09:37:49.498  2781  2781 I A000ff/HMKeyboard_KeyboardEventHub: update value init IPC onIPCFromSetting ipcData[0]:isFinishPrivacyConfirm, pss:undefined, native:undefined
06-11 09:37:49.498  2781  2781 I A000ff/HMKeyboard_KeyboardEventHub: update value  common event subscriber
06-11 09:37:49.499  2781  2781 I A000ff/HMKeyboard_KeyboardEventHub: update value init IPC onIPCFromSetting ipcData[0]:quitLayoutGuidePage, pss:undefined, native:undefined
06-11 09:37:49.499  2781  2781 I A000ff/HMKeyboard_CommonEventHelper: publish success
06-11 09:37:49.614  3600  3600 I A01100/[PafUiWidget]: PafPermission(PafPermission): pafPermission confirm click end
06-11 09:37:49.671  3600  3600 I A01100/[PafUiWidget]: PafBase(BreakpointSystem): BreakpointSystem updateDirection monitor size:2, gridColumn:4, direction:Column
06-11 09:37:49.709  3600  3600 I A01100/[PafUiWidget]: PafBase(BreakpointSystem): BreakpointSystem updateGridColumns monitor size:2, gridColumn:4, direction:Column
06-11 09:37:49.952  3600  3600 I A0ff00/[Consent-ASSDK]: GRFC E
06-11 09:37:49.957  3600  3600 I A0ff00/[Consent-ASSDK]: [ACP p: common_config/agreement_config_common.json, c: {"agrcfgs":[{"agrType":5,"regionGroup":[{"branchesInfo":{"0":""},"groupName":"cn","mainBranchId":0},{"branchesInfo":{"0":""},"groupName":"aala","mainBranchId":0},{"branchesInfo":{"0":""},"groupName":"ru","mainBranchId":0},{"branchesInfo":{"0":""},"groupName":"eu","mainBranchId":0}],"regionGroups":[],"routerURL":"https://legal.cloud.huawei.com/terms/scope/huawei/cloud-service/terms.htm"}],"clientId":"290239d5e09c492b991a9df6139b6a50","macroServiceId":"com.huawei.securityconsentsdkforharmonyos","regionGroups":[{"groupName":"cn","regionList":["cn"]},{"groupName":"aala","regionList":["ae","af","ag","ai","am","ao","aq","ar","as","aw","az","bb","bd","bf","bh","bi","bj","bl","bm","bn","bo","br","bs","bt","bw","by","bz","cc","cd","cf","cg","ci","ck","cl","cm","co","cr","cu","cv","cx","dj","dm","do","dz","ec","eg","er","et","fj","fk","fm","ga","gd","ge","gf","gh","gm","gn","gp","gq","gt","gu","gw","gy","hk","hn","ht","id","in","iq","jm","jo","jp","ke","kg","kh","ki","km","kn","kp","kr","kw","ky","kz","la","lb","lc","lk","lr","ls","ly","ma","mg","mh","ml","mm","mn","mo","mp","mq","mr","ms","mu","mv","mw","mx","my","mz","na","nc","ne","nf","ng","ni","np","nr","nu","om","pa","pe","pf","pg","ph","pk","pn","pr","ps","pw","py","qa","re","rw","sa","sb","sc","sd","sg","sh","sl","sn","so","sr","ss","st","sv","sy","sz","tc","td","tg","th","tj","tk","tl","tm","tn","to","tt","tv","tw","tz","ug","uy","uz","vc","ve","vg","vi","vn","vu","wf","ws","ye","yt","za","zm","zw"]},{"groupName":"ru","regionList":["ru"]},{"groupName":"eu","regionList":["ad","al","an","at","au","ax","ba","be","bg","bq","ca","ch","cw","cy","cz","de","dk","ee","es","fi","fo","fr","gb","gg","gi","gl","gr","hr","hu","ie","il","im","is","it","je","li","lt","lu","lv","mc","md","me","mf","mk","mt","nl","no","nz","pl","pm","pt","ro","rs","se","si","sk","sm","sx","tr","ua","um","us","va","yk"]}],"serviceId":"com.huawei.securityconsent"}]
06-11 09:37:50.062  3600  3600 I A0ff00/[Consent-ASSDK]: GRFC S, Path: consent/agreement_config.json
06-11 09:37:50.062  3600  3600 I A000ff/HMKeyboard_CommonEventHelper: publish success
06-11 09:37:50.064  3600  3600 I A000ff/HMKeyboard_CommonEventHelper: publish success
06-11 09:37:50.065  3600  3600 I A000ff/HMKeyboard_CommonEventHelper: publish success
06-11 09:37:50.065  3600  3600 I A000ff/HMKeyboard_CommonEventHelper: publish success
06-11 09:37:50.065  3600  3600 I A000ff/HMKeyboard_CommonEventHelper: publish success
06-11 09:37:50.065  3600  3600 I A000ff/HMKeyboard_CommonEventHelper: publish success
06-11 09:37:50.065  3600  3600 I A000ff/HMKeyboard_CommonEventHelper: publish success
06-11 09:37:50.065  3600  3600 I A000ff/HMKeyboard_CommonEventHelper: publish success
06-11 09:37:50.065  3600  3600 I A000ff/HMKeyboard_CommonEventHelper: publish success
06-11 09:37:50.065  3600  3600 I A000ff/HMKeyboard_CommonEventHelper: publish success
06-11 09:37:50.065  3600  3600 I A000ff/HMKeyboard_CommonEventHelper: publish success
06-11 09:37:50.065  3600  3600 I A000ff/HMKeyboard_CommonEventHelper: publish success
06-11 09:37:50.066  3600  3600 I A000ff/HMKeyboard_MainAbility: update value  common event subscriber
06-11 09:37:50.320  3600  3600 I A000ff/HMKeyboard_CloudSyncManager: setting key not need set update time
06-11 09:37:50.321  3600  3600 I A000ff/HMKeyboard_MainAbility: update value  common event subscriber
06-11 09:37:50.321  3600  3600 I A000ff/HMKeyboard_CloudSyncManager: setting key not need set update time
06-11 09:37:50.321  3600  3600 I A000ff/HMKeyboard_MainAbility: update value  common event subscriber
06-11 09:37:50.321  3600  3600 I A000ff/HMKeyboard_CloudSyncManager: setting key not need set update time
06-11 09:37:50.321  3600  3600 I A000ff/HMKeyboard_MainAbility: update value  common event subscriber
06-11 09:37:50.321  3600  3600 I A000ff/HMKeyboard_CloudSyncManager: setting key not need set update time
06-11 09:37:50.321  3600  3600 I A000ff/HMKeyboard_MainAbility: update value  common event subscriber
06-11 09:37:50.322  3600  3600 I A000ff/HMKeyboard_CloudSyncManager: setting key not need set update time
06-11 09:37:50.322  3600  3600 I A000ff/HMKeyboard_MainAbility: update value  common event subscriber
06-11 09:37:50.322  3600  3600 I A000ff/HMKeyboard_CloudSyncManager: setting key not need set update time
06-11 09:37:50.322  3600  3600 I A000ff/HMKeyboard_MainAbility: update value  common event subscriber
06-11 09:37:50.322  3600  3600 I A000ff/HMKeyboard_CloudSyncManager: setting item update, key -> pref_auto_sync_contacts_update_time
06-11 09:37:50.327  3600  3600 I A000ff/HMKeyboard_CommonEventHelper: do publish
06-11 09:37:50.328  3600  3600 I A000ff/HMKeyboard_SettingService: update value from IPC keyValueListJson 
06-11 09:37:50.328  3600  3600 I A000ff/HMKeyboard_SettingService: update value from IPC: pref_auto_sync_contacts
06-11 09:37:50.331  3600  3600 I A000ff/HMKeyboard_MainAbility: update value  common event subscriber
06-11 09:37:50.331  3600  3600 I A000ff/HMKeyboard_CloudSyncManager: setting key not need set update time
06-11 09:37:50.331  3600  3600 I A000ff/HMKeyboard_MainAbility: update value  common event subscriber
06-11 09:37:50.331  3600  3600 I A000ff/HMKeyboard_ContactSyncManager: importContactsFail is use, isNeedToast is false
06-11 09:37:50.353  3600  3600 I A0ff00/[Consent-ASSDK]: GRFC E
06-11 09:37:50.354  3600  3600 I A0ff00/[Consent-ASSDK]: [ACP p: consent/agreement_config.json, c: {
06-11 09:37:50.354  3600  3600 I A0ff00/[Consent-ASSDK]:   "agrcfgs": [
06-11 09:37:50.354  3600  3600 I A0ff00/[Consent-ASSDK]:     {
06-11 09:37:50.354  3600  3600 I A0ff00/[Consent-ASSDK]:       "agrType": 10661,
06-11 09:37:50.354  3600  3600 I A0ff00/[Consent-ASSDK]:       "regionGroup": [
06-11 09:37:50.354  3600  3600 I A0ff00/[Consent-ASSDK]:         {
06-11 09:37:50.354  3600  3600 I A0ff00/[Consent-ASSDK]:           "branchesInfo": {
06-11 09:37:50.354  3600  3600 I A0ff00/[Consent-ASSDK]:             "0": ""
06-11 09:37:50.354  3600  3600 I A0ff00/[Consent-ASSDK]:           },
06-11 09:37:50.354  3600  3600 I A0ff00/[Consent-ASSDK]:           "groupName": "cn",
06-11 09:37:50.354  3600  3600 I A0ff00/[Consent-ASSDK]:           "mainBranchId": 0
06-11 09:37:50.354  3600  3600 I A0ff00/[Consent-ASSDK]:         }
06-11 09:37:50.354  3600  3600 I A0ff00/[Consent-ASSDK]:       ],
06-11 09:37:50.354  3600  3600 I A0ff00/[Consent-ASSDK]:       "regionGroups": [],
06-11 09:37:50.354  3600  3600 I A0ff00/[Consent-ASSDK]:       "routerURL": "https://legal.cloud.huawei.com/terms/scope/huawei/celia-keyboard-single/privacy-statement.htm"
06-11 09:37:50.354  3600  3600 I A0ff00/[Consent-ASSDK]:     }
06-11 09:37:50.354  3600  3600 I A0ff00/[Consent-ASSDK]:   ],
06-11 09:37:50.354  3600  3600 I A0ff00/[Consent-ASSDK]:   "clientId": "4b537f48af2b4f55973cd68e75b27fba",
06-11 09:37:50.354  3600  3600 I A0ff00/[Consent-ASSDK]:   "macroServiceId": "",
06-11 09:37:50.354  3600  3600 I A0ff00/[Consent-ASSDK]:   "regionGroups": [
06-11 09:37:50.354  3600  3600 I A0ff00/[Consent-ASSDK]:     {
06-11 09:37:50.354  3600  3600 I A0ff00/[Consent-ASSDK]:       "groupName": "cn",
06-11 09:37:50.354  3600  3600 I A0ff00/[Consent-ASSDK]:       "regionList": [
06-11 09:37:50.354  3600  3600 I A0ff00/[Consent-ASSDK]:         "cn"
06-11 09:37:50.354  3600  3600 I A0ff00/[Consent-ASSDK]:       ]
06-11 09:37:50.354  3600  3600 I A0ff00/[Consent-ASSDK]:     }
06-11 09:37:50.354  3600  3600 I A0ff00/[Consent-ASSDK]:   ],
06-11 09:37:50.354  3600  3600 I A0ff00/[Consent-ASSDK]:   "serviceId": "com.huawei.celiakeyboardhm"
06-11 09:37:50.354  3600  3600 I A0ff00/[Consent-ASSDK]: }]
06-11 09:37:50.360  2781  2781 I A000ff/HMKeyboard_KeyboardEventHub: update value  common event subscriber
06-11 09:37:50.360  2781  2781 I A000ff/HMKeyboard_SettingService: update value from IPC keyValueListJson 
06-11 09:37:50.360  2781  2781 I A000ff/HMKeyboard_SettingService: update value from IPC: pref_auto_sync_contacts_update_time
06-11 09:37:50.360  2781  2781 I A000ff/HMKeyboard_KeyboardEventHub: update value init IPC onIPCFromSetting ipcData[0]:spChange, pss:undefined, native:undefined
06-11 09:37:50.505  3600  3600 I A0ff00/[Consent-ASSDK]: Http Client Initial.
06-11 09:37:50.506  3600  3600 I A0ff00/[Consent-ASSDK]: hc start default.
06-11 09:37:50.506  3600  3600 I A0ff00/[Consent-ASSDK]: Use default.
06-11 09:37:50.507  3600  3600 I A0ff00/[Consent-ASSDK]: ns enter, version: 6.12.1-306
06-11 09:37:50.507  3600  3600 I A0ff00/[Consent-ASSDK]: oshttp src enter cid:44e79bde-2ec9-4bd3-9905-1aa3f7ff8cf6
06-11 09:37:50.507  3600  3600 I A0ff00/[Consent-ASSDK]: hcb inited.
06-11 09:37:50.507  3600  3600 I A0ff00/[Consent-ASSDK]: hc initted.
06-11 09:37:50.508  3600  3600 I A0ff00/[Consent-ASSDK]: [IDV3 S]
06-11 09:37:50.509  3600  3600 I A0ff00/[Consent-ASSDK]: GRFC S, Path: consent_sdk_base_config/base_config.json
06-11 09:37:50.519  3600  3600 E A000ff/HMKeyboard_ScreenUtils: orientation error
06-11 09:37:50.519  3600  3600 I A000ff/HMKeyboard_CommonEventHelper: publish success
06-11 09:37:50.522  3600  3600 I A0ff00/[Consent-ASSDK]: GRFC E
06-11 09:37:50.522  3600  3600 I A0ff00/[Consent-ASSDK]: [IDV3 E]
06-11 09:37:50.522  3600  3600 I A0ff00/[Consent-ASSDK]: [ICL S]
06-11 09:37:50.522  3600  3600 I A0ff00/[Consent-ASSDK]: GRFC S, Path: consent_sdk_base_config/base_config_country_list.json
06-11 09:37:50.524  3600  3600 I A000ff/HMKeyboard_MainAbility: update value  common event subscriber
06-11 09:37:50.524  3600  3600 I A000ff/HMKeyboard_CloudSyncManager: setting key not need set update time
06-11 09:37:50.524  3600  3600 I A0ff00/[Consent-ASSDK]: GRFC E
06-11 09:37:50.524  3600  3600 I A0ff00/[Consent-ASSDK]: [ACC: {"countrylist":["cn","ae","af","ag","ai","am","ao","aq","ar","as","aw","az","bb","bd","bf","bh","bi","bj","bl","bm","bn","bo","br","bs","bt","bv","bw","by","bz","cc","cd","cf","cg","ci","ck","cl","cm","co","cr","cu","cv","cx","dj","dm","do","dz","ec","eg","eh","er","et","fj","fk","fm","ga","gd","ge","gf","gh","gm","gn","gp","gq","gs","gt","gu","gw","gy","hk","hm","hn","ht","id","in","io","iq","jm","jo","jp","ke","kg","kh","ki","km","kn","kp","kr","kw","ky","kz","la","lb","lc","lk","lr","ls","ly","ma","mg","mh","ml","mm","mn","mo","mp","mq","mr","ms","mu","mv","mw","mx","my","mz","na","nc","ne","nf","ng","ni","np","nr","nu","om","pa","pe","pf","pg","ph","pk","pn","pr","ps","pw","py","qa","re","rw","ru","sa","sb","sc","sd","sg","sh","sl","sn","so","sr","ss","st","sv","sy","sz","tc","td","tf","tg","th","tj","tk","tl","tm","tn","to","tt","tv","tw","tz","ug","uy","uz","ve","vg","vi","vn","vu","wf","ws","ye","yt","za","zm","zw","ad","al","an","at","au","ax","ba","be","bg","bq","ca","ch","cw","cy","cz","de","dk","ee","es","fi","fo","fr","gb","gg","gi","gl","gr","hr","hu","ie","il","im","is","it","je","li","lt","lu","lv","mc","md","me","mf","mk","mt","nl","no","nz","pl","pm","pt","ro","rs","se","si","sj","sk","sm","sx","tr","ua","um","us","va","vc","xk","yk","ir","en"]}]
06-11 09:37:50.525  3600  3600 I A0ff00/[Consent-ASSDK]: [ICL E]
06-11 09:37:50.525  2704  2704 I A04200/WINDOW: SCBSceneSessionManager --> RequestedOrientationChange persistentId:38 reqOrientation:6
06-11 09:37:50.526  3600  3600 I A0ff00/[Consent-ASSDK]: [C I E]
06-11 09:37:50.527  2704  2704 I A01b01/HOME: SCBScenePanel --> getSceneContainerSessionWithPersistentId with session id: 38
06-11 09:37:50.527  3600  3600 I A0ff00/[Consent-ASSDK]: AGRS.signWelcomePageForPaf.start start, transId:f52fa4f6-4837-430a-88f0-55ca52a5c21f
06-11 09:37:50.527  2704  2704 I A01b01/HOME: SCBScenePanel --> getSceneContainerSessionWithPersistentId from containerSessionList id: 38
06-11 09:37:50.563  2704  2704 I A01b01/HOME: SCBScenePanel --> onContainerRequestedOrientationChange Convert requested orientation from  : 1 to: 6
06-11 09:37:50.576  3600  3600 I A0ff00/[Consent-ASSDK]: supportCacheHaLog
06-11 09:37:50.576  3600  3600 I A0ff00/[Consent-ASSDK]: proUploadHa: s
06-11 09:37:50.576  3600  3600 I A0ff00/[Consent-ASSDK]: [C I S]
06-11 09:37:50.576  3600  3600 I A0ff00/[Consent-ASSDK]: [C A I]
06-11 09:37:50.576  3600  3600 I A0ff00/[Consent-ASSDK]: [SWP S]
06-11 09:37:50.578  3600  3600 I A0ff00/[Consent-ASSDK]: [IMG, agrType:10661, country:cn]
06-11 09:37:50.578  2704  2704 I A01b01/HOME: SCBScenePanel --> startSceneWithRotationIfNeed containerSession com.huawei.hmos.inputmethod/default/MainAbility(persistentId: 38)(containerId: 2)needAnimation true isFromRecent false fromUser true
06-11 09:37:50.578  3600  3600 W A0ff00/[Consent-ASSDK]: country,tid:f52fa4f6-4837-430a-88f0-55ca52a5c21f s: 1781141870578
06-11 09:37:50.586  3600  3600 W A0ff00/[Consent-ASSDK]: proUploadHa: country is func
06-11 09:37:50.586  2704  2704 I A04200/WINDOW: SCBSceneContainerSession --> getTargetRotation: com.huawei.hmos.inputmethod requestOrientation: 6
06-11 09:37:50.586  2704  2704 I A04200/WINDOW: SCBScreenSessionManager --> getScreenOrientationLocked this.screenRotationLocked,value:true
06-11 09:37:50.586  2704  2704 I A04200/WINDOW: SCBSceneContainerSession --> processOrientationRelatedToSensor requestOrientation: 6 sensorRotation: 0 isScreenLocked: true currentScreenRotation: 0
06-11 09:37:50.590  3600  3600 W A0ff00/[Consent-ASSDK]: get country,tid:f52fa4f6-4837-430a-88f0-55ca52a5c21f tt: 12
06-11 09:37:50.595  3600  3600 W A0ff00/[Consent-ASSDK]: userId,tid:f52fa4f6-4837-430a-88f0-55ca52a5c21f s: 1781141870594
06-11 09:37:50.596  2704  2704 E A01b01/HOME: SCBScenePanel --> startSceneWithRotationIfNeed currentContainerRotation=0 container name=com.huawei.hmos.inputmethod/default/MainAbility(persistentId: 38)(containerId: 2)
06-11 09:37:50.597  2704  2704 I A01b01/HOME: SCBScenePanel --> startSceneWithRotationIfNeed before rotate with targetRotation=0, sensorRotation=0, currentScreenRotation=0, currentContainerRotation=0, name=com.huawei.hmos.inputmethod
06-11 09:37:50.597  2704  2704 I A01b01/HOME: SCBScenePanel --> no need to rotate with same targetRotation
06-11 09:37:51.268  3600  3600 I A0ff00/[Consent-ASSDK]: userId,tid:f52fa4f6-4837-430a-88f0-55ca52a5c21f.end end, transId:f52fa4f6-4837-430a-88f0-55ca52a5c21f
06-11 09:37:51.269  3600  3600 W A0ff00/[Consent-ASSDK]: get userId,tid:f52fa4f6-4837-430a-88f0-55ca52a5c21f tt: 675
06-11 09:37:51.269  3600  3600 I A0ff00/[Consent-ASSDK]: userId,tid:f52fa4f6-4837-430a-88f0-55ca52a5c21f.check.end end, transId:f52fa4f6-4837-430a-88f0-55ca52a5c21f
06-11 09:37:51.270  3600  3600 I A0ff00/[Consent-ASSDK]: AGRS.signWelcomePageForPaf end, transId:f52fa4f6-4837-430a-88f0-55ca52a5c21f
06-11 09:37:51.270  3600  3600 E A0ff00/[Consent-ASSDK]: signWelcomePageForPaf fail, code:10006 msg:userId.length should between [1, 20], length is too small:0
06-11 09:37:51.270  3600  3600 I A0ff00/[Consent-ASSDK]: supportCacheHaLog
06-11 09:37:51.270  3600  3600 I A0ff00/[Consent-ASSDK]: proUploadHa: s
06-11 09:37:51.270  3600  3600 I A0ff00/[Consent-ASSDK]: [C I S]
06-11 09:37:51.270  3600  3600 I A0ff00/[Consent-ASSDK]: [C A I]
06-11 09:37:51.270  3600  3600 I A0ff00/[Consent-ASSDK]: Api function end API: AGRS
06-11 09:37:51.270  3600  3600 W A0ff00/[Consent-ASSDK]: proUploadHa: country is func
06-11 09:37:51.270  3600  3600 E A0ff00/[Consent-ASSDK]:  fail, code:10006 msg:userId.length should between [1, 20], length is too small:0
06-11 09:37:51.270  3600  3600 E A01100/[PafUiWidget]: PafConsent(PafAgreement): PafAgreement callSignByReq: exception
06-11 09:37:51.270  3600  3600 E A000ff/HMKeyboard_AgreementConfig: PafAgreement sign onFailure: code:10006, detail:undefined
06-11 09:37:52.199  2704  2704 I A04200/WINDOW: SCBSceneSessionManager --> request top! persistentId: 38
06-11 09:37:52.199  2704  2704 I A01b01/HOME: SCBScenePanel --> onRaiseSceneToTop with persistentId:38
06-11 09:37:52.199  2704  2704 I A01b01/HOME: SCBScenePanel --> getContainerSessionByPersistentIdOrContainerId persistentId 38 containerId undefined
06-11 09:37:52.199  2704  2704 I A01b01/HOME: SCBScenePanel --> getSceneContainerSessionWithPersistentId with session id: 38
06-11 09:37:52.200  2704  2704 I A01b01/HOME: SCBScenePanel --> getSceneContainerSessionWithPersistentId from containerSessionList id: 38
06-11 09:37:52.200  2704  2704 I A04200/WINDOW: SCBSceneContainerSession --> updateLastUsedTimestamp primarySession id:38, secondarySession id:
06-11 09:37:52.201  2704  2704 I A04200/WINDOW: SCBScenePanelManager --> Remove scene container session, id: 2
06-11 09:37:52.201  2704  2704 I A04200/WINDOW: SCBScenePanelManager --> raiseFloatingSceneToTop with null  containerSession
06-11 09:37:52.201  2704  2704 E A04200/WINDOW: SCBSceneSessionManager --> No scene func: 25 has registered!
06-11 09:37:52.201  2704  2704 I A04200/WINDOW: SCBSceneSessionManager --> requestFocus id : 38, byForeground：true, reason: 1
06-11 09:37:52.202  2704  2704 I A04200/WINDOW: SCBSceneSessionManager --> get session by persistentId: 38
06-11 09:37:53.489  3600  3600 I A0ff00/[Consent-ASSDK]: reporter init OK for countryCode:CN
06-11 09:37:53.489  3600  3600 I A0ff00/[Consent-ASSDK]: *************** CONSENT_SDK_CALLED ******* BEGIN *******
06-11 09:37:53.489  3600  3600 I A0ff00/[Consent-ASSDK]: version:6.12.1-306
06-11 09:37:53.489  3600  3600 I A0ff00/[Consent-ASSDK]: callTime:1781141871269
06-11 09:37:53.489  3600  3600 I A0ff00/[Consent-ASSDK]: transId:f52fa4f6-4837-430a-88f0-55ca52a5c21f
06-11 09:37:53.489  3600  3600 I A0ff00/[Consent-ASSDK]: country:cn
06-11 09:37:53.489  3600  3600 I A0ff00/[Consent-ASSDK]: clientVersion:celiakeyboard_hmos 1.0.16.402
06-11 09:37:53.489  3600  3600 I A0ff00/[Consent-ASSDK]: apiName:userId,tid:f52fa4f6-4837-430a-88f0-55ca52a5c21f.check.end
06-11 09:37:53.489  3600  3600 I A0ff00/[Consent-ASSDK]: statusCode:1
06-11 09:37:53.489  3600  3600 I A0ff00/[Consent-ASSDK]: errorCode:10006
06-11 09:37:53.489  3600  3600 I A0ff00/[Consent-ASSDK]: errorMsg:userId.length should between [1, 20], length is too small:0
06-11 09:37:53.489  3600  3600 I A0ff00/[Consent-ASSDK]: costTime:0
06-11 09:37:53.490  3600  3600 I A0ff00/[Consent-ASSDK]: *************** CONSENT_SDK_CALLED *******  END  *******
06-11 09:37:53.530  3600  3600 I A0ff00/[Consent-ASSDK]: reporter init OK for countryCode:CN
06-11 09:37:53.530  3600  3600 I A0ff00/[Consent-ASSDK]: *************** CONSENT_SDK_CALLED ******* BEGIN *******
06-11 09:37:53.530  3600  3600 I A0ff00/[Consent-ASSDK]: version:6.12.1-306
06-11 09:37:53.530  3600  3600 I A0ff00/[Consent-ASSDK]: callTime:1781141871268
06-11 09:37:53.530  3600  3600 I A0ff00/[Consent-ASSDK]: transId:f52fa4f6-4837-430a-88f0-55ca52a5c21f
06-11 09:37:53.530  3600  3600 I A0ff00/[Consent-ASSDK]: country:cn
06-11 09:37:53.530  3600  3600 I A0ff00/[Consent-ASSDK]: clientVersion:celiakeyboard_hmos 1.0.16.402
06-11 09:37:53.530  3600  3600 I A0ff00/[Consent-ASSDK]: apiName:userId,tid:f52fa4f6-4837-430a-88f0-55ca52a5c21f.end
06-11 09:37:53.530  3600  3600 I A0ff00/[Consent-ASSDK]: statusCode:0
06-11 09:37:53.530  3600  3600 I A0ff00/[Consent-ASSDK]: errorCode:0
06-11 09:37:53.530  3600  3600 I A0ff00/[Consent-ASSDK]: errorMsg:
06-11 09:37:53.530  3600  3600 I A0ff00/[Consent-ASSDK]: costTime:0
06-11 09:37:53.530  3600  3600 I A0ff00/[Consent-ASSDK]: *************** CONSENT_SDK_CALLED *******  END  *******
06-11 09:37:53.531  3600  3600 I A0ff00/[Consent-ASSDK]: reporter init OK for countryCode:CN
06-11 09:37:53.531  3600  3600 I A0ff00/[Consent-ASSDK]: *************** CONSENT_SDK_CALLED ******* BEGIN *******
06-11 09:37:53.531  3600  3600 I A0ff00/[Consent-ASSDK]: version:6.12.1-306
06-11 09:37:53.531  3600  3600 I A0ff00/[Consent-ASSDK]: callTime:1781141870596
06-11 09:37:53.531  3600  3600 I A0ff00/[Consent-ASSDK]: transId:f52fa4f6-4837-430a-88f0-55ca52a5c21f
06-11 09:37:53.531  3600  3600 I A0ff00/[Consent-ASSDK]: country:cn
06-11 09:37:53.531  3600  3600 I A0ff00/[Consent-ASSDK]: clientVersion:celiakeyboard_hmos 1.0.16.402
06-11 09:37:53.531  3600  3600 I A0ff00/[Consent-ASSDK]: apiName:userId,tid:f52fa4f6-4837-430a-88f0-55ca52a5c21f.start
06-11 09:37:53.531  3600  3600 I A0ff00/[Consent-ASSDK]: *************** CONSENT_SDK_CALLED *******  END  *******
06-11 09:37:56.587  2781  2781 E A000ff/HMKeyboard_HwIdLoginTask: login fail: {"code":1001502001,"message":"The user has not logged in with HUAWEI ID."}
06-11 09:37:56.587  2781  2781 E A000ff/HMKeyboard_KbdHwIdManager: login fail: {"code":1001502001,"message":"The user has not logged in with HUAWEI ID."}
06-11 09:37:56.592  2781  2781 I A000ff/HMKeyboard_KbdHwIdManager: start add, loginState -> false, isStopService -> true
06-11 09:37:56.618  2781  2781 I A000ff/HMKeyboard_CommonEventHelper: do publish
06-11 09:37:56.619  2781  2781 I A000ff/HMKeyboard_KbdHwIdManager: clear account info
06-11 09:37:56.640  2781  2781 I A000ff/HMKeyboard_CommonEventHelper: publish success
06-11 09:37:56.675  2781  2781 E A0aeae/Aegis-crypto: aegis AegHuks ohAegDelHuksKey hasHuksKey fail, err code: 12000011, err msg: The entity does not exist. 
06-11 09:37:56.761  2781  2781 I A000ff/HMKeyboard_KeyboardEventHub: update value  common event subscriber
06-11 09:37:56.761  2781  2781 I A000ff/HMKeyboard_SettingService: update value from IPC keyValueListJson 
06-11 09:37:56.762  2781  2781 I A000ff/HMKeyboard_SettingService: update value from IPC: is_stop_service_flag
06-11 09:37:56.767  2781  2781 I A000ff/HMKeyboard_KeyboardEventHub: update value init IPC onIPCFromSetting ipcData[0]:spChange, pss:undefined, native:undefined
06-11 09:37:56.801  3600  3600 I A000ff/HMKeyboard_MainAbility: update value  common event subscriber
06-11 09:37:56.928  3600  3600 I A000ff/HMKeyboard_CloudSyncManager: setting key not need set update time
06-11 09:38:04.574  2704  2704 I A01b00/SCB: CommonEventManagerA --> handleCommonEventCallback post inner event:usual.event.TIME_TICK
06-11 09:38:04.620  2704  2704 W A01b01/HOME: AppIconCalendarCache --> data changed to update calendar icon.
06-11 09:38:04.626  2704  2704 W A01b01/HOME: AppIconCalendarCache --> init calendar item: undefined undefined
06-11 09:38:04.626  2704  2704 W A01b01/HOME: AppIconCalendarCache --> com.huawei.hmos.calendar is not dynamic icon, bundleName is undefined
06-11 09:38:04.626  2704  2704 E A01b01/HOME: AppIconCalendarCache --> not init calendar builder or backgroundImage is null
06-11 09:38:07.009  2704  2704 I A04200/WINDOW: SCBSceneSessionManager --> request top! persistentId: 38
06-11 09:38:07.009  2704  2704 I A01b01/HOME: SCBScenePanel --> onRaiseSceneToTop with persistentId:38
06-11 09:38:07.010  2704  2704 I A01b01/HOME: SCBScenePanel --> getContainerSessionByPersistentIdOrContainerId persistentId 38 containerId undefined
06-11 09:38:07.010  2704  2704 I A01b01/HOME: SCBScenePanel --> getSceneContainerSessionWithPersistentId with session id: 38
06-11 09:38:07.012  2704  2704 I A01b01/HOME: SCBScenePanel --> getSceneContainerSessionWithPersistentId from containerSessionList id: 38
06-11 09:38:07.012  2704  2704 I A04200/WINDOW: SCBSceneContainerSession --> updateLastUsedTimestamp primarySession id:38, secondarySession id:
06-11 09:38:07.013  2704  2704 I A04200/WINDOW: SCBScenePanelManager --> Remove scene container session, id: 2
06-11 09:38:07.014  2704  2704 I A04200/WINDOW: SCBScenePanelManager --> raiseFloatingSceneToTop with null  containerSession
06-11 09:38:07.014  2704  2704 E A04200/WINDOW: SCBSceneSessionManager --> No scene func: 25 has registered!
06-11 09:38:07.014  2704  2704 I A04200/WINDOW: SCBSceneSessionManager --> requestFocus id : 38, byForeground：true, reason: 1
06-11 09:38:07.014  2704  2704 I A04200/WINDOW: SCBSceneSessionManager --> get session by persistentId: 38
06-11 09:38:09.343  2704  2704 I A01a00/SYS_UI: MaintenanceRecord --> Send maintenance event(1), extendType(7), ext: [{"bundleName":"com.huawei.hmos.soundrecorder","desc":"Enable AppLiveView for com.huawei.hmos.soundrecorder error: Error: The specified bundle name was not found","stack":"Cannot get SourceMap info, dump raw stack:\n=====================Backtrace========================\n#00 pc 000000000073684c /system/lib64/platformsdk/libark_jsruntime.so\n#01 pc 0000000000736d60 /system/lib64/platformsdk/libark_jsruntime.so\n#02 pc 000000000032fa04 /system/lib64/platformsdk/libark_jsruntime.so\n#03 pc 00000000001b7f4c /system/lib64/platformsdk/libark_jsruntime.so\n#04 pc 00000000001b78f4 /system/lib64/platformsdk/libark_jsruntime.so\n#05 pc 000000000024e088 /system/lib64/platformsdk/libark_jsruntime.so\n#06 pc 000000000060a764 /system/lib64/platformsdk/libark_jsruntime.so\n#07 pc 00000000005d44c4 /system/lib64/platformsdk/libark_jsruntime.so\n#08 pc 0000000000053630 /system/lib64/platformsdk/libace_napi.z.so\n#09 pc 0000000000059fd4 /system/lib64/module/libnotificationmanager.z.so\n#10 pc 000000000005a61c /system/lib64/module/libnotificationmanager.z.so\n#11 pc 000000000005aac4 /system/lib64/module/libnotificationmanager.z.so\n#12 pc 0000000000079054 /system/lib64/module/libnotificationmanager.z.so\n#13 pc 0000000000061b28 /system/lib64/platformsdk/libace_napi.z.so\n#14 pc 0000000000011ca0 /system/lib64/platformsdk/libuv.so\n#15 pc 0000000000015a50 /system/lib64/platformsdk/libuv.so","errorCodes":[4061]}]
06-11 09:38:09.347  2704  2704 I A01a00/SYS_UI: MaintenanceRecord --> Send maintenance event to push success
06-11 09:38:16.886  2704  2704 I A01b01/HOME: FormHostService --> supportRecycleForm = true
06-11 09:38:16.887  2704  2704 I A01b01/HOME: FormHostService --> formHostNotifyRecycle start
06-11 09:38:16.940  2704  2704 E A01b01/HOME: FormHostService --> formHost notifyRecycleForms, error: [401]Parameter error. Possible causes: 1.Mandatory parameters are left unspecified; 2.Incorrect parameter types; 3.Parameter verification failed. The formId is invalid.
06-11 09:38:16.940  2704  2704 E A01b01/HOME: Cannot get SourceMap info, dump raw stack:
06-11 09:38:16.940  2704  2704 E A01b01/HOME: =====================Backtrace========================
06-11 09:38:16.940  2704  2704 E A01b01/HOME: #00 pc 000000000073684c /system/lib64/platformsdk/libark_jsruntime.so
06-11 09:38:16.940  2704  2704 E A01b01/HOME: #01 pc 0000000000736d60 /system/lib64/platformsdk/libark_jsruntime.so
06-11 09:38:16.940  2704  2704 E A01b01/HOME: #02 pc 000000000032fa04 /system/lib64/platformsdk/libark_jsruntime.so
06-11 09:38:16.940  2704  2704 E A01b01/HOME: #03 pc 00000000001b7f4c /system/lib64/platformsdk/libark_jsruntime.so
06-11 09:38:16.940  2704  2704 E A01b01/HOME: #04 pc 00000000001b78f4 /system/lib64/platformsdk/libark_jsruntime.so
06-11 09:38:16.940  2704  2704 E A01b01/HOME: #05 pc 000000000024e088 /system/lib64/platformsdk/libark_jsruntime.so
06-11 09:38:16.940  2704  2704 E A01b01/HOME: #06 pc 000000000060a764 /system/lib64/platformsdk/libark_jsruntime.so
06-11 09:38:16.940  2704  2704 E A01b01/HOME: #07 pc 00000000005d44c4 /system/lib64/platformsdk/libark_jsruntime.so
06-11 09:38:16.940  2704  2704 E A01b01/HOME: #08 pc 0000000000053630 /system/lib64/platformsdk/libace_napi.z.so
06-11 09:38:16.940  2704  2704 E A01b01/HOME: #09 pc 0000000000071c48 /system/lib64/platformsdk/libruntime.z.so
06-11 09:38:16.940  2704  2704 E A01b01/HOME: #10 pc 0000000000007588 /system/lib64/platformsdk/libformutil_napi.z.so
06-11 09:38:16.940  2704  2704 E A01b01/HOME: #11 pc 000000000001e92c /system/lib64/module/app/form/libformhost.z.so
06-11 09:38:16.940  2704  2704 E A01b01/HOME: #12 pc 00000000000729e4 /system/lib64/platformsdk/libruntime.z.so
06-11 09:38:16.940  2704  2704 E A01b01/HOME: #13 pc 0000000000061b28 /system/lib64/platformsdk/libace_napi.z.so
06-11 09:38:16.940  2704  2704 E A01b01/HOME: #14 pc 0000000000011ca0 /system/lib64/platformsdk/libuv.so
06-11 09:38:16.940  2704  2704 E A01b01/HOME: #15 pc 0000000000015a50 /system/lib64/platformsdk/libuv.so
06-11 09:38:38.988  4117  4117 I A00500/SettingsData: DataAbilityStage onCreate
06-11 09:38:39.014  4117  4117 I A00500/SettingsData: Area 0
06-11 09:38:39.014  4117  4117 I A00500/SettingsData: onInitialize start
06-11 09:38:39.014  4117  4117 I A00500/SettingsData: call initRdbStore start
06-11 09:38:39.015  4117  4117 I A00500/SettingsData: onInitialize end
06-11 09:38:39.025  4117  4117 I A00500/SettingsData: get userID from uri: datashare:///com.ohos.settingsdata/entry/settingsdata/SETTINGSDATA?Proxy=true&key=basic_statement_agreed
06-11 09:38:39.026  4117  4117 I A00500/SettingsData: rPos 67
06-11 09:38:39.026  4117  4117 I A00500/SettingsData: lPos 63
06-11 09:38:39.026  4117  4117 I A00500/SettingsData: userID substring: ATA
06-11 09:38:39.026  4117  4117 I A00500/SettingsData: getUserIDFromUri: user ID: 100
06-11 09:38:39.026  4117  4117 I A00500/SettingsData: current maxuserno is: 100
06-11 09:38:39.026  4117  4117 I A00500/SettingsData: query start uri:datashare:///com.ohos.settingsdata/entry/settingsdata/SETTINGSDATA?Proxy=true&key=basic_statement_agreed with userID: 100 , callback is: function AsyncCallback() { [native code] }
06-11 09:38:39.026  4117  4117 I A00500/SettingsData: query request
06-11 09:38:39.026  4117  4117 E A00500/SettingsData: DB not ready request = datashare:///com.ohos.settingsdata/entry/settingsdata/SETTINGSDATA?Proxy=true&key=basic_statement_agreed , retry after DB startup
06-11 09:38:39.032  4117  4117 I A00500/SettingsData: get rdbStore success, rdbstore: 0
06-11 09:38:39.032  4117  4117 I A00500/SettingsData: rdbStore [object Object]
06-11 09:38:39.033  4117  4117 I A00500/SettingsData: firstStartupConfig start
06-11 09:38:39.038  4117  4117 I A00500/SettingsData: firstStartupConfig isFirstStartUp = false max user no: 100
06-11 09:38:39.040  4117  4117 I A00500/SettingsData: firstStartupConfig end
06-11 09:38:39.040  4117  4117 I A00500/SettingsData: call initRdbStore end
06-11 09:38:39.040  4117  4117 I A00500/SettingsData: start load ccm json file
06-11 09:38:39.040  4117  4117 I A00500/SettingsData: WakeUpDataMigrate start doWakeUpMigrate
06-11 09:38:39.040  4117  4117 I A00500/SettingsData: WakeUpDataMigrate srcPath: false dstPath: false
06-11 09:38:39.040  4117  4117 I A00500/SettingsData: WakeUpDataMigrate srcfile is null or dstfile not null
06-11 09:38:39.040  4117  4117 I A00500/SettingsData: ccm json file read success
06-11 09:38:39.041  4117  4117 I A00500/SettingsData: KeyMap:power_saving_on  -  settings.push.sleep_notification_enable
06-11 09:38:39.041  4117  4117 I A00500/SettingsData: KeyMap:swing_quick_pay  -  quick_pay_open_switch
06-11 09:38:39.041  4117  4117 I A00500/SettingsData: KeyMap:swing_scan_code  -  scan_code_open_switch
06-11 09:38:39.041  4117  4117 I A00500/SettingsData: KeyMap:enable_annoy_card_1  -  spamshield_sim1_phone_switch_ring_once
06-11 09:38:39.041  4117  4117 I A00500/SettingsData: KeyMap:enable_annoy_card_2  -  spamshield_sim2_phone_switch_ring_once
06-11 09:38:39.041  4117  4117 I A00500/SettingsData: KeyMap:airplane_mode_on  -  settings.telephony.airplanemode
06-11 09:38:39.041  4117  4117 I A00500/SettingsData: KeyMap:sle_on  -  nearlink_switch_enable
06-11 09:38:39.041  4117  4117 I A00500/SettingsData: KeyMap:location_mode  -  location_switch_enable
06-11 09:38:39.041  4117  4117 I A00500/SettingsData: KeyMap:accelerometer_rotation  -  settings.general.accelerometer_rotation_status
06-11 09:38:39.041  4117  4117 I A00500/SettingsData: KeyMap:screen_brightness_mode  -  settings.display.auto_screen_brightness
06-11 09:38:39.041  4117  4117 I A00500/SettingsData: KeyMap:screen_brightness  -  settings.display.screen_brightness_status
06-11 09:38:39.041  4117  4117 I A00500/SettingsData: KeyMap:screen_off_timeout  -  settings.display.screen_off_timeout
06-11 09:38:39.041  4117  4117 I A00500/SettingsData: KeyMap:time_12_24  -  settings.date.time_format
06-11 09:38:39.041  4117  4117 I A00500/SettingsData: KeyMap:parentcontrol_screentime_status  -  parent_control_switch
06-11 09:38:39.041  4117  4117 I A00500/SettingsData: KeyMap:parentcontrol_controlmode_status  -  parentcontrol_controlmode_status
06-11 09:38:39.041  4117  4117 I A00500/SettingsData: KeyMap:unified_default_device_name  -  settings.general.device_name
06-11 09:38:39.041  4117  4117 I A00500/SettingsData: KeyMap:unified_device_name  -  settings.general.user_defined_device_name
06-11 09:38:39.041  4117  4117 I A00500/SettingsData: KeyMap:unified_display_device_name  -  settings.general.display_device_name
06-11 09:38:39.041  4117  4117 I A00500/SettingsData: KeyMap:auto_time_zone  -  auto_timezone
06-11 09:38:39.041  4117  4117 I A00500/SettingsData: KeyMap:status_bar_pure_display_enabled  -  status_bar_pure_show
06-11 09:38:39.041  4117  4117 I A00500/SettingsData: KeyMap:show_network_speed_enabled  -  status_bar_show_real_time_network_speed
06-11 09:38:39.041  4117  4117 I A00500/SettingsData: KeyMap:notification_way_switch  -  status_bar_show_notification_icon
06-11 09:38:39.041  4117  4117 I A00500/SettingsData: KeyMap:lock_screen_allow_private_notifications  -  app_ntf_config_hide_content
06-11 09:38:39.041  4117  4117 I A00500/SettingsData: KeyMap:wakeup_when_receive_notification  -  app_ntf_config_screen_on
06-11 09:38:39.041  4117  4117 I A00500/SettingsData: KeyMap:hw_system_night_upgrade_switch  -  night_upgrade_switch
06-11 09:38:39.041  4117  4117 I A00500/SettingsData: KeyMap:hw_system_update_auto_download  -  wlan_auto_download_switch
06-11 09:38:39.041  4117  4117 I A00500/SettingsData: KeyMap:default_simcard_slotid  -  is_voice_card
06-11 09:38:39.041  4117  4117 I A00500/SettingsData: KeyMap:user_experience_involved  -  hiview_ue_switch_tmp
06-11 09:38:39.041  4117  4117 I A00500/SettingsData: KeyMap:call_log_merge_type  -  settings.telephony.calllogmergetype
06-11 09:38:39.041  4117  4117 I A00500/SettingsData: KeyMap:oobe_statement_agreed  -  basic_statement_agreed
06-11 09:38:39.041  4117  4117 I A00500/SettingsData: KeyMap:elder_care_switch  -  accessibility_elder_care_switch_enabled
06-11 09:38:39.041  4117  4117 I A00500/SettingsData: KeyMap:persist.sys.easyflag  -  settings.power.wakeup_double_click
06-11 09:38:39.041  4117  4117 I A00500/SettingsData: KeyMap:low_resolution_switch  -  settings.display.resolution_smart_switch
06-11 09:38:39.041  4117  4117 I A00500/SettingsData: KeyMap:SmartModeStatus  -  settings.power.smart_mode_status
06-11 09:38:39.041  4117  4117 I A00500/SettingsData: KeyMap:battery_percent_switch  -  status_bar_show_battery_soc
06-11 09:38:39.041  4117  4117 I A00500/SettingsData: KeyMap:app_ntf_config_hide_content  -  app_ntf_config_hide_banner_content
06-11 09:38:39.041  4117  4117 I A00500/SettingsData: KeyMap:mode_ringer  -  ringer_mode
06-11 09:38:39.041  4117  4117 I A00500/SettingsData: KeyMap:volume_alarm  -  alarm_volume
06-11 09:38:39.041  4117  4117 I A00500/SettingsData: KeyMap:volume_alarm_speaker  -  alarm_volume_builtin
06-11 09:38:39.041  4117  4117 I A00500/SettingsData: KeyMap:volume_music  -  music_volume
06-11 09:38:39.041  4117  4117 I A00500/SettingsData: KeyMap:volume_music_speaker  -  music_volume_builtin
06-11 09:38:39.041  4117  4117 I A00500/SettingsData: KeyMap:volume_music_bt_a2dp  -  music_volume_wireless
06-11 09:38:39.041  4117  4117 I A00500/SettingsData: KeyMap:volume_music_usb_device  -  music_volume_wired
06-11 09:38:39.041  4117  4117 I A00500/SettingsData: KeyMap:volume_notification  -  notification_volume_builtin
06-11 09:38:39.041  4117  4117 I A00500/SettingsData: KeyMap:volume_ring  -  ring_volume
06-11 09:38:39.041  4117  4117 I A00500/SettingsData: KeyMap:volume_ring_bt_a2dp  -  ring_volume_wireless
06-11 09:38:39.041  4117  4117 I A00500/SettingsData: KeyMap:volume_ring_usb_device  -  ring_volume_wired
06-11 09:38:39.041  4117  4117 I A00500/SettingsData: KeyMap:volume_ring_speaker  -  ring_volume_builtin
06-11 09:38:39.041  4117  4117 I A00500/SettingsData: KeyMap:volume_system  -  system_volume
06-11 09:38:39.041  4117  4117 I A00500/SettingsData: KeyMap:volume_voice  -  voice_call_volume
06-11 09:38:39.041  4117  4117 I A00500/SettingsData: KeyMap:volume_voice_earpiece  -  voice_call_volume_builtin
06-11 09:38:39.041  4117  4117 I A00500/SettingsData: KeyMap:volume_voice_bt_a2dp  -  voice_call_volume_wireless
06-11 09:38:39.041  4117  4117 I A00500/SettingsData: KeyMap:volume_voice_usb_device  -  voice_call_volume_wired
06-11 09:38:39.041  4117  4117 I A00500/SettingsData: KeyMap:volume_tts  -  voice_assistant_volume_builtin
06-11 09:38:39.041  4117  4117 I A00500/SettingsData: KeyMap:volume_tts_bt_a2dp  -  voice_assistant_volume_wireless
06-11 09:38:39.041  4117  4117 I A00500/SettingsData: KeyMap:volume_tts_usb_device  -  voice_assistant_volume_wired
06-11 09:38:39.041  4117  4117 I A00500/SettingsData: KeyMap:haptic_feedback_enabled  -  physic_navi_haptic_feedback_enabled
06-11 09:38:39.041  4117  4117 I A00500/SettingsData: KeyMap:hw_screen_freq  -  settings.display.hw_screen_freq
06-11 09:38:39.041  4117  4117 I A00500/SettingsData: KeyMap:screen_lock_fingerprint_unlock_protection_db  -  key_fp_unlock_protection_for_screen_lock
06-11 09:38:39.041  4117  4117 I A00500/SettingsData: KeyMap:setting_distributed_pasteboard_switch  -  distributed_pasteboard_switch
06-11 09:38:39.041  4117  4117 I A00500/SettingsData: KeyMap:nfc_payment_default_component  -  nfc_payment_default_app
06-11 09:38:39.041  4117  4117 I A00500/SettingsData: KeyMap:play_camera_sound  -  always_play_screenshot_sound
06-11 09:38:39.041  4117  4117 I A00500/SettingsData: KeyMap:accessibility_shortcut_dialog_shown  -  accessibility_shortcut_timeout
06-11 09:38:39.041  4117  4117 I A00500/SettingsData: KeyMap:default_input_method  -  default_input_method
06-11 09:38:39.041  4117  4117 I A00500/SettingsData: KeyMap:cover_enabled  -  cover_enabled
06-11 09:38:39.041  4117  4117 I A00500/SettingsData: KeyMap:cover_type  -  cover_type
06-11 09:38:39.041  4117  4117 I A00500/SettingsData: KeyMap:hw_gnss_high_accuracy_state  -  loc_hd_gnss_status
06-11 09:38:39.041  4117  4117 I A00500/SettingsData: KeyMap:hw_ebook_mode_switch  -  settings.display.ebook_switch
06-11 09:38:39.041  4117  4117 I A00500/SettingsData: KeyMap:hw_ebook_mode_value  -  settings.display.ebook_mode
06-11 09:38:39.041  4117  4117 I A00500/SettingsData: KeyMap:eyes_protection_mode  -  settings.eyeshield.enable
06-11 09:38:39.041  4117  4117 I A00500/SettingsData: KeyMap:eye_comfort_schedule_switch  -  settings.display.eye_comfort_mode
06-11 09:38:39.041  4117  4117 I A00500/SettingsData: KeyMap:eye_comfort_starttime  -  settings.display.eye_comfort_starttime
06-11 09:38:39.041  4117  4117 I A00500/SettingsData: KeyMap:eye_comfort_endtime  -  settings.display.eye_comfort_endtime
06-11 09:38:39.041  4117  4117 I A00500/SettingsData: KeyMap:wallpaperAodDisplay  -  wallpaperAodDisplay
06-11 09:38:39.041  4117  4117 I A00500/SettingsData: KeyMap:color_mode_switch  -  settings.color_mode
06-11 09:38:39.041  4117  4117 I A00500/SettingsData: KeyMap:color_temperature_mode  -  settings.color_temperature
06-11 09:38:39.041  4117  4117 I A00500/SettingsData: KeyMap:color_temperature_pos  -  settings.color_temperature_coordinate
06-11 09:38:39.041  4117  4117 I A00500/SettingsData: KeyMap:hw_natural_tone_display_switch  -  settings.hw_natural_tone_display_switch
06-11 09:38:39.041  4117  4117 I A00500/SettingsData: KeyMap:hw_dc_brightness_dimming_switch  -  settings.display.eye_dc_brightness_switch
06-11 09:38:39.041  4117  4117 I A00500/SettingsData: KeyMap:user_set_warm  -  settings.display.eye_comfort_level
06-11 09:38:39.041  4117  4117 I A00500/SettingsData: KeyMap:hdr_image_display  -  settings.display.hdr_picture_switch
06-11 09:38:39.041  4117  4117 I A00500/SettingsData: KeyMap:smart_backlight_enable  -  settings.display.natural_light_switch
06-11 09:38:39.041  4117  4117 I A00500/SettingsData: KeyMap:multi_win_interact  -  multi_dock_status
06-11 09:38:39.041  4117  4117 I A00500/SettingsData: KeyMap:default_input_method  -  default_input_method
06-11 09:38:39.041  4117  4117 I A00500/SettingsData: KeyMap:VOICE_AIVOICE_ENABLE_FLAG  -  ai_voice_noise_suppression_flag
06-11 09:38:39.041  4117  4117 I A00500/SettingsData: KeyMap:AIVOICE_POPUP_TIMES  -  ai_voice_banner_noitication_popup_times
06-11 09:38:39.041  4117  4117 I A00500/SettingsData: KeyMap:ui_night_mode  -  settings.uiappearance.darkmode_mode
06-11 09:38:39.041  4117  4117 I A00500/SettingsData: KeyMap:com.android.settings.development.stereo_enhancement_disabled  -  settings.developer.stereo_enhancement
06-11 09:38:39.041  4117  4117 I A00500/SettingsData: KeyMap:undefined  -  undefined
06-11 09:38:39.041  4117  4117 I A00500/SettingsData: dump map: doSystemMigrate migrateKeyMap:  with size: 214
06-11 09:38:39.041  4117  4117 I A00500/SettingsData: myMap.size > 0 dump map: doSystemMigrate migrateKeyMap:  with size: 214
06-11 09:38:39.041  4117  4117 I A00500/SettingsData: start load ccm json file
06-11 09:38:39.042  4117  4117 I A00500/SettingsData: ccm json file read success
06-11 09:38:39.042  4117  4117 I A00500/SettingsData: dump map: doSystemMigrate targetsTableMap:  with size: 206
06-11 09:38:39.042  4117  4117 I A00500/SettingsData: myMap.size > 0 dump map: doSystemMigrate targetsTableMap:  with size: 206
06-11 09:38:39.042  4117  4117 I A00500/SettingsData: doSystemMigrate start... 
06-11 09:38:39.043  4117  4117 I A00000/ABX_CONVERTER: abx2Xml start
06-11 09:38:39.043  4117  4117 I A00000/ABX_CONVERTER: src value is /data/migrate/settings_global.xml , dest value is /data/storage/el1/database/settings_global.xml
06-11 09:38:39.043  4117  4117 I A00000/ABX_CONVERTER: convert result is  -1
06-11 09:38:39.043  4117  4117 E A00500/SettingsData: decoder failure: /data/migrate/settings_global.xml , error code:-1
06-11 09:38:39.043  4117  4117 E A00500/SettingsData: readText failed:No such file or directory, error code:13900002
06-11 09:38:39.043  4117  4117 I A00500/SettingsData: doSystemMigrate end - no need!
06-11 09:38:39.043  4117  4117 I A00500/SettingsData: userLeft : 0
06-11 09:38:39.043  4117  4117 I A00500/SettingsData: current maxuserno is: 100
06-11 09:38:39.043  4117  4117 I A00500/SettingsData: loadDefaultSettingsData exists
06-11 09:38:39.043  4117  4117 I A00500/SettingsData: checkAndDoDBVersionUpgrade start 
06-11 09:38:39.044  4117  4117 I A00500/SettingsData: query result:1
06-11 09:38:39.044  4117  4117 I A00500/SettingsData: DB version 6 <==> 6 is latest
06-11 09:38:39.045  4117  4117 I A00500/SettingsData: SilentProxy processInitialRequests enable success
06-11 09:38:39.045  4117  4117 I A00500/SettingsData: processInitialRequests
06-11 09:38:39.046  4117  4117 I A00500/SettingsData: onInitialized query start with uri: datashare:///com.ohos.settingsdata/entry/settingsdata/SETTINGSDATA?Proxy=true&key=basic_statement_agreed
06-11 09:38:39.046  4117  4117 I A00500/SettingsData: query result from datashare: empty! DB state: 3
06-11 09:38:39.238  2704  2704 I A01a00/SYS_UI: MaintenanceRecord --> Send maintenance event(1), extendType(7), ext: [{"bundleName":"com.huawei.hmos.meetimeservice","desc":"Enable AppLiveView for com.huawei.hmos.meetimeservice error: Error: The specified bundle name was not found","stack":"Cannot get SourceMap info, dump raw stack:\n=====================Backtrace========================\n#00 pc 000000000073684c /system/lib64/platformsdk/libark_jsruntime.so\n#01 pc 0000000000736d60 /system/lib64/platformsdk/libark_jsruntime.so\n#02 pc 000000000032fa04 /system/lib64/platformsdk/libark_jsruntime.so\n#03 pc 00000000001b7f4c /system/lib64/platformsdk/libark_jsruntime.so\n#04 pc 00000000001b78f4 /system/lib64/platformsdk/libark_jsruntime.so\n#05 pc 000000000024e088 /system/lib64/platformsdk/libark_jsruntime.so\n#06 pc 000000000060a764 /system/lib64/platformsdk/libark_jsruntime.so\n#07 pc 00000000005d44c4 /system/lib64/platformsdk/libark_jsruntime.so\n#08 pc 0000000000053630 /system/lib64/platformsdk/libace_napi.z.so\n#09 pc 0000000000059fd4 /system/lib64/module/libnotificationmanager.z.so\n#10 pc 000000000005a61c /system/lib64/module/libnotificationmanager.z.so\n#11 pc 000000000005aac4 /system/lib64/module/libnotificationmanager.z.so\n#12 pc 0000000000079054 /system/lib64/module/libnotificationmanager.z.so\n#13 pc 0000000000061b28 /system/lib64/platformsdk/libace_napi.z.so\n#14 pc 0000000000011ca0 /system/lib64/platformsdk/libuv.so\n#15 pc 0000000000015a50 /system/lib64/platformsdk/libuv.so","errorCodes":[4061]}]
06-11 09:38:39.241  2704  2704 I A01a00/SYS_UI: MaintenanceRecord --> Send maintenance event to push success
06-11 09:39:00.043  2704  2704 I A01b00/SCB: CommonEventManagerA --> handleCommonEventCallback post inner event:usual.event.TIME_TICK
06-11 09:39:00.050  2704  2704 W A01b01/HOME: AppIconCalendarCache --> data changed to update calendar icon.
06-11 09:39:00.052  2704  2704 W A01b01/HOME: AppIconCalendarCache --> init calendar item: undefined undefined
06-11 09:39:00.052  2704  2704 W A01b01/HOME: AppIconCalendarCache --> com.huawei.hmos.calendar is not dynamic icon, bundleName is undefined
06-11 09:39:00.052  2704  2704 E A01b01/HOME: AppIconCalendarCache --> not init calendar builder or backgroundImage is null
06-11 09:39:09.193  2704  2704 I A01a00/SYS_UI: MaintenanceRecord --> Send maintenance event(1), extendType(7), ext: [{"bundleName":"com.ohos.spooler","desc":"Enable AppLiveView for com.ohos.spooler error: Error: The specified bundle name was not found","stack":"Cannot get SourceMap info, dump raw stack:\n=====================Backtrace========================\n#00 pc 000000000073684c /system/lib64/platformsdk/libark_jsruntime.so\n#01 pc 0000000000736d60 /system/lib64/platformsdk/libark_jsruntime.so\n#02 pc 000000000032fa04 /system/lib64/platformsdk/libark_jsruntime.so\n#03 pc 00000000001b7f4c /system/lib64/platformsdk/libark_jsruntime.so\n#04 pc 00000000001b78f4 /system/lib64/platformsdk/libark_jsruntime.so\n#05 pc 000000000024e088 /system/lib64/platformsdk/libark_jsruntime.so\n#06 pc 000000000060a764 /system/lib64/platformsdk/libark_jsruntime.so\n#07 pc 00000000005d44c4 /system/lib64/platformsdk/libark_jsruntime.so\n#08 pc 0000000000053630 /system/lib64/platformsdk/libace_napi.z.so\n#09 pc 0000000000059fd4 /system/lib64/module/libnotificationmanager.z.so\n#10 pc 000000000005a61c /system/lib64/module/libnotificationmanager.z.so\n#11 pc 000000000005aac4 /system/lib64/module/libnotificationmanager.z.so\n#12 pc 0000000000079054 /system/lib64/module/libnotificationmanager.z.so\n#13 pc 0000000000061b28 /system/lib64/platformsdk/libace_napi.z.so\n#14 pc 0000000000011ca0 /system/lib64/platformsdk/libuv.so\n#15 pc 0000000000015a50 /system/lib64/platformsdk/libuv.so","errorCodes":[4061]}]
06-11 09:39:09.199  2704  2704 I A01a00/SYS_UI: MaintenanceRecord --> Send maintenance event to push success
06-11 09:39:26.220  2704  2704 I A04200/WINDOW: SCBSceneSessionManager --> request top! persistentId: 38
06-11 09:39:26.220  2704  2704 I A01b01/HOME: SCBScenePanel --> onRaiseSceneToTop with persistentId:38
06-11 09:39:26.220  2704  2704 I A01b01/HOME: SCBScenePanel --> getContainerSessionByPersistentIdOrContainerId persistentId 38 containerId undefined
06-11 09:39:26.220  2704  2704 I A01b01/HOME: SCBScenePanel --> getSceneContainerSessionWithPersistentId with session id: 38
06-11 09:39:26.222  2704  2704 I A01b01/HOME: SCBScenePanel --> getSceneContainerSessionWithPersistentId from containerSessionList id: 38
06-11 09:39:26.222  2704  2704 I A04200/WINDOW: SCBSceneContainerSession --> updateLastUsedTimestamp primarySession id:38, secondarySession id:
06-11 09:39:26.222  2704  2704 I A04200/WINDOW: SCBScenePanelManager --> Remove scene container session, id: 2
06-11 09:39:26.223  2704  2704 I A04200/WINDOW: SCBScenePanelManager --> raiseFloatingSceneToTop with null  containerSession
06-11 09:39:26.223  2704  2704 E A04200/WINDOW: SCBSceneSessionManager --> No scene func: 25 has registered!
06-11 09:39:26.223  2704  2704 I A04200/WINDOW: SCBSceneSessionManager --> requestFocus id : 38, byForeground：true, reason: 1
06-11 09:39:26.224  2704  2704 I A04200/WINDOW: SCBSceneSessionManager --> get session by persistentId: 38
06-11 09:39:26.321  3600  3600 I A000ff/HMKeyboard_KeyboardSelectGuideP: onClick, select Layout next.
06-11 09:39:26.323  3600  3600 I A000ff/HMKeyboard_CommonEventHelper: do publish
06-11 09:39:26.325  3600  3600 I A000ff/HMKeyboard_CommonEventHelper: do publish
06-11 09:39:26.334  3600  3600 I A000ff/HMKeyboard_KeyboardSelectGuideP: cnLayout: 26键
06-11 09:39:26.337  3600  3600 I A000ff/HMKeyboard_CommonEventHelper: do publish
06-11 09:39:26.361  2781  2781 I A000ff/HMKeyboard_KeyboardEventHub: update value  common event subscriber
06-11 09:39:26.361  2781  2781 I A000ff/HMKeyboard_KeyboardController: select Layout, insert show task
06-11 09:39:26.362  2781  2781 I A000ff/HMKeyboard_KeyboardEventHub: update value init IPC onIPCFromSetting ipcData[0]:quitLayoutGuidePage, pss:undefined, native:undefined
06-11 09:39:26.362  3600  3600 I A000ff/HMKeyboard_CommonEventHelper: publish success
06-11 09:39:26.362  3600  3600 I A000ff/HMKeyboard_CommonEventHelper: publish success
06-11 09:39:26.364  3600  3600 I A000ff/HMKeyboard_CommonEventHelper: publish success
06-11 09:39:26.379  2781  2781 I A000ff/HMKeyboard_KeyboardEventHub: update value  common event subscriber
06-11 09:39:26.380  2781  2781 I A000ff/HMKeyboard_SettingService: update value from IPC keyValueListJson 
06-11 09:39:26.389  2781  2781 I A000ff/HMKeyboard_SettingService: update value from IPC: is_guide_page_showed
06-11 09:39:26.390  3600  3600 I A000ff/HMKeyboard_MainAbility: update value  common event subscriber
06-11 09:39:26.390  2781  2781 I A000ff/HMKeyboard_KeyboardEventHub: update value init IPC onIPCFromSetting ipcData[0]:spChange, pss:undefined, native:undefined
06-11 09:39:26.390  2781  2781 I A000ff/HMKeyboard_KeyboardEventHub: update value  common event subscriber
06-11 09:39:26.390  3600  3600 I A000ff/HMKeyboard_CloudSyncManager: setting item update, key -> is_guide_page_showed_update_time
06-11 09:39:26.390  2781  2781 I A000ff/HMKeyboard_KeyboardEventHub: switch to guide page selected Layout
06-11 09:39:26.391  2704  2704 I A04200/WINDOW: SCBSceneSession --> on terminateSession
06-11 09:39:26.392  2704  2704 I A04200/WINDOW: SCBSceneSessionManager --> [SCBMain]Request scene container session terminate, persistentId: 38
06-11 09:39:26.392  2781  2781 I A000ff/HMKeyboard_KeyboardEventHub: update value init IPC onIPCFromSetting ipcData[0]:switchLayoutGuidePage, pss:undefined, native:undefined
06-11 09:39:26.393  2704  2704 I A01b01/HOME: SCBScenePanel --> [SCBMain]onTerminateScene persistentId=38 containerId=undefined scenePanelState=1 needRemoveSession=false needClearData=false shouldBackToCaller=[object Object]
06-11 09:39:26.394  3600  3600 I A000ff/HMKeyboard_CommonEventHelper: do publish
06-11 09:39:26.395  2704  2704 I A01b01/HOME: SCBScenePanel --> getContainerSessionByPersistentIdOrContainerId persistentId 38 containerId undefined
06-11 09:39:26.395  2704  2704 I A01b01/HOME: SCBScenePanel --> getSceneContainerSessionWithPersistentId with session id: 38
06-11 09:39:26.395  2704  2704 I A01b01/HOME: SCBScenePanel --> getSceneContainerSessionWithPersistentId from containerSessionList id: 38
06-11 09:39:26.395  3600  3600 I A000ff/HMKeyboard_SettingService: update value from IPC keyValueListJson 
06-11 09:39:26.395  3600  3600 I A000ff/HMKeyboard_SettingService: update value from IPC: is_guide_page_showed
06-11 09:39:26.398  3600  3600 I A000ff/HMKeyboard_CommonEventHelper: publish success
06-11 09:39:26.398  2704  2704 I A01b01/HOME: SCBScenePanel --> [SCBMain] getSceneSessionByPersistentId from containerSessionList id: 38
06-11 09:39:26.399  2781  2781 I A000ff/HMKeyboard_KeyboardEventHub: update value  common event subscriber
06-11 09:39:26.399  2781  2781 I A000ff/HMKeyboard_SettingService: update value from IPC keyValueListJson 
06-11 09:39:26.399  3600  3600 I A000ff/HMKeyboard_MainAbility: update value  common event subscriber
06-11 09:39:26.399  3600  3600 I A000ff/HMKeyboard_CloudSyncManager: setting key not need set update time
06-11 09:39:26.400  2781  2781 I A000ff/HMKeyboard_SettingService: update value from IPC: is_guide_page_showed_update_time
06-11 09:39:26.400  2781  2781 I A000ff/HMKeyboard_KeyboardEventHub: update value init IPC onIPCFromSetting ipcData[0]:spChange, pss:undefined, native:undefined
06-11 09:39:26.402  2704  2704 I A01b01/HOME: SCBScenePanel --> [SCBMain]onTerminateScene com.huawei.hmos.inputmethod/default/MainAbility(persistentId: 38)(containerId: 2) isActive=true isFloat=false isSplit=false isMidScene=false needRemoveSession=false
06-11 09:39:26.403  2704  2704 I A01b01/HOME: SCBScenePanel --> [SCBMain]onTerminateScene sceneInfo.callerPersistentId=36
06-11 09:39:26.404  2704  2704 I A01b01/HOME: SCBScenePanel --> getSceneContainerSessionWithPersistentId with session id: 36
06-11 09:39:26.404  2704  2704 I A01b01/HOME: SCBScenePanel --> getSceneContainerSessionWithPersistentId from containerSessionList id: 36
06-11 09:39:26.404  2704  2704 I A01b01/HOME: SCBScenePanel --> [SCBMain]onTerminateScene callerContainerSession dev.makepad.makepad_example_native_text_input/makepad/EntryAbility(persistentId: 36)(containerId: 1)
06-11 09:39:26.405  2704  2704 I A04200/WINDOW: SCBSceneContainerSession --> updateLastUsedTimestamp primarySession id:36, secondarySession id:
06-11 09:39:26.405  2704  2704 I A04200/WINDOW: SCBScenePanelManager --> Remove scene container session, id: 1
06-11 09:39:26.406  2704  2704 I A04200/WINDOW: SCBScenePanelManager --> [SCBMain]Remove scene container session by index=0, id=36
06-11 09:39:26.407  2704  2704 I A04200/WINDOW: SCBScenePanelManager --> raiseFloatingSceneToTop with null  containerSession
06-11 09:39:26.407  2704  2704 I A04200/WINDOW: SCBSceneContainerSession --> Terminate status changed to false
06-11 09:39:26.407  2704  2704 I A04200/WINDOW: SCBSceneContainerSession --> updateLastUsedTimestamp primarySession id:36, secondarySession id:
06-11 09:39:26.407  2704  2704 W A04200/WINDOW: SCBSceneContainerSession --> [SCBMain] Request scene container session activation, name: dev.makepad.makepad_example_native_text_input/makepad/EntryAbility(persistentId: 36)(containerId: 1) isNewActive: false, isPersist: true, reason: undefined
06-11 09:39:26.407  2704  2704 I A04200/WINDOW: SCBSceneContainerSession --> Terminate status changed to false
06-11 09:39:26.408  2704  2704 I A04200/WINDOW: SCBSceneSession --> [SCBMain]requestSessionActivation: isNewActive: false, isPersist: true, reason: undefined, name: dev.makepad.makepad_example_native_text_input/makepad/EntryAbility(persistentId: 36), containerRotation: 0
06-11 09:39:26.408  2704  2704 I A04200/WINDOW: SCBSceneSessionManager --> [SCBMain]requestSceneSessionActivation, persistentId:36
06-11 09:39:26.408  2704  2704 I A04200/WINDOW: SCBSceneSessionManager --> [SCBMain]setIsActivatedAfterScreenLocked, isScreenLocked: false
06-11 09:39:26.409  2704  2704 I A04200/WINDOW: SCBScenePersistent --> update to persistentMap, bundleName: dev.makepad.makepad_example_native_text_input moduleName: makepad abilityName: EntryAbility
06-11 09:39:26.414  2704  2704 I A04200/WINDOW: SCBScenePersistent --> Set persistentId = 36 isAlive to true
06-11 09:39:26.414  2704  2704 W A04200/WINDOW: SCBScenePersistent --> The alive status remains unchanged
06-11 09:39:26.415  2704  2704 I A01b01/HOME: SCBScenePanel --> startSceneWithRotationIfNeed containerSession dev.makepad.makepad_example_native_text_input/makepad/EntryAbility(persistentId: 36)(containerId: 1)needAnimation false isFromRecent false fromUser false
06-11 09:39:26.416  2704  2704 I A04200/WINDOW: SCBSceneContainerSession --> getTargetRotation: dev.makepad.makepad_example_native_text_input requestOrientation: 0
06-11 09:39:26.416  2704  2704 I A04200/WINDOW: SCBScreenSessionManager --> getScreenOrientationLocked this.screenRotationLocked,value:true
06-11 09:39:26.419  2781  2781 I A000ff/HMKeyboard_IMEAbilityEventRegis: onSetSubtype
06-11 09:39:26.419  2704  2704 I A04200/WINDOW: SCBSceneOrientationPolicy --> SCBDefaultOrientationPolicy: currentScreenRotation: 0, sensorRotation: 0, isScreenLocked: true, fromUser: false
06-11 09:39:26.419  2781  2781 I A000ff/HMKeyboard_InputManager: onSetSubtype called subType : Input_ZH_26Menu
06-11 09:39:26.420  2704  2704 E A01b01/HOME: SCBScenePanel --> startSceneWithRotationIfNeed currentContainerRotation=0 container name=dev.makepad.makepad_example_native_text_input/makepad/EntryAbility(persistentId: 36)(containerId: 1)
06-11 09:39:26.420  2704  2704 I A01b01/HOME: SCBScenePanel --> startSceneWithRotationIfNeed before rotate with targetRotation=0, sensorRotation=0, currentScreenRotation=0, currentContainerRotation=0, name=dev.makepad.makepad_example_native_text_input
06-11 09:39:26.420  2704  2704 I A01b01/HOME: SCBScenePanel --> no need to rotate with same targetRotation
06-11 09:39:26.420  2704  2704 I A01b01/HOME: SCBScenePanel --> [SCBMain]sceneContainerAppTransitionChange isBackTransition:true, needRemoveSession:false, needTerminate:true
06-11 09:39:26.420  2781  2781 I A000ff/HMKeyboard_CommonEventHelper: do publish
06-11 09:39:26.420  2704  2704 I A04200/WINDOW: SCBSceneContainerSession --> Request scene container session destruction with transition out, id: com.huawei.hmos.inputmethod/default/MainAbility(persistentId: 38)(containerId: 2) isActive true delete false isBackToIcon true needClearData false
06-11 09:39:26.420  2781  2781 I A000ff/HMKeyboard_SubTypeManager: switch to:Input_ZH_26Menu
06-11 09:39:26.420  2781  2781 I A000ff/HMKeyboard_SubTypeManager: switchLayout:zh, chinese, isEarthAndMenuEnter = true
06-11 09:39:26.421  2704  2704 I A04200/WINDOW: SCBSceneContainerSession --> [SCBMain] Request scene container session destruction, name: com.huawei.hmos.inputmethod/default/MainAbility(persistentId: 38)(containerId: 2) delete: false needClearData: false isSaveSnapshot: true isForceClean: false
06-11 09:39:26.421  2704  2704 I A04200/WINDOW: SCBSceneSession --> [SCBMain]: request SceneSession Destruction name: com.huawei.hmos.inputmethod/default/MainAbility(persistentId: 38) isDeletePersistentMap: false isSaveSnapshot: true isForceClean: false
06-11 09:39:26.422  2704  2704 I A04200/WINDOW: SCBScene --> [UseControl]Use control isActive:false persistentId:38
06-11 09:39:26.422  2704  2704 I A04200/WINDOW: SCBSceneSessionManager --> [SCBMain]requestSceneSessionDestruction, persistentId:38, isDeletePersistentMap:false, isSaveSnapshot:true, isForceClean:false
06-11 09:39:26.439  2781  2781 I A000ff/HMKeyboard_SubTypeManager: switchLayout: layout no none
06-11 09:39:26.440  2781  2781 I A000ff/HMKeyboard_SubTypeManager: updateAppStorageLayout newIME layout: chinese, locale: zh
06-11 09:39:26.440  2781  2781 I A000ff/HMKeyboard_SubTypeManager: newIME is same with preSubIME
06-11 09:39:26.450  3600  3600 I A000ff/HMKeyboard_MainAbility: update value  common event subscriber
06-11 09:39:26.469  2704  2704 I A04200/WINDOW: SCBSpecificScenePanel --> onDestroyFloatWindowFromSceneSession
06-11 09:39:26.469  2704  2704 I A04200/WINDOW: SCBScenePersistent --> Set persistentId = 38 isAlive to false
06-11 09:39:26.469  2704  2704 I A04200/WINDOW: SCBSceneSessionManager --> [SCBImms]unRegisterSystemBarPropertyCallbacks success
06-11 09:39:26.469  2704  2704 I A04200/WINDOW: SCBSceneSession --> clear immersive session data 38
06-11 09:39:26.469  2704  2704 W A01b01/HOME: ResourceManager --> deleteAppSessionLabelCache cacheKey:38
06-11 09:39:26.508  3600  3600 I A000ff/HMKeyboard_HwIdManager: no login, ignore
06-11 09:39:26.523  3062  3062 I A00000/testTag: Ability onForeground
06-11 09:39:26.528  2704  2704 I A04200/WINDOW: SCBSceneContainerSession --> [SCBScenePanel]set border radius from 0 to 36.       reason: sceneContainerAppTransitionChange, extra info: com.huawei.hmos.inputmethod/default/MainAbility(persistentId: 38)(containerId: 2)
06-11 09:39:26.528  2704  2704 I A04200/WINDOW: SCBSceneContainerSession --> [SCBScenePanel]set border radius from 36 to 36.       reason: sceneContainerAppTransitionChange, extra info: dev.makepad.makepad_example_native_text_input/makepad/EntryAbility(persistentId: 36)(containerId: 1)
06-11 09:39:26.529  2704  2704 I A04200/WINDOW: SCBSceneContainerSession --> [SCBScenePanel]set translateX from 0 to -387.6923076923077.       reason: sceneContainerAppTransitionChange, extra info: dev.makepad.makepad_example_native_text_input/makepad/EntryAbility(persistentId: 36)(containerId: 1)
06-11 09:39:26.530  2704  2704 I A01b00/SCB: AnimateToScheduleUtils --> raiseAnimateToCPUPriority: 0
06-11 09:39:26.530  2704  2704 I A01b00/SCB: AnimateToScheduleUtils --> raiseAnimateToCPUPriority: 0
06-11 09:39:26.544  2781  2781 I A000ff/HMKeyboard_CommonEventHelper: do publish
06-11 09:39:26.545  2781  2781 I A000ff/HMKeyboard_CommonEventHelper: do publish
06-11 09:39:26.546  2781  2781 I A000ff/HMKeyboard_HardwareInputManager: onSetSubtype call newSubType: Input_ZH_26Menu, subType: InputZhService, lastSubType: undefined
06-11 09:39:26.572  3600  3600 I A000ff/HMKeyboard_MainAbility: update value  common event subscriber
06-11 09:39:26.572  3600  3600 I A000ff/HMKeyboard_CloudSyncManager: setting item update, key -> pref_storage_language_list_update_time
06-11 09:39:26.572  3600  3600 I A000ff/HMKeyboard_CommonEventHelper: do publish
06-11 09:39:26.575  3600  3600 I A000ff/HMKeyboard_SettingService: update value from IPC keyValueListJson 
06-11 09:39:26.575  3600  3600 I A000ff/HMKeyboard_SettingService: update value from IPC: pref_storage_language_list
06-11 09:39:26.590  2704  2704 I A04200/WINDOW: SCBInputMethodHelper --> enableShowInputMethodForSplit false
06-11 09:39:26.628  3600  3600 I A000ff/HMKeyboard_CommonEventHelper: publish success
06-11 09:39:26.628  3600  3600 I A000ff/HMKeyboard_MainAbility: onBackground
06-11 09:39:26.628  3600  3600 I A000ff/HMKeyboard_CommonEventHelper: do publish
06-11 09:39:26.771  2781  2781 I A000ff/HMKeyboard_HardwareInputManager: subtype change: { locale : zh_CN, mode : lower, id : Input_ZH_26Menu },
06-11 09:39:26.771  2781  2781 I A000ff/HMKeyboard_HardwareInputManager:         lastSubtype:{ locale : zh_CN, mode : lower, id : InputZhService }
06-11 09:39:26.772  2781  2781 I A000ff/HMKeyboard_HardwareInputHelper: updateSubTypeWhenInvalid, return
06-11 09:39:26.777  2781  2781 I A000ff/HMKeyboard_InputManager: resetLanguageLayoutAndParams
06-11 09:39:26.778  2781  2781 I A000ff/HMKeyboard_EngineTool: setLanguageAndLayout call.
06-11 09:39:26.785  2781  2781 I A000ff/HMKeyboard_InputManager: initEngineParameters
06-11 09:39:26.785  2781  2781 I A000ff/HMKeyboard_InputManager: initEngineParameters normal else
06-11 09:39:26.795  2781  2841 I A000ff/HMKeyboard_EngineWorker: language:0, layout:1
06-11 09:39:26.796  2781  2841 I A00000/ohos_jni_EngineHelper: SetLanguageAndLayout, language:0, layout:1
06-11 09:39:26.809  2781  2841 I A00000/ohos_jni_PyEngineWrapper: Set Param key:par_param_method value:131329
06-11 09:39:26.810  2781  2841 I A00000/ohos_jni_PyEngineWrapper: Set Param result:0
06-11 09:39:26.810  2781  2841 I A00000/ohos_jni_PyEngineWrapper: Stop pinyin Engine
06-11 09:39:26.816  2781  2781 I A000ff/HMKeyboard_SettingService: result=0
06-11 09:39:26.817  2781  2781 I A000ff/HMKeyboard_ZhEngine: tryToLoadSceneDict
06-11 09:39:26.817  2781  2781 I A000ff/HMKeyboard_EditAttributeCache: return getEditorAttributeSync
06-11 09:39:26.819  2781  2781 E A000ff/HMKeyboard_EditAttributeCache: getEditorAttribute err:
06-11 09:39:26.819  2781  2781 E A000ff/HMKeyboard_EditAttributeCache: getEditorAttribute unknown error
06-11 09:39:26.820  2781  2781 I A000ff/HMKeyboard_KeyboardToolWindow: onSetSubtype
06-11 09:39:26.820  2781  2781 I A000ff/HMKeyboard_SettingsDataManager: switch subtype, refresh settingsData Input_ZH_26Menu
06-11 09:39:26.822  2781  2841 I A00000/ohos_jni_PyEngineWrapper: Stop pinyin Engine result:0 status:0
06-11 09:39:26.822  2781  2841 I A00000/ohos_jni_PyEngineWrapper: Start pinyin Engine
06-11 09:39:26.824  2781  2841 I A00000/ohos_jni_PyEngineWrapper: Start pinyin Engine result:0, status:0
06-11 09:39:26.825  2781  2841 I A00000/ohos_jni_PyEngineWrapper: Set Param key:imedec_param_asso_fallback value:0
06-11 09:39:26.825  2781  2841 I A00000/ohos_jni_PyEngineWrapper: Set Param result:0
06-11 09:39:26.825  2781  2841 I A00000/ohos_jni_PyEngineWrapper: Set Param key:resMgr_param_usrdict_add_contact_dedup value:1
06-11 09:39:26.825  2781  2841 I A00000/ohos_jni_PyEngineWrapper: Set Param result:0
06-11 09:39:26.825  2781  2841 I A00000/ohos_jni_PyEngineWrapper: Set Param key:resMgr_param_usrdict_add_contact_dedup_min_len value:4
06-11 09:39:26.825  2781  2841 I A00000/ohos_jni_PyEngineWrapper: Set Param result:0
06-11 09:39:26.825  2781  2841 I A00000/ohos_jni_PyEngineWrapper: Set Param key:resMgr_param_usrdict_add_uncontact_dedup value:1
06-11 09:39:26.825  2781  2841 I A00000/ohos_jni_PyEngineWrapper: Set Param result:0
06-11 09:39:26.825  2781  2841 I A00000/ohos_jni_PyEngineWrapper: Set Param key:resMgr_param_usrdict_add_uncontact_dedup_min_len value:1
06-11 09:39:26.825  2781  2841 I A00000/ohos_jni_PyEngineWrapper: Set Param result:0
06-11 09:39:26.825  2781  2841 I A00000/ohos_jni_PyEngineWrapper: Set Param key:imedec_param_top_n_value value:3
06-11 09:39:26.825  2781  2841 I A00000/ohos_jni_PyEngineWrapper: Set Param result:0
06-11 09:39:26.825  2781  2841 I A00000/ohos_jni_PyEngineWrapper: Set Param key:rlt_param_rnn_top_n value:6
06-11 09:39:26.825  2781  2841 I A00000/ohos_jni_PyEngineWrapper: Set Param result:0
06-11 09:39:26.825  2781  2841 I A00000/ohos_jni_PyEngineWrapper: Set Param key:imedec_param_uncombine_nodes_beam value:200
06-11 09:39:26.825  2781  2841 I A00000/ohos_jni_PyEngineWrapper: Set Param result:0
06-11 09:39:26.825  2781  2841 I A00000/ohos_jni_PyEngineWrapper: Set Param key:par_param_method value:131329
06-11 09:39:26.825  2781  2841 I A00000/ohos_jni_PyEngineWrapper: Set Param result:0
06-11 09:39:26.825  2781  2841 I A00000/ohos_jni_PyEngineWrapper: Stop pinyin Engine
06-11 09:39:26.825  2781  2841 I A00000/ohos_jni_PyEngineWrapper: Stop pinyin Engine result:0 status:0
06-11 09:39:26.825  2781  2841 I A00000/ohos_jni_PyEngineWrapper: Start pinyin Engine
06-11 09:39:26.825  2781  2841 I A00000/ohos_jni_PyEngineWrapper: Start pinyin Engine result:0, status:0
06-11 09:39:26.825  2781  2841 I A00000/ohos_jni_PyEngineWrapper: Set Param key:ipt_param_fuzzypy value:0
06-11 09:39:26.825  2781  2841 I A00000/ohos_jni_PyEngineWrapper: Set Param result:0
06-11 09:39:26.825  2781  2841 I A00000/ohos_jni_ConfigManager: SetChEnMix:1
06-11 09:39:26.825  2781  2841 I A00000/ohos_jni_PyEngineWrapper: Set Param key:par_param_method value:131337
06-11 09:39:26.825  2781  2841 I A00000/ohos_jni_PyEngineWrapper: Set Param result:0
06-11 09:39:26.825  2781  2841 I A00000/ohos_jni_PyEngineWrapper: Stop pinyin Engine
06-11 09:39:26.826  2781  2841 I A00000/ohos_jni_PyEngineWrapper: Stop pinyin Engine result:0 status:0
06-11 09:39:26.826  2781  2841 I A00000/ohos_jni_PyEngineWrapper: Start pinyin Engine
06-11 09:39:26.826  2781  2841 I A00000/ohos_jni_PyEngineWrapper: Start pinyin Engine result:0, status:0
06-11 09:39:26.826  2781  2841 I A00000/ohos_jni_EngineHelper: SetLanguageAndLayout end
06-11 09:39:26.826  2781  2841 I A00000/ohos_jni_EngineHelper: SetParameter key:10, value:0
06-11 09:39:26.826  2781  2841 I A00000/ohos_jni_EngineHelper: SetParameter key:0, value:0
06-11 09:39:26.826  2781  2841 I A00000/ohos_jni_PyEngineWrapper: Set Param key:par_param_method value:131337
06-11 09:39:26.826  2781  2841 I A00000/ohos_jni_PyEngineWrapper: Set Param result:0
06-11 09:39:26.826  2781  2841 I A00000/ohos_jni_PyEngineWrapper: Stop pinyin Engine
06-11 09:39:26.827  2781  2841 I A00000/ohos_jni_PyEngineWrapper: Stop pinyin Engine result:0 status:0
06-11 09:39:26.827  2781  2841 I A00000/ohos_jni_PyEngineWrapper: Start pinyin Engine
06-11 09:39:26.827  2781  2841 I A00000/ohos_jni_PyEngineWrapper: Start pinyin Engine result:0, status:0
06-11 09:39:26.827  2781  2841 I A00000/ohos_jni_PyEngineWrapper: Set Param key:ipt_param_fuzzypy value:0
06-11 09:39:26.827  2781  2841 I A00000/ohos_jni_PyEngineWrapper: Set Param result:0
06-11 09:39:26.827  2781  2841 I A00000/ohos_jni_EngineHelper: SetParameter key:1, value:1
06-11 09:39:26.827  2781  2841 I A00000/ohos_jni_EngineHelper: SetParameter key:2, value:1
06-11 09:39:26.827  2781  2841 I A00000/ohos_jni_ConfigManager: SetChEnMix:1
06-11 09:39:26.827  2781  2841 I A00000/ohos_jni_PyEngineWrapper: Set Param key:par_param_method value:131337
06-11 09:39:26.827  2781  2841 I A00000/ohos_jni_PyEngineWrapper: Set Param result:0
06-11 09:39:26.827  2781  2841 I A00000/ohos_jni_PyEngineWrapper: Stop pinyin Engine
06-11 09:39:26.827  2781  2841 I A00000/ohos_jni_PyEngineWrapper: Stop pinyin Engine result:0 status:0
06-11 09:39:26.827  2781  2841 I A00000/ohos_jni_PyEngineWrapper: Start pinyin Engine
06-11 09:39:26.827  2781  2841 I A00000/ohos_jni_PyEngineWrapper: Start pinyin Engine result:0, status:0
06-11 09:39:26.827  2781  2841 I A00000/ohos_jni_EngineHelper: SetParameter key:11, value:1
06-11 09:39:26.827  2781  2841 I A00000/ohos_jni_EngineHelper: SetParameter key:13, value:1
06-11 09:39:26.827  2781  2841 I A00000/ohos_jni_PyEngineWrapper: Set Param key:rlt_param_en_emoji_dec value:1
06-11 09:39:26.827  2781  2841 I A00000/ohos_jni_PyEngineWrapper: Set Param result:0
06-11 09:39:26.827  2781  2841 I A00000/ohos_jni_PyEngineWrapper: Set Param key:imedec_param_en_emoji value:1
06-11 09:39:26.827  2781  2841 I A00000/ohos_jni_PyEngineWrapper: Set Param result:0
06-11 09:39:26.828  2781  2841 I A00000/ohos_jni_EngineHelper: SetParameter key:12, value:0
06-11 09:39:26.828  2781  2841 I A00000/ohos_jni_EngineHelper: SetParameter key:3, value:0
06-11 09:39:26.828  2781  2841 I A00000/ohos_jni_PyEngineWrapper: Set Param key:par_param_trad2simp value:0
06-11 09:39:26.828  2781  2841 I A00000/ohos_jni_PyEngineWrapper: Set Param result:0
06-11 09:39:26.828  2781  2841 I A00000/ohos_jni_EngineHelper: SetParameter key:16, value:1
06-11 09:39:26.828  2781  2841 I A00000/ohos_jni_PyEngineWrapper: Set Param key:act_param_en_scene value:1
06-11 09:39:26.828  2781  2841 I A00000/ohos_jni_PyEngineWrapper: Set Param result:0
06-11 09:39:26.869  3600  3600 I A01100/[PafUiWidget]: PafBase(PafSheetWindow): onShowHandler: ctx.name:12 ctx.state:3 ctx.navigationId: ctx.navDestinationId:0 this.navDPageName:12
06-11 09:39:26.870  3600  3600 I A01100/[PafUiWidget]: PafBase(PafSheetWindow): Column0 disappear
06-11 09:39:26.871  3600  3600 I A01100/[PafUiWidget]: PafBase(PafSheetWindow): PafSheetWindow Navigation onDisAppear
06-11 09:39:26.879  3600  3600 I A01100/[PafUiWidget]: PafPermission(PafPermission): aboutToDisappear(),alwaysDarkMode:false,fullPage:true,moduleVersion:14.16.9-314
06-11 09:39:26.880  3600  3600 I A01100/[PafUiWidget]: PafBase(PafSheetWindow): PafSheetWindow SheetController destroyMonitor
06-11 09:39:26.884  3600  3600 I A01100/[PafUiWidget]: PafBase(PafSheetWindow): PafSheetWindow aboutToDisappear
06-11 09:39:26.885  3600  3600 I A01100/[PafUiWidget]: PafBase(PafSheetWindow): PafSheetWindow SheetController destroyMonitor
06-11 09:39:26.885  3600  3600 I A01100/[PafUiWidget]: PafBase(PafSheetWindow): PafSheetWindow SheetController destroyMonitor
06-11 09:39:26.905  2704  2704 I A04200/WINDOW: SCBInputMethodHelper --> enableShowInputMethodForSplit false
06-11 09:39:26.915  2704  2704 I A04200/WINDOW: SCBSceneSession --> registerOnUpdateSessionLabelCallback
06-11 09:39:26.915  2704  2704 I A04200/WINDOW: SCBSceneSession --> registerOnUpdateSessionIconCallback
06-11 09:39:26.915  2704  2704 I A04200/WINDOW: SCBSceneSession --> registerCreateSubSessionCallback, id: 36
06-11 09:39:26.915  2704  2704 I A04200/WINDOW: SCBSceneSession --> [SCBDialog] registerCreateDialogCallback
06-11 09:39:26.915  2704  2704 I A04200/WINDOW: SCBSceneSession --> registerSessionTouchableChangeCallback
06-11 09:39:26.915  2704  2704 I A04200/WINDOW: SCBSceneSession --> registerSessionSystemBarPropertyCallback
06-11 09:39:26.915  2704  2704 I A04200/WINDOW: SCBSceneSessionManager --> [SCBImms]registerSystemBarPropertyCallbacks success
06-11 09:39:26.927  2781  2781 I A000ff/HMKeyboard_TradZhInputHelper: isZYMainKeyboard subtype is undefined.
06-11 09:39:26.927  2781  2781 I A000ff/HMKeyboard_EnterSendMsgManager: isEnterMsgOpen is same as the last time, ignore.
06-11 09:39:26.927  2781  2781 I A000ff/HMKeyboard_EngineTool: unLoadSceneResource call.
06-11 09:39:26.928  2704  2704 I A04200/WINDOW: SCBSceneContainerSession --> [SCBScenePanel]set translateX from -387.6923076923077 to 0.       reason: sceneContainerAppTransitionChange, extra info: dev.makepad.makepad_example_native_text_input/makepad/EntryAbility(persistentId: 36)(containerId: 1)
06-11 09:39:26.928  2704  2704 I A04200/WINDOW: SCBSceneContainerSession --> [SCBScenePanel]set translateX from 0 to 396.9230769230769.       reason: sceneContainerAppTransitionChange, extra info: com.huawei.hmos.inputmethod/default/MainAbility(persistentId: 38)(containerId: 2)
06-11 09:39:26.928  2781  2841 I A000ff/HMKeyboard_EngineWorker: unLoadSceneResource
06-11 09:39:26.929  2704  2704 I A04200/WINDOW: SCBSceneContainerSession --> [SCBScenePanel]set scaleX from 1 to 0.9.       reason: sceneContainerAppTransitionChange, extra info: dev.makepad.makepad_example_native_text_input/makepad/EntryAbility(persistentId: 36)(containerId: 1)
06-11 09:39:26.930  2704  2704 I A04200/WINDOW: SCBSceneContainerSession --> [SCBScenePanel]set scaleY from 1 to 0.9.       reason: sceneContainerAppTransitionChange, extra info: dev.makepad.makepad_example_native_text_input/makepad/EntryAbility(persistentId: 36)(containerId: 1)
06-11 09:39:26.930  2781  2781 I A000ff/HMKeyboard_CommonEventHelper: publish success
06-11 09:39:26.930  2704  2704 I A04200/WINDOW: SCBSceneContainerSession --> [SCBScenePanel]set scaleX from 1 to 0.9.       reason: sceneContainerAppTransitionChange, extra info: com.huawei.hmos.inputmethod/default/MainAbility(persistentId: 38)(containerId: 2)
06-11 09:39:26.930  2704  2704 I A04200/WINDOW: SCBSceneContainerSession --> [SCBScenePanel]set scaleY from 1 to 0.9.       reason: sceneContainerAppTransitionChange, extra info: com.huawei.hmos.inputmethod/default/MainAbility(persistentId: 38)(containerId: 2)
06-11 09:39:26.935  2704  2704 I A04200/WINDOW: SCBSceneContainerSession --> [SCBScenePanel]set scaleX from 0.9 to 1.       reason: sceneContainerAppTransitionChange, extra info: dev.makepad.makepad_example_native_text_input/makepad/EntryAbility(persistentId: 36)(containerId: 1)
06-11 09:39:26.935  2781  2781 I A000ff/HMKeyboard_CommonEventHelper: publish success
06-11 09:39:26.935  2781  2781 I A000ff/HMKeyboard_CommonEventHelper: publish success
06-11 09:39:26.935  2704  2704 I A04200/WINDOW: SCBSceneContainerSession --> [SCBScenePanel]set scaleY from 0.9 to 1.       reason: sceneContainerAppTransitionChange, extra info: dev.makepad.makepad_example_native_text_input/makepad/EntryAbility(persistentId: 36)(containerId: 1)
06-11 09:39:26.935  2704  2704 I A04200/WINDOW: SCBSceneContainerSession --> [SCBScenePanel]set scaleX from 0.9 to 1.       reason: sceneContainerAppTransitionChange, extra info: com.huawei.hmos.inputmethod/default/MainAbility(persistentId: 38)(containerId: 2)
06-11 09:39:26.935  2781  2781 I A000ff/HMKeyboard_KeyboardEventHub: update value  common event subscriber
06-11 09:39:26.935  2781  2781 I A000ff/HMKeyboard_SettingService: update value from IPC keyValueListJson 
06-11 09:39:26.935  2704  2704 I A04200/WINDOW: SCBSceneContainerSession --> [SCBScenePanel]set scaleY from 0.9 to 1.       reason: sceneContainerAppTransitionChange, extra info: com.huawei.hmos.inputmethod/default/MainAbility(persistentId: 38)(containerId: 2)
06-11 09:39:26.936  2781  2781 I A000ff/HMKeyboard_SettingService: update value from IPC: pref_storage_language_list
06-11 09:39:26.936  2781  2781 I A000ff/HMKeyboard_KeyboardEventHub: update value init IPC onIPCFromSetting ipcData[0]:spChange, pss:undefined, native:undefined
06-11 09:39:26.936  2781  2781 I A000ff/HMKeyboard_KeyboardEventHub: update value  common event subscriber
06-11 09:39:26.937  2781  2781 I A000ff/HMKeyboard_SettingService: update value from IPC keyValueListJson 
06-11 09:39:26.937  2781  2781 I A000ff/HMKeyboard_SettingService: update value from IPC: pref_storage_language_list_update_time
06-11 09:39:26.937  2781  2781 I A000ff/HMKeyboard_KeyboardEventHub: update value init IPC onIPCFromSetting ipcData[0]:spChange, pss:undefined, native:undefined
06-11 09:39:26.937  2781  2781 I A000ff/HMKeyboard_KeyboardEventHub: update value  common event subscriber
06-11 09:39:26.937  2781  2781 I A000ff/HMKeyboard_KeyboardEventHub: update value init IPC onIPCFromSetting ipcData[0]:settingPageStateChange, pss:undefined, native:undefined
06-11 09:39:26.941  2704  2704 I A01b01/HOME: SCBScenePanel --> linkCallerAndToPersistentForSession, callerId=36, toId=0
06-11 09:39:26.941  2704  2704 I A01b01/HOME: SCBScenePanel --> [SCBMain] getSceneSessionByPersistentId from containerSessionList id: 36
06-11 09:39:26.942  2704  2704 I A04200/WINDOW: SCBSpecialScenePanel --> onTerminateScene with persistentId:38 containerId:undefined
06-11 09:39:26.943  2704  2704 W A04200/WINDOW: SCBSpecialScenePanel --> Failed to get scene containerSession with session id: 38
06-11 09:39:26.945  2704  2704 E A04200/WINDOW: SCBSpecialScenePanel --> cannot find containerSession with persistentId:38
06-11 09:39:26.946  2704  2704 I A04200/WINDOW: SCBSceneSessionManager --> [SCBFocus]onShiftFocus from id:  38 to id: 0
06-11 09:39:26.946  2704  2704 I A04200/WINDOW: SCBSceneSessionManager --> get session by persistentId: 0
06-11 09:39:26.952  2704  2704 I A04200/WINDOW: SCBSceneSessionManager --> getSessionById duration time: 5670.4169999957085 us, max: 23806.70800000429 us
06-11 09:39:26.956  2781  2781 I A000ff/HMKeyboard_SettingsDataManager: setTypeValue result = true typeString: [{"name":"中文26键","id":"Input_ZH_26Menu","isCurrent":true},{"name":"中文9键","id":"Input_ZH_9Menu","isCurrent":false},{"name":"中文笔画","id":"Input_ZH_Strokes","isCurrent":false},{"name":"中文手写","id":"Input_ZH_HandWrite","isCurrent":false},{"name":"中文五笔","id":"Input_ZH_Wubi","isCurrent":false},{"name":"中文双拼","id":"Input_ZH_Double","isCurrent":false}]
06-11 09:39:26.963  2704  2704 I A0001b/AA: RecentlyUseController --> buildRecentlyUseInfo {"bundleName":"dev.makepad.makepad_example_native_text_input","moduleName":"makepad","abilityName":"EntryAbility","pid":3062,"uid":20020051,"state":2,"abilityType":1,"isAtomicService":false}}
06-11 09:39:26.968  2704  2704 I A01a00/SYS_UI: PhoneAppManager --> ability[dev.makepad.makepad_example_native_text_input|EntryAbility] state change to 2
06-11 09:39:26.968  2704  2704 I A01a00/SYS_UI: PhoneAppManager --> checkAbilityForegroundChange change: 2, dev.makepad.makepad_example_native_text_input
06-11 09:39:26.971  2704  2704 I A0001b/AA: RecentlyUseController --> buildRecentlyUseInfo {"bundleName":"com.huawei.hmos.inputmethod","moduleName":"default","abilityName":"MainAbility","pid":3600,"uid":20020009,"state":2,"abilityType":1,"isAtomicService":false}}
06-11 09:39:26.972  2704  2704 I A01a00/SYS_UI: PhoneAppManager --> ability[com.huawei.hmos.inputmethod|MainAbility] state change to 2
06-11 09:39:26.974  2704  2704 I A04200/WINDOW: SCBSceneSession --> [SCBImms]on session state change, window:38, state:5
06-11 09:39:26.975  2704  2704 I A04200/WINDOW: SCBScreenSessionManager --> unRegisterScreenPropertyChangeCallbacks caller: at onSessionStateChange (SCBSceneSession.ts:1681:1)screenId: undefined true null
06-11 09:39:26.976  2704  2704 I A04200/WINDOW: SCBScreenSessionManager --> recordEventFromScb
06-11 09:39:26.977  2704  2704 I A04200/WINDOW: SCBScreenSessionManager --> callbackRegisterMap callerStack: at onSessionStateChange (SCBSceneSession.ts:1681:1)
06-11 09:39:26.977  2704  2704 I A04200/WINDOW: SCBScreenSessionManager --> recordEventFromScb
06-11 09:39:26.977  2704  2704 I A04200/WINDOW: SCBScreenSessionManager --> unRegisterScreenPropertyChangeCallbacks index:21 removed:1
06-11 09:39:26.977  2704  2704 I A04200/WINDOW: SCBSceneSessionManager --> [SCBImms]update prop, locked:false
06-11 09:39:26.978  2781  2781 I A000ff/HMKeyboard_SettingsDataManager: setTypeValue result = true typeString: [{"name":"中文26键","id":"Input_ZH_26Menu","isCurrent":true},{"name":"中文9键","id":"Input_ZH_9Menu","isCurrent":false},{"name":"中文笔画","id":"Input_ZH_Strokes","isCurrent":false},{"name":"中文手写","id":"Input_ZH_HandWrite","isCurrent":false},{"name":"中文五笔","id":"Input_ZH_Wubi","isCurrent":false},{"name":"中文双拼","id":"Input_ZH_Double","isCurrent":false}]
06-11 09:39:26.978  2704  2704 I A04200/WINDOW: SCBSceneSessionManager --> [SCBImms]app prop is applied: true
06-11 09:39:26.978  2704  2704 I A04200/WINDOW: SCBSceneSessionManager --> [SCBImms]get app prop:[5,true,"#00FFFFFF","#FF000000",false,false] isSetEnable:false uiType:phone isSetColor:false isLand:false
06-11 09:39:26.978  2704  2704 I A04200/WINDOW: SCBSceneSessionManager --> [SCBImms]isPcOrPcMode: false statusBarStyle:true isSetStatusBarEnable: false
06-11 09:39:26.978  2704  2704 I A04200/WINDOW: SCBSceneSessionManager --> [SCBImms]update prop to callbacks. window:36 prop:[5,true,"#00FFFFFF","#FF000000",false,false] size:6
06-11 09:39:26.979  2704  2704 I A01a00/SYS_UI: [LiveView]LiveCapsuleAnimMgr --> set shadow capsule background color(#4D000000)
06-11 09:39:26.979  2704  2704 I A01b0a/GESTURE: SCBGestureNavBar --> SCBGestureNavBar SystemBarPropertyCallbacks true
06-11 09:39:26.980  2704  2704 I A01a00/SYS_UI: StatusBar-Index --> registerSystemBarPropertyCallbacks, enable: true, enableAnimation:false, scenePanelState: 1
06-11 09:39:26.985  2704  2704 I A04200/WINDOW: SCBSceneSessionManager --> setIsShowStatusBarTemporary 36 false
06-11 09:39:26.989  2704  2704 W A01a00/SYS_UI: StatusBar-Index --> isEnable changed: true, statusBarOpacity is 1, immersive is false, enable animation: false
06-11 09:39:26.989  2704  2704 I A01a00/SYS_UI: StatusBarBackgroundVM --> background color change from #00000000 to #00FFFFFF.
06-11 09:39:26.990  2704  2704 W A01a00/SYS_UI: StatusBarVM --> System bar property change from #FF000000 to #FF000000 #00FFFFFF false
06-11 09:39:26.990  2704  2704 I A01a00/SYS_UI: StatusBarColorManager --> set the desktop cache color: #FF000000
06-11 09:39:26.994  2704  2704 I A01a00/SYS_UI: StatusBarVM --> updateTintContentColor enable true, enableAnimation false contentColor #FF000000
06-11 09:39:26.994  2704  2704 W A01a00/SYS_UI: StatusBarComponent --> onPluginContentColorChange #FF000000
06-11 09:39:26.995  2704  2704 I A04200/WINDOW: SCBSceneSession --> updateNavigationBarProperty in onSessionStateChange to STATE_BACKGROUND FULLSCREEN
06-11 09:39:26.995  2704  2704 I A01b0a/GESTURE: SCBGestureNavBar --> SCBGestureNavBar NavigationBarCallback true
06-11 09:39:26.999  2704  2704 I A01b0a/GESTURE: SCBGestureNavBar --> bundleName is  com.huawei.hmos.inputmethod isDeliver:false
06-11 09:39:26.999  2704  2704 I A04200/WINDOW: SCBSceneSession --> [SCBImms]on session state change, window:38, state:0
06-11 09:39:26.999  2704  2704 I A04200/WINDOW: SCBSceneSession --> [SCBImms]on session state change, window:36, state:2
06-11 09:39:26.999  2704  2704 I A04200/WINDOW: SCBSceneSession --> [SCBImms]update prop in foreground
06-11 09:39:26.999  3600  3600 I A000ff/HMKeyboard_MainAbility: onWindowStageDestroy
06-11 09:39:26.999  2704  2704 I A04200/WINDOW: SCBScreenSessionManager --> registerScreenPropertyChangeCallbacks caller: at onSessionStateChange (SCBSceneSession.ts:1667:1)
06-11 09:39:26.999  2704  2704 I A04200/WINDOW: SCBScreenSessionManager --> recordEventFromScb
06-11 09:39:26.999  3600  3600 I A000ff/HMKeyboard_MainAbility: onDestroy
06-11 09:39:27.000  3600  3600 I A000ff/HMKeyboard_CommonEventHelper: do unsubscribe
06-11 09:39:27.000  2704  2704 I A04200/WINDOW: SCBScreenSessionManager --> registerScreenPropertyChangeCallbacks screenId: 0 true null 22
06-11 09:39:27.000  2704  2704 I A04200/WINDOW: SCBScreenSessionManager --> recordEventFromScb
06-11 09:39:27.000  2704  2704 I A04200/WINDOW: SCBSceneSessionManager --> [SCBImms]update prop, locked:false
06-11 09:39:27.001  2704  2704 I A04200/WINDOW: SCBSceneSessionManager --> [SCBImms]app prop is applied: true
06-11 09:39:27.001  2704  2704 I A04200/WINDOW: SCBSceneSessionManager --> [SCBImms]get app prop:[5,true,"#00FFFFFF","#FF000000",false,false] isSetEnable:false uiType:phone isSetColor:false isLand:false
06-11 09:39:27.001  2704  2704 I A04200/WINDOW: SCBSceneSessionManager --> [SCBImms]isPcOrPcMode: false statusBarStyle:true isSetStatusBarEnable: false
06-11 09:39:27.001  2704  2704 I A04200/WINDOW: SCBSceneSessionManager --> [SCBImms]update prop to callbacks, same as last. window:36 prop:[5,true,"#00FFFFFF","#FF000000",false,false]
06-11 09:39:27.001  2704  2704 I A04200/WINDOW: SCBSceneSession --> updateNavigationBarProperty in onSessionStateChange to STATE_FOREGROUND
06-11 09:39:27.001  2704  2704 I A01b0a/GESTURE: SCBGestureNavBar --> SCBGestureNavBar NavigationBarCallback true
06-11 09:39:27.002  2704  2704 I A01b0a/GESTURE: SCBGestureNavBar --> bundleName is  dev.makepad.makepad_example_native_text_input isDeliver:false
06-11 09:39:27.011  2704  2704 I A04200/WINDOW: SCBSceneSession --> [SCBImms]on session state change, window:36, state:3
06-11 09:39:27.011  2704  2704 I A01a00/SYS_UI: PhoneAppManager --> ability[com.huawei.hmos.inputmethod|MainAbility] state change to 4
06-11 09:39:27.011  2704  2704 I A01a00/SYS_UI: PhoneAppManager --> checkAbilityForegroundChange change: 4, com.huawei.hmos.inputmethod
06-11 09:39:27.012  2704  2704 I A01a00/SYS_UI: PhoneAppManager --> ability[com.huawei.hmos.inputmethod|MainAbility] state change to 5
06-11 09:39:27.019  2704  2704 I A01b0a/GESTURE: SCBGestureDockModel --> appListSize is 0,
06-11 09:39:27.019  2704  2704 I A01b0a/GESTURE:     recent size is 0,
06-11 09:39:27.019  2704  2704 I A01b0a/GESTURE:     dock size is 0}
06-11 09:39:27.019  2704  2704 I A01b0a/GESTURE: SCBGestureDockModel --> addGestureDockRecentPreference
06-11 09:39:27.019  2704  2704 I A01b0a/GESTURE: SCBGestureDockModel --> addGestureDockRecentPreference, bundleName:dev.makepad.makepad_example_native_text_input、appIndex:0.
06-11 09:39:27.019  2704  2704 I A01b0a/GESTURE: SCBGestureDockModel --> onScreenChange,direction is 0
06-11 09:39:27.022  2704  2704 I A01b0a/GESTURE: SCBGestureDockModel --> Index is -1
06-11 09:39:27.022  2704  2704 I A01b01/HOME: AppModel --> currentBundleInfoList length: 5
06-11 09:39:27.026  2704  2704 I A01b0a/GESTURE: SCBGestureDockModel --> recent size is 1
06-11 09:39:27.026  2704  2704 I A01b0a/GESTURE: SCBGestureDockModel --> recentList is [{"appName":"","bundleName":"dev.makepad.makepad_example_native_text_input","appIconId":16777225,"abilityName":"EntryAbility","downloadProgress":0,"appStatus":0,"appIndex":0,"intent":"","appDistributionType":"","visible":true,"borderVisible":false,"shake":0,"oldBundleNames":[],"iconType":"app","editable":true,"appId":"b19c57d0-8be7-41d6-9df3-453569512b34","moduleName":"makepad","keyName":"dev.makepad.makepad_example_native_text_inputEntryAbilitymakepad0","appLabelId":16777219,"applicationLabelId":16777219,"areaType":1,"isUninstallAble":true,"codePath":"/data/app/el1/bundle/public/dev.makepad.makepad_example_native_text_input","row":0,"area":[1,1],"shortcutId":""}]
06-11 09:39:27.045  3600  3600 I A000ff/HMKeyboard_AbilityStage: releaseEfficiencyRes suc
06-11 09:39:27.098  2704  2704 E A01b0a/GESTURE: SCBGestureDockModel --> Failed to hideTextInput: input method not attached. 
06-11 09:39:27.160  2704  2704 I A04200/WINDOW: SCBIMFInputMethodUtil --> activeSubType: [{"name":"中文26键","id":"Input_ZH_26Menu","isCurrent":true},{"name":"中文9键","id":"Input_ZH_9Menu","isCurrent":false},{"name":"中文笔画","id":"Input_ZH_Strokes","isCurrent":false},{"name":"中文手写","id":"Input_ZH_HandWrite","isCurrent":false},{"name":"中文五笔","id":"Input_ZH_Wubi","isCurrent":false},{"name":"中文双拼","id":"Input_ZH_Double","isCurrent":false}]
06-11 09:39:27.161  2704  2704 I A04200/WINDOW: SCBSceneSessionManager --> [SCBFocus]onShiftFocus from id:  0 to id: 36
06-11 09:39:27.161  2704  2704 I A04200/WINDOW: SCBSceneSessionManager --> get session by persistentId: 36
06-11 09:39:27.196  2704  2704 I A04200/WINDOW: SCBIMFInputMethodUtil --> this.activeSubtypes: [{"id":"Input_ZH_26Menu","label":"中文拼音","labelId":150994956,"name":"com.huawei.hmos.inputmethod","mode":"lower","locale":"zh_CN","language":"chinese","icon":"$media:150994969","iconId":150994969},{"id":"Input_ZH_9Menu","label":"中文拼音","labelId":150994956,"name":"com.huawei.hmos.inputmethod","mode":"lower","locale":"zh_CN","language":"chinese","icon":"$media:150994969","iconId":150994969},{"id":"Input_ZH_Strokes","label":"中文拼音","labelId":150994956,"name":"com.huawei.hmos.inputmethod","mode":"lower","locale":"zh_CN","language":"chinese","icon":"$media:150994969","iconId":150994969},{"id":"Input_ZH_HandWrite","label":"中文拼音","labelId":150994956,"name":"com.huawei.hmos.inputmethod","mode":"lower","locale":"zh_CN","language":"chinese","icon":"$media:150994969","iconId":150994969},{"id":"Input_ZH_Wubi","label":"中文五笔","labelId":184553085,"name":"com.huawei.hmos.inputmethod","mode":"wubi","locale":"zh_CN","language":"chinese","icon":"$media:184553087","iconId":184553087},{"id":"Input_ZH_Double","label":"中文双拼","labelId":184553084,"name":"com.huawei.hmos.inputmethod","mode":"double","locale":"zh_CN","language":"chinese","icon":"$media:184553086","iconId":184553086}]
06-11 09:39:27.196  2704  2704 I A0001b/AA: RecentlyUseController --> buildRecentlyUseInfo {"bundleName":"dev.makepad.makepad_example_native_text_input","moduleName":"makepad","abilityName":"EntryAbility","pid":3062,"uid":20020051,"state":2,"abilityType":1,"isAtomicService":false}}
06-11 09:39:27.196  2704  2704 I A01a00/SYS_UI: PhoneAppManager --> ability[dev.makepad.makepad_example_native_text_input|EntryAbility] state change to 2
06-11 09:39:27.319  2781  2781 I A000ff/HMKeyboard_EngineTool: setParameter:{"0":0,"1":1,"2":1,"3":0,"10":0,"11":1,"12":0,"13":1,"15":2,"16":1}
06-11 09:39:27.510  2704  2704 I A01b0d/HICAR: TopAppManager --> COMMON_EVENT_TOP_APP_CHANGE success
06-11 09:39:27.827  2704  2704 I A01b01/HOME: SCBScenePanel --> [SCBMain]sceneContainerAppTransitionChange animation finish. isBackTransition:true, needRemoveSession:false
06-11 09:39:27.828  2704  2704 I A04200/WINDOW: SCBSceneContainerSession --> [SCBScenePanel]set border radius from 36 to 0.       reason: updateToContainerSessionBorderRadius, extra info: dev.makepad.makepad_example_native_text_input/makepad/EntryAbility(persistentId: 36)(containerId: 1)
06-11 09:39:27.828  2704  2704 I A01b00/SCB: AnimateToScheduleUtils --> raiseAnimateToCPUPriority: 1
06-11 09:39:27.828  2704  2704 W A04200/WINDOW: SCBSceneContainerSession --> transitionOutFinish
06-11 09:39:27.829  2704  2704 I A01b00/SCB: AnimateToScheduleUtils --> raiseAnimateToCPUPriority: 1
06-11 09:39:27.829  2704  2704 I A04200/WINDOW: SCBTransitionManager --> cleanTransition ignore
06-11 09:39:27.829  2704  2704 I A04200/WINDOW: SCBSceneContainerSession --> [SCBSceneContainerSession]set translateX from 396.9230769230769 to 0.       reason: init, extra info: com.huawei.hmos.inputmethod/default/MainAbility(persistentId: 38)(containerId: 2)
06-11 09:39:27.830  2704  2704 I A04200/WINDOW: SCBSceneContainerSession --> [SCBSceneContainerSession]set border radius from 36 to 36.       reason: init, extra info: com.huawei.hmos.inputmethod/default/MainAbility(persistentId: 38)(containerId: 2)
06-11 09:39:27.830  2704  2704 I A04200/WINDOW: SCBSceneContainerSession --> set NeedRenderClip clipHeight type of number from 2720 to 2720.
06-11 09:39:27.830  2704  2704 I A04200/WINDOW: SCBSceneContainerSession --> set NeedRenderClip clipWidth type of number from 1260 to 1260.
06-11 09:39:27.831  2704  2704 I A04200/WINDOW: SCBSceneContainerSession --> clearContainerSessionData
06-11 09:39:27.844  2704  2704 I A04200/WINDOW: SCBSceneSession --> unRegisterAll: 38.
06-11 09:39:39.193  2704  2704 I A01a00/SYS_UI: MaintenanceRecord --> Send maintenance event(1), extendType(7), ext: [{"bundleName":"com.ohos.mms","desc":"Enable AppLiveView for com.ohos.mms error: Error: The specified bundle name was not found","stack":"Cannot get SourceMap info, dump raw stack:\n=====================Backtrace========================\n#00 pc 000000000073684c /system/lib64/platformsdk/libark_jsruntime.so\n#01 pc 0000000000736d60 /system/lib64/platformsdk/libark_jsruntime.so\n#02 pc 000000000032fa04 /system/lib64/platformsdk/libark_jsruntime.so\n#03 pc 00000000001b7f4c /system/lib64/platformsdk/libark_jsruntime.so\n#04 pc 00000000001b78f4 /system/lib64/platformsdk/libark_jsruntime.so\n#05 pc 000000000024e088 /system/lib64/platformsdk/libark_jsruntime.so\n#06 pc 000000000060a764 /system/lib64/platformsdk/libark_jsruntime.so\n#07 pc 00000000005d44c4 /system/lib64/platformsdk/libark_jsruntime.so\n#08 pc 0000000000053630 /system/lib64/platformsdk/libace_napi.z.so\n#09 pc 0000000000059fd4 /system/lib64/module/libnotificationmanager.z.so\n#10 pc 000000000005a61c /system/lib64/module/libnotificationmanager.z.so\n#11 pc 000000000005aac4 /system/lib64/module/libnotificationmanager.z.so\n#12 pc 0000000000079054 /system/lib64/module/libnotificationmanager.z.so\n#13 pc 0000000000061b28 /system/lib64/platformsdk/libace_napi.z.so\n#14 pc 0000000000011ca0 /system/lib64/platformsdk/libuv.so\n#15 pc 0000000000015a50 /system/lib64/platformsdk/libuv.so","errorCodes":[4061]}]
06-11 09:39:39.219  2704  2704 I A01a00/SYS_UI: MaintenanceRecord --> Send maintenance event to push success
06-11 09:39:39.331  4418  4418 I A00500/SettingsData: DataAbilityStage onCreate
06-11 09:39:39.351  4418  4418 I A00500/SettingsData: Area 0
06-11 09:39:39.351  4418  4418 I A00500/SettingsData: onInitialize start
06-11 09:39:39.351  4418  4418 I A00500/SettingsData: call initRdbStore start
06-11 09:39:39.352  4418  4418 I A00500/SettingsData: onInitialize end
06-11 09:39:39.359  4418  4418 I A00500/SettingsData: get userID from uri: datashare:///com.ohos.settingsdata/entry/settingsdata/SETTINGSDATA?Proxy=true&key=basic_statement_agreed
06-11 09:39:39.360  4418  4418 I A00500/SettingsData: rPos 67
06-11 09:39:39.360  4418  4418 I A00500/SettingsData: lPos 63
06-11 09:39:39.360  4418  4418 I A00500/SettingsData: userID substring: ATA
06-11 09:39:39.360  4418  4418 I A00500/SettingsData: getUserIDFromUri: user ID: 100
06-11 09:39:39.360  4418  4418 I A00500/SettingsData: current maxuserno is: 100
06-11 09:39:39.360  4418  4418 I A00500/SettingsData: query start uri:datashare:///com.ohos.settingsdata/entry/settingsdata/SETTINGSDATA?Proxy=true&key=basic_statement_agreed with userID: 100 , callback is: function AsyncCallback() { [native code] }
06-11 09:39:39.360  4418  4418 I A00500/SettingsData: query request
06-11 09:39:39.360  4418  4418 E A00500/SettingsData: DB not ready request = datashare:///com.ohos.settingsdata/entry/settingsdata/SETTINGSDATA?Proxy=true&key=basic_statement_agreed , retry after DB startup
06-11 09:39:39.365  4418  4418 I A00500/SettingsData: get rdbStore success, rdbstore: 0
06-11 09:39:39.365  4418  4418 I A00500/SettingsData: rdbStore [object Object]
06-11 09:39:39.365  4418  4418 I A00500/SettingsData: firstStartupConfig start
06-11 09:39:39.369  4418  4418 I A00500/SettingsData: firstStartupConfig isFirstStartUp = false max user no: 100
06-11 09:39:39.370  4418  4418 I A00500/SettingsData: firstStartupConfig end
06-11 09:39:39.370  4418  4418 I A00500/SettingsData: call initRdbStore end
06-11 09:39:39.370  4418  4418 I A00500/SettingsData: start load ccm json file
06-11 09:39:39.370  4418  4418 I A00500/SettingsData: WakeUpDataMigrate start doWakeUpMigrate
06-11 09:39:39.370  4418  4418 I A00500/SettingsData: WakeUpDataMigrate srcPath: false dstPath: false
06-11 09:39:39.370  4418  4418 I A00500/SettingsData: WakeUpDataMigrate srcfile is null or dstfile not null
06-11 09:39:39.371  4418  4418 I A00500/SettingsData: ccm json file read success
06-11 09:39:39.372  4418  4418 I A00500/SettingsData: KeyMap:power_saving_on  -  settings.push.sleep_notification_enable
06-11 09:39:39.372  4418  4418 I A00500/SettingsData: KeyMap:swing_quick_pay  -  quick_pay_open_switch
06-11 09:39:39.372  4418  4418 I A00500/SettingsData: KeyMap:swing_scan_code  -  scan_code_open_switch
06-11 09:39:39.372  4418  4418 I A00500/SettingsData: KeyMap:enable_annoy_card_1  -  spamshield_sim1_phone_switch_ring_once
06-11 09:39:39.372  4418  4418 I A00500/SettingsData: KeyMap:enable_annoy_card_2  -  spamshield_sim2_phone_switch_ring_once
06-11 09:39:39.372  4418  4418 I A00500/SettingsData: KeyMap:airplane_mode_on  -  settings.telephony.airplanemode
06-11 09:39:39.372  4418  4418 I A00500/SettingsData: KeyMap:sle_on  -  nearlink_switch_enable
06-11 09:39:39.372  4418  4418 I A00500/SettingsData: KeyMap:location_mode  -  location_switch_enable
06-11 09:39:39.372  4418  4418 I A00500/SettingsData: KeyMap:accelerometer_rotation  -  settings.general.accelerometer_rotation_status
06-11 09:39:39.372  4418  4418 I A00500/SettingsData: KeyMap:screen_brightness_mode  -  settings.display.auto_screen_brightness
06-11 09:39:39.372  4418  4418 I A00500/SettingsData: KeyMap:screen_brightness  -  settings.display.screen_brightness_status
06-11 09:39:39.372  4418  4418 I A00500/SettingsData: KeyMap:screen_off_timeout  -  settings.display.screen_off_timeout
06-11 09:39:39.372  4418  4418 I A00500/SettingsData: KeyMap:time_12_24  -  settings.date.time_format
06-11 09:39:39.372  4418  4418 I A00500/SettingsData: KeyMap:parentcontrol_screentime_status  -  parent_control_switch
06-11 09:39:39.372  4418  4418 I A00500/SettingsData: KeyMap:parentcontrol_controlmode_status  -  parentcontrol_controlmode_status
06-11 09:39:39.372  4418  4418 I A00500/SettingsData: KeyMap:unified_default_device_name  -  settings.general.device_name
06-11 09:39:39.372  4418  4418 I A00500/SettingsData: KeyMap:unified_device_name  -  settings.general.user_defined_device_name
06-11 09:39:39.372  4418  4418 I A00500/SettingsData: KeyMap:unified_display_device_name  -  settings.general.display_device_name
06-11 09:39:39.372  4418  4418 I A00500/SettingsData: KeyMap:auto_time_zone  -  auto_timezone
06-11 09:39:39.372  4418  4418 I A00500/SettingsData: KeyMap:status_bar_pure_display_enabled  -  status_bar_pure_show
06-11 09:39:39.372  4418  4418 I A00500/SettingsData: KeyMap:show_network_speed_enabled  -  status_bar_show_real_time_network_speed
06-11 09:39:39.372  4418  4418 I A00500/SettingsData: KeyMap:notification_way_switch  -  status_bar_show_notification_icon
06-11 09:39:39.372  4418  4418 I A00500/SettingsData: KeyMap:lock_screen_allow_private_notifications  -  app_ntf_config_hide_content
06-11 09:39:39.372  4418  4418 I A00500/SettingsData: KeyMap:wakeup_when_receive_notification  -  app_ntf_config_screen_on
06-11 09:39:39.372  4418  4418 I A00500/SettingsData: KeyMap:hw_system_night_upgrade_switch  -  night_upgrade_switch
06-11 09:39:39.372  4418  4418 I A00500/SettingsData: KeyMap:hw_system_update_auto_download  -  wlan_auto_download_switch
06-11 09:39:39.372  4418  4418 I A00500/SettingsData: KeyMap:default_simcard_slotid  -  is_voice_card
06-11 09:39:39.372  4418  4418 I A00500/SettingsData: KeyMap:user_experience_involved  -  hiview_ue_switch_tmp
06-11 09:39:39.372  4418  4418 I A00500/SettingsData: KeyMap:call_log_merge_type  -  settings.telephony.calllogmergetype
06-11 09:39:39.372  4418  4418 I A00500/SettingsData: KeyMap:oobe_statement_agreed  -  basic_statement_agreed
06-11 09:39:39.372  4418  4418 I A00500/SettingsData: KeyMap:elder_care_switch  -  accessibility_elder_care_switch_enabled
06-11 09:39:39.372  4418  4418 I A00500/SettingsData: KeyMap:persist.sys.easyflag  -  settings.power.wakeup_double_click
06-11 09:39:39.372  4418  4418 I A00500/SettingsData: KeyMap:low_resolution_switch  -  settings.display.resolution_smart_switch
06-11 09:39:39.372  4418  4418 I A00500/SettingsData: KeyMap:SmartModeStatus  -  settings.power.smart_mode_status
06-11 09:39:39.372  4418  4418 I A00500/SettingsData: KeyMap:battery_percent_switch  -  status_bar_show_battery_soc
06-11 09:39:39.372  4418  4418 I A00500/SettingsData: KeyMap:app_ntf_config_hide_content  -  app_ntf_config_hide_banner_content
06-11 09:39:39.372  4418  4418 I A00500/SettingsData: KeyMap:mode_ringer  -  ringer_mode
06-11 09:39:39.372  4418  4418 I A00500/SettingsData: KeyMap:volume_alarm  -  alarm_volume
06-11 09:39:39.372  4418  4418 I A00500/SettingsData: KeyMap:volume_alarm_speaker  -  alarm_volume_builtin
06-11 09:39:39.372  4418  4418 I A00500/SettingsData: KeyMap:volume_music  -  music_volume
06-11 09:39:39.372  4418  4418 I A00500/SettingsData: KeyMap:volume_music_speaker  -  music_volume_builtin
06-11 09:39:39.372  4418  4418 I A00500/SettingsData: KeyMap:volume_music_bt_a2dp  -  music_volume_wireless
06-11 09:39:39.372  4418  4418 I A00500/SettingsData: KeyMap:volume_music_usb_device  -  music_volume_wired
06-11 09:39:39.372  4418  4418 I A00500/SettingsData: KeyMap:volume_notification  -  notification_volume_builtin
06-11 09:39:39.372  4418  4418 I A00500/SettingsData: KeyMap:volume_ring  -  ring_volume
06-11 09:39:39.372  4418  4418 I A00500/SettingsData: KeyMap:volume_ring_bt_a2dp  -  ring_volume_wireless
06-11 09:39:39.372  4418  4418 I A00500/SettingsData: KeyMap:volume_ring_usb_device  -  ring_volume_wired
06-11 09:39:39.372  4418  4418 I A00500/SettingsData: KeyMap:volume_ring_speaker  -  ring_volume_builtin
06-11 09:39:39.372  4418  4418 I A00500/SettingsData: KeyMap:volume_system  -  system_volume
06-11 09:39:39.372  4418  4418 I A00500/SettingsData: KeyMap:volume_voice  -  voice_call_volume
06-11 09:39:39.372  4418  4418 I A00500/SettingsData: KeyMap:volume_voice_earpiece  -  voice_call_volume_builtin
06-11 09:39:39.372  4418  4418 I A00500/SettingsData: KeyMap:volume_voice_bt_a2dp  -  voice_call_volume_wireless
06-11 09:39:39.372  4418  4418 I A00500/SettingsData: KeyMap:volume_voice_usb_device  -  voice_call_volume_wired
06-11 09:39:39.372  4418  4418 I A00500/SettingsData: KeyMap:volume_tts  -  voice_assistant_volume_builtin
06-11 09:39:39.372  4418  4418 I A00500/SettingsData: KeyMap:volume_tts_bt_a2dp  -  voice_assistant_volume_wireless
06-11 09:39:39.372  4418  4418 I A00500/SettingsData: KeyMap:volume_tts_usb_device  -  voice_assistant_volume_wired
06-11 09:39:39.372  4418  4418 I A00500/SettingsData: KeyMap:haptic_feedback_enabled  -  physic_navi_haptic_feedback_enabled
06-11 09:39:39.372  4418  4418 I A00500/SettingsData: KeyMap:hw_screen_freq  -  settings.display.hw_screen_freq
06-11 09:39:39.372  4418  4418 I A00500/SettingsData: KeyMap:screen_lock_fingerprint_unlock_protection_db  -  key_fp_unlock_protection_for_screen_lock
06-11 09:39:39.372  4418  4418 I A00500/SettingsData: KeyMap:setting_distributed_pasteboard_switch  -  distributed_pasteboard_switch
06-11 09:39:39.372  4418  4418 I A00500/SettingsData: KeyMap:nfc_payment_default_component  -  nfc_payment_default_app
06-11 09:39:39.372  4418  4418 I A00500/SettingsData: KeyMap:play_camera_sound  -  always_play_screenshot_sound
06-11 09:39:39.372  4418  4418 I A00500/SettingsData: KeyMap:accessibility_shortcut_dialog_shown  -  accessibility_shortcut_timeout
06-11 09:39:39.372  4418  4418 I A00500/SettingsData: KeyMap:default_input_method  -  default_input_method
06-11 09:39:39.372  4418  4418 I A00500/SettingsData: KeyMap:cover_enabled  -  cover_enabled
06-11 09:39:39.372  4418  4418 I A00500/SettingsData: KeyMap:cover_type  -  cover_type
06-11 09:39:39.372  4418  4418 I A00500/SettingsData: KeyMap:hw_gnss_high_accuracy_state  -  loc_hd_gnss_status
06-11 09:39:39.372  4418  4418 I A00500/SettingsData: KeyMap:hw_ebook_mode_switch  -  settings.display.ebook_switch
06-11 09:39:39.372  4418  4418 I A00500/SettingsData: KeyMap:hw_ebook_mode_value  -  settings.display.ebook_mode
06-11 09:39:39.372  4418  4418 I A00500/SettingsData: KeyMap:eyes_protection_mode  -  settings.eyeshield.enable
06-11 09:39:39.372  4418  4418 I A00500/SettingsData: KeyMap:eye_comfort_schedule_switch  -  settings.display.eye_comfort_mode
06-11 09:39:39.372  4418  4418 I A00500/SettingsData: KeyMap:eye_comfort_starttime  -  settings.display.eye_comfort_starttime
06-11 09:39:39.372  4418  4418 I A00500/SettingsData: KeyMap:eye_comfort_endtime  -  settings.display.eye_comfort_endtime
06-11 09:39:39.372  4418  4418 I A00500/SettingsData: KeyMap:wallpaperAodDisplay  -  wallpaperAodDisplay
06-11 09:39:39.372  4418  4418 I A00500/SettingsData: KeyMap:color_mode_switch  -  settings.color_mode
06-11 09:39:39.372  4418  4418 I A00500/SettingsData: KeyMap:color_temperature_mode  -  settings.color_temperature
06-11 09:39:39.372  4418  4418 I A00500/SettingsData: KeyMap:color_temperature_pos  -  settings.color_temperature_coordinate
06-11 09:39:39.372  4418  4418 I A00500/SettingsData: KeyMap:hw_natural_tone_display_switch  -  settings.hw_natural_tone_display_switch
06-11 09:39:39.372  4418  4418 I A00500/SettingsData: KeyMap:hw_dc_brightness_dimming_switch  -  settings.display.eye_dc_brightness_switch
06-11 09:39:39.372  4418  4418 I A00500/SettingsData: KeyMap:user_set_warm  -  settings.display.eye_comfort_level
06-11 09:39:39.372  4418  4418 I A00500/SettingsData: KeyMap:hdr_image_display  -  settings.display.hdr_picture_switch
06-11 09:39:39.372  4418  4418 I A00500/SettingsData: KeyMap:smart_backlight_enable  -  settings.display.natural_light_switch
06-11 09:39:39.372  4418  4418 I A00500/SettingsData: KeyMap:multi_win_interact  -  multi_dock_status
06-11 09:39:39.372  4418  4418 I A00500/SettingsData: KeyMap:default_input_method  -  default_input_method
06-11 09:39:39.372  4418  4418 I A00500/SettingsData: KeyMap:VOICE_AIVOICE_ENABLE_FLAG  -  ai_voice_noise_suppression_flag
06-11 09:39:39.372  4418  4418 I A00500/SettingsData: KeyMap:AIVOICE_POPUP_TIMES  -  ai_voice_banner_noitication_popup_times
06-11 09:39:39.372  4418  4418 I A00500/SettingsData: KeyMap:ui_night_mode  -  settings.uiappearance.darkmode_mode
06-11 09:39:39.372  4418  4418 I A00500/SettingsData: KeyMap:com.android.settings.development.stereo_enhancement_disabled  -  settings.developer.stereo_enhancement
06-11 09:39:39.372  4418  4418 I A00500/SettingsData: KeyMap:undefined  -  undefined
06-11 09:39:39.372  4418  4418 I A00500/SettingsData: dump map: doSystemMigrate migrateKeyMap:  with size: 214
06-11 09:39:39.372  4418  4418 I A00500/SettingsData: myMap.size > 0 dump map: doSystemMigrate migrateKeyMap:  with size: 214
06-11 09:39:39.372  4418  4418 I A00500/SettingsData: start load ccm json file
06-11 09:39:39.373  4418  4418 I A00500/SettingsData: ccm json file read success
06-11 09:39:39.373  4418  4418 I A00500/SettingsData: dump map: doSystemMigrate targetsTableMap:  with size: 206
06-11 09:39:39.373  4418  4418 I A00500/SettingsData: myMap.size > 0 dump map: doSystemMigrate targetsTableMap:  with size: 206
06-11 09:39:39.373  4418  4418 I A00500/SettingsData: doSystemMigrate start... 
06-11 09:39:39.374  4418  4418 I A00000/ABX_CONVERTER: abx2Xml start
06-11 09:39:39.374  4418  4418 I A00000/ABX_CONVERTER: src value is /data/migrate/settings_global.xml , dest value is /data/storage/el1/database/settings_global.xml
06-11 09:39:39.374  4418  4418 I A00000/ABX_CONVERTER: convert result is  -1
06-11 09:39:39.374  4418  4418 E A00500/SettingsData: decoder failure: /data/migrate/settings_global.xml , error code:-1
06-11 09:39:39.374  4418  4418 E A00500/SettingsData: readText failed:No such file or directory, error code:13900002
06-11 09:39:39.374  4418  4418 I A00500/SettingsData: doSystemMigrate end - no need!
06-11 09:39:39.374  4418  4418 I A00500/SettingsData: userLeft : 0
06-11 09:39:39.374  4418  4418 I A00500/SettingsData: current maxuserno is: 100
06-11 09:39:39.374  4418  4418 I A00500/SettingsData: loadDefaultSettingsData exists
06-11 09:39:39.374  4418  4418 I A00500/SettingsData: checkAndDoDBVersionUpgrade start 
06-11 09:39:39.376  4418  4418 I A00500/SettingsData: query result:1
06-11 09:39:39.377  4418  4418 I A00500/SettingsData: DB version 6 <==> 6 is latest
06-11 09:39:39.378  4418  4418 I A00500/SettingsData: SilentProxy processInitialRequests enable success
06-11 09:39:39.378  4418  4418 I A00500/SettingsData: processInitialRequests
06-11 09:39:39.378  4418  4418 I A00500/SettingsData: onInitialized query start with uri: datashare:///com.ohos.settingsdata/entry/settingsdata/SETTINGSDATA?Proxy=true&key=basic_statement_agreed
06-11 09:39:39.378  4418  4418 I A00500/SettingsData: query result from datashare: empty! DB state: 3
06-11 09:40:00.057  2704  2704 I A01b00/SCB: CommonEventManagerA --> handleCommonEventCallback post inner event:usual.event.TIME_TICK
06-11 09:40:00.070  2704  2704 W A01b01/HOME: AppIconCalendarCache --> data changed to update calendar icon.
06-11 09:40:00.074  2704  2704 W A01b01/HOME: AppIconCalendarCache --> init calendar item: undefined undefined
06-11 09:40:00.074  2704  2704 W A01b01/HOME: AppIconCalendarCache --> com.huawei.hmos.calendar is not dynamic icon, bundleName is undefined
06-11 09:40:00.075  2704  2704 E A01b01/HOME: AppIconCalendarCache --> not init calendar builder or backgroundImage is null
06-11 09:40:09.195  2704  2704 I A01a00/SYS_UI: MaintenanceRecord --> Send maintenance event(1), extendType(7), ext: [{"bundleName":"com.huawei.hmos.migrateclient","desc":"Enable AppLiveView for com.huawei.hmos.migrateclient error: Error: The specified bundle name was not found","stack":"Cannot get SourceMap info, dump raw stack:\n=====================Backtrace========================\n#00 pc 000000000073684c /system/lib64/platformsdk/libark_jsruntime.so\n#01 pc 0000000000736d60 /system/lib64/platformsdk/libark_jsruntime.so\n#02 pc 000000000032fa04 /system/lib64/platformsdk/libark_jsruntime.so\n#03 pc 00000000001b7f4c /system/lib64/platformsdk/libark_jsruntime.so\n#04 pc 00000000001b78f4 /system/lib64/platformsdk/libark_jsruntime.so\n#05 pc 000000000024e088 /system/lib64/platformsdk/libark_jsruntime.so\n#06 pc 000000000060a764 /system/lib64/platformsdk/libark_jsruntime.so\n#07 pc 00000000005d44c4 /system/lib64/platformsdk/libark_jsruntime.so\n#08 pc 0000000000053630 /system/lib64/platformsdk/libace_napi.z.so\n#09 pc 0000000000059fd4 /system/lib64/module/libnotificationmanager.z.so\n#10 pc 000000000005a61c /system/lib64/module/libnotificationmanager.z.so\n#11 pc 000000000005aac4 /system/lib64/module/libnotificationmanager.z.so\n#12 pc 0000000000079054 /system/lib64/module/libnotificationmanager.z.so\n#13 pc 0000000000061b28 /system/lib64/platformsdk/libace_napi.z.so\n#14 pc 0000000000011ca0 /system/lib64/platformsdk/libuv.so\n#15 pc 0000000000015a50 /system/lib64/platformsdk/libuv.so","errorCodes":[4061]}]
06-11 09:40:09.199  2704  2704 I A01a00/SYS_UI: MaintenanceRecord --> Send maintenance event to push success
06-11 09:40:09.803  2704  2704 I A04200/WINDOW: SCBSceneSessionManager --> request top! persistentId: 36
06-11 09:40:09.805  2704  2704 I A01b01/HOME: SCBScenePanel --> onRaiseSceneToTop with persistentId:36
06-11 09:40:09.807  2704  2704 I A01b01/HOME: SCBScenePanel --> getContainerSessionByPersistentIdOrContainerId persistentId 36 containerId undefined
06-11 09:40:09.809  2704  2704 I A01b01/HOME: SCBScenePanel --> getSceneContainerSessionWithPersistentId with session id: 36
06-11 09:40:09.810  2704  2704 I A01b01/HOME: SCBScenePanel --> getSceneContainerSessionWithPersistentId from containerSessionList id: 36
06-11 09:40:09.810  2704  2704 I A04200/WINDOW: SCBSceneContainerSession --> updateLastUsedTimestamp primarySession id:36, secondarySession id:
06-11 09:40:09.810  2704  2704 I A04200/WINDOW: SCBScenePanelManager --> Remove scene container session, id: 1
06-11 09:40:09.811  2704  2704 I A04200/WINDOW: SCBScenePanelManager --> raiseFloatingSceneToTop with null  containerSession
06-11 09:40:09.811  2704  2704 E A04200/WINDOW: SCBSceneSessionManager --> No scene func: 25 has registered!
06-11 09:40:09.811  2704  2704 I A04200/WINDOW: SCBSceneSessionManager --> requestFocus id : 36, byForeground：true, reason: 1
06-11 09:40:09.830  2704  2704 I A04200/WINDOW: SCBSceneSessionManager --> get session by persistentId: 36
06-11 09:40:09.914  2781  2781 I A000ff/HMKeyboard_KeyboardController: input pattern changed to: -1, isWallpaperDark:true, fbe? false
06-11 09:40:09.915  2781  2781 I A000ff/HMKeyboard_ScreenUtils: isScreedLocked: false
06-11 09:40:09.917  2781  2781 I A000ff/HMKeyboard_KeyboardController: processInputTypeWithEditorAttribute. oldEditorAttribute equals newEditorAttribute. so ignore
06-11 09:40:09.919  2781  2781 I A000ff/HMKeyboard_EnterSendMsgManager: isEnterMsgOpen is same as the last time, ignore.
06-11 09:40:09.919  2781  2781 I A000ff/HMKeyboard_CeliaWriteHelper: CeliaWriteInputHelper onEditorAttributeChanged 
06-11 09:40:09.919  2781  2781 I A000ff/HMKeyboard_IMEAbilityEventRegis: onInputStart
06-11 09:40:09.919  2781  2781 I A000ff/HMKeyboard_EditAttributeCache: EditAttributeCache onInputStart
06-11 09:40:09.920  2781  2781 I A000ff/HMKeyboard_InputManager: inputManager reset
06-11 09:40:09.921  2781  2781 I A000ff/HMKeyboard_TradZhInputHelper: isZYMainKeyboard subtypeId: Input_ZH_26Menu
06-11 09:40:09.921  2781  2781 I A000ff/HMKeyboard_InputManager: reset return isInitState
06-11 09:40:09.921  2781  2781 I A000ff/HMKeyboard_KeyboardController: processInputType, [object Object]
06-11 09:40:09.921  2781  2781 I A000ff/HMKeyboard_KeyboardController: this.inputPattern:-1, inputPattern:-1, enterKeyType:6
06-11 09:40:09.921  2781  2781 I A000ff/HMKeyboard_InputManager: EnInputManager onInputStart
06-11 09:40:09.922  2781  2781 I A000ff/HMKeyboard_InputManager: inputManager reset
06-11 09:40:09.922  2781  2781 I A000ff/HMKeyboard_TradZhInputHelper: isZYMainKeyboard subtypeId: Input_ZH_26Menu
06-11 09:40:09.922  2781  2781 I A000ff/HMKeyboard_InputManager: reset return isInitState
06-11 09:40:09.922  2781  2781 I A000ff/HMKeyboard_ZhInputConnection: set new client: object, support preview? true
06-11 09:40:09.922  2781  2781 I A000ff/HMKeyboard_EnInputHelper: en onInputStart
06-11 09:40:09.922  2781  2781 I A000ff/HMKeyboard_EnInputHelper: initCursorPosition Start. forceReInit = true
06-11 09:40:09.922  2781  2781 I A000ff/HMKeyboard_EnInputConnection: getForward, range= 51
06-11 09:40:09.923  2781  2781 I A000ff/HMKeyboard_EnInputConnection: set new client: object, support preview? true
06-11 09:40:09.924  2781  2781 I A000ff/HMKeyboard_KBDDelegateEventRegi: onCursorContextChange ignore:no value changed
06-11 09:40:09.924  2781  2781 I A000ff/HMKeyboard_KBDDelegateEventRegi: onSelectionChange, ob: -1, oe: -1, nb: 0, ne: 0
06-11 09:40:09.924  2781  2781 I A000ff/HMKeyboard_KeyboardModeManager: isHandWriteOnKbd isInputStatus false
06-11 09:40:09.925  2704  2704 I A01b00/SCB: SCBKeyboardManager --> oriCallingId: 0, newCallingId: 36
06-11 09:40:09.926  2704  2704 I A04200/WINDOW: SCBSceneSessionManager --> get session by persistentId: 36
06-11 09:40:09.926  2704  2704 I A01b00/SCB: SCBKeyboardManager --> keyboard is not foreground, not need modify keyboard layer.
06-11 09:40:09.928  2781  2781 I A000ff/HMKeyboard_EnterSendMsgManager: isEnterMsgOpen is same as the last time, ignore.
06-11 09:40:09.928  2704  2704 I A01b00/SCB: SCBKeyboardPanelSession --> this.isShowPanel = true, receive panelStatus, isSecurity = false, width = 1260, height = 874, flag =0
06-11 09:40:09.940  2781  2781 I A000ff/HMKeyboard_EngineTool: setAppAttributesAndSandBoxPath call.
06-11 09:40:09.945  3062  3383 I A03d00/makepad-ohos: [I] examples/native_text_input/src/main.rs:452:12 - NativeTextInput smoke: focus action received
06-11 09:40:09.946  2781  2841 I A000ff/HMKeyboard_EngineWorker: setAppAttributesAndSandBoxPath
06-11 09:40:09.957  2781  2781 W A000ff/HMKeyboard_IMEAbilityEventRegis: onKeyboardShow, verion:1.0.16.402, pss:undefined, native:undefined
06-11 09:40:09.958  2781  2781 I A000ff/HMKeyboard_KeyboardController: KeyboardController onKeyboardShow
06-11 09:40:09.960  2704  2704 I A04200/WINDOW: SCBKeyboardSession --> needNotifyUI: false, curKeyboardState: 1, callbackSize:3
06-11 09:40:09.988  2704  2704 I A01b00/SCB: SCBKeyboardPanelManager --> screenProperty.rotation: 0,keyboardPanelSession.isLandscape: false
06-11 09:40:09.989  2704  2704 I A01b00/SCB: SCBKeyboardManager --> updateRectForFingerPrint, raiseOffset0, panelRect: [0, 1700, 1260, 1020], rectRaised: [0, 1700, 1260, 1020]
06-11 09:40:09.989  2704  2704 I A01b00/SCB: SCBKeyboardPanelManager --> hotAreaKey: fixdefaultportrait
06-11 09:40:09.989  2704  2704 I A01b00/SCB: SCBKeyboardPanelManager --> this.hotAreaInfo.left: 0,this.hotAreaInfo.right: 0,this.hotAreaInfo.bottom: 45,panelRealHeight: 1020
06-11 09:40:09.990  2781  2781 I A000ff/HMKeyboard_KeyboardController: keyboardHideState -> true
06-11 09:40:09.990  2781  2781 I A000ff/HMKeyboard_KeyboardController: tryShowWindow. force: false, isCeliaKeyboard -> true
06-11 09:40:09.990  2704  2704 I A01b00/SCB: SCBKeyboardPanelManager --> updateKeyboardAndPanelRect, keyboardRequestRect: [0, 1846, 1260, 874], keyboardRect: [0, 1700, 1260, 874], panelRect: [0, 1700, 1260, 1020], rectForFingerprint: [0, 1700, 1260, 1020], isFloat: false, isFoldable: false
06-11 09:40:09.991  2781  2781 I A000ff/HMKeyboard_ClipboardManager: checkIfNeedCutData: capacity(100) this.clipDataList(1)
06-11 09:40:09.991  2781  2781 I A000ff/HMKeyboard_PrivateCommandManage: sendPrivateCommand: {"sys_cmd":1,"toolbarPaddingLeft":0,"toolbarPaddingRight":0}
06-11 09:40:09.991  2781  2781 I A000ff/HMKeyboard_PrivateCommandManage: sendPrivateCommand: {"sys_cmd":1,"patternOption":0}
06-11 09:40:09.991  2704  2704 I A04200/WINDOW: SCBKeyboardSession --> [SCBLayout] RectChangeCallback is not registered, id: 3, reason: 0, rect: [0, 1846, 1260, 874], currRect: [0, 1700, 1260, 874]
06-11 09:40:09.991  2781  2781 I A000ff/HMKeyboard_KeyboardController: isKeyboardWindowShowing: false
06-11 09:40:09.991  2781  2781 W A000ff/HMKeyboard_AudioAndHapticFeedba: asyncPreloadSound. currentThemeVolume <= 0. so ignore.
06-11 09:40:09.991  2781  2781 I A000ff/HMKeyboard_KbdHwIdManager: no login, ignore
06-11 09:40:09.991  2781  2781 I A000ff/HMKeyboard_KeyboardController: checkPrivacyChangeStatus
06-11 09:40:09.991  2781  2781 I A000ff/HMKeyboard_PrivacyStatementUtil: checkPrivacyChangeStatus
06-11 09:40:09.992  2781  2781 I A000ff/HMKeyboard_HiAnalyticsCollector: panelId is a39e0c42-9076-4d33-9567-500390e3ed4f
06-11 09:40:09.992  2704  2704 I A04200/WINDOW: SCBKeyboardSession --> id:3 updateSizeChangeReason:0
06-11 09:40:09.992  2781  2781 I A000ff/HMKeyboard_InputPanel: setPrivacyMode: false
06-11 09:40:09.993  2781  2781 I A000ff/HMKeyboard_TradZhInputHelper: isZYMainKeyboard subtypeId: Input_ZH_26Menu
06-11 09:40:09.993  2704  2704 I A04200/WINDOW: SCBInputMethodHelper --> rect change callback, hasAvoidInputMethod: false
06-11 09:40:09.993  2704  2704 I A04200/WINDOW: SCBSceneSessionManager --> not find in virtual screen, window id is : 36
06-11 09:40:09.994  2704  2704 I A04200/WINDOW: SCBKeyboardSession --> notifyKeyboardStateChange, state is: 2, callingScreenId is: 0,
06-11 09:40:09.994  2704  2704 I A04200/WINDOW:       mainScreenId is: 0
06-11 09:40:09.994  2704  2704 I A04200/WINDOW: SCBKeyboardSession --> onSessionStateChange, id: 3, state: 2
06-11 09:40:09.994  2704  2704 W A04200/WINDOW: SCBSystemSceneSession --> SCBKeyboardPanel sessionChangeCallback is null 
06-11 09:40:09.996  2781  2781 I A000ff/HMKeyboard_pages_index: isHandWriteOnKbdOpen false, isInHandWriting false
06-11 09:40:09.996  2781  2781 I A000ff/HMKeyboard_pages_index: onPageShow
06-11 09:40:09.997  2704  2704 I A04200/WINDOW: SCBIMFKeyboardPanel --> dialog change , isShowDialog = false
06-11 09:40:09.999  2704  2704 I A04200/WINDOW: SCBSceneContainerSession --> [SCBKeyboard] scene session, persistentId: 36
06-11 09:40:09.999  2704  2704 I A04200/WINDOW: SCBKeyboardSession --> callingSessionId: 36, old isKeyboardEnableShow: false, new isKeyboardEnableShow: true
06-11 09:40:09.999  2704  2704 I A04200/WINDOW: SCBScene --> [SCBKeyboard] id: 36, update keyboard offSet: 0
06-11 09:40:09.999  2704  2704 I A01b00/SCB: SCBKeyboardManager --> onKeyboardStateChange, persistentId: 3, callingSessionId: 36, sessionState: 2
06-11 09:40:09.999  2704  2704 I A01b00/SCB: SCBKeyboardManager --> updateKeyboardState typeof SCBSceneSession
06-11 09:40:09.999  2704  2704 I A01b00/SCB: SCBKeyboardManager --> getKeyboardState, isScreenLocked: false, showBelowKeyguard: true, specificPanel: undefined, type: 1
06-11 09:40:10.000  2704  2704 I A04200/WINDOW: SCBSceneContainerSession --> [SCBKeyboard] scene session, persistentId: 36
06-11 09:40:10.000  2704  2704 I A01b00/SCB: SCBKeyboardManager --> getKeyboardState, keyboardState: 1
06-11 09:40:10.000  2704  2704 I A01b00/SCB: SCBKeyboardManager --> updateKeyboardContainer, newKeyboardState: 1, curKeyboardState: 1, sessionState: 2, isActive: true
06-11 09:40:10.001  2704  2704 E A0ff00/SEARCH: [HiSearch] --> [SceneCommonUIExtEvents], Proxy is not exist
06-11 09:40:10.001  2704  2704 I A0ff00/SEARCH: [HiSearch] --> [SceneCommonUIExtEvents], sendEvents: keyboardHeight
06-11 09:40:10.001  2704  2704 I A0ff00/SEARCH: [HiSearch] --> HiSearchComponent, keyboardHeight, 1020
06-11 09:40:10.002  2704  2704 I A04200/WINDOW: SCBKeyboardSession --> openKeyboardSyncTransaction id: 3
06-11 09:40:10.002  2704  2704 I A04200/WINDOW: SCBInputMethodHelper --> inputShowCallback isKeyboardShow: true sessionGravity: 1 callingSessionId: 36
06-11 09:40:10.003  2704  2704 I A04200/WINDOW: SCBSplitManager --> ifAvoidInputMethodNeeded false, isSplit: falseisUpDown: true isOneStepSplit: false
06-11 09:40:10.003  2704  2704 W A01b00/SCB: SCBKeyboardManager --> NotifyAnimationSyncCallbacks, callName: 1
06-11 09:40:10.004  2704  2704 W A01b00/SCB: SCBKeyboardManager --> NotifyAnimationSyncCallbacks, callName: 2
06-11 09:40:10.007  2704  2704 I A04200/WINDOW: SCBIMFKeyboardPanel --> disableShow, newState: 1, curState: 2, name: BelowSpecificScene
06-11 09:40:10.007  2704  2704 I A04200/WINDOW: SCBIMFKeyboardPanel --> disableShow, newState: 1, curState: 4, name: AboveSpecificScene
06-11 09:40:10.008  2781  2781 I A000ff/HMKeyboard_InputPanel: onPanelChange isShowing: true, windowName: imeWindow, panelFlag: 0
06-11 09:40:10.008  2704  2704 I A04200/WINDOW: SCBIMFKeyboardPanel --> disableShow, newState: 1, curState: 6, name: AboveFloatContainerScene
06-11 09:40:10.008  2781  2781 I A000ff/HMKeyboard_HttpClientDelegate: clear httpClientReleaseTask: 61
06-11 09:40:10.008  2781  2781 I A000ff/HMKeyboard_EngineTool: doWindowShowTask call.
06-11 09:40:10.008  2781  2781 I A000ff/HMKeyboard_EngineTool: cancel windowHideTaskTimer.
06-11 09:40:10.008  2781  2781 I A000ff/HMKeyboard_ZhEngine: tryToLoadSceneDict
06-11 09:40:10.008  2781  2781 I A000ff/HMKeyboard_DurationUtil: end:{'type': 4, value: 89}
06-11 09:40:10.008  2781  2781 I A000ff/HMKeyboard_DictLoadManager: clone user dict file is not exist
06-11 09:40:10.010  2781  2781 I A000ff/HMKeyboard_InputManager: resetLanguageLayoutAndParams
06-11 09:40:10.010  2781  2781 I A000ff/HMKeyboard_EngineTool: setLanguageAndLayout call.
06-11 09:40:10.010  2781  2841 I A000ff/HMKeyboard_EngineWorker: language:0, layout:1
06-11 09:40:10.010  2781  2841 I A00000/ohos_jni_EngineHelper: SetLanguageAndLayout, language:0, layout:1
06-11 09:40:10.010  2781  2841 I A00000/ohos_jni_PyEngineWrapper: Set Param key:par_param_method value:131329
06-11 09:40:10.011  2781  2841 I A00000/ohos_jni_PyEngineWrapper: Set Param result:0
06-11 09:40:10.012  2781  2841 I A00000/ohos_jni_PyEngineWrapper: Stop pinyin Engine
06-11 09:40:10.015  2704  2704 I A04200/WINDOW: SCBScene --> [SCBKeyboard] persistentId 36 isKeyboardEnableShow change true
06-11 09:40:10.015  2704  2704 I A04200/WINDOW: SCBInputMethodHelper --> [SCBKeyboard] callingSession is scene session, windowId: 36
06-11 09:40:10.015  2704  2704 I A04200/WINDOW: SCBInputMethodHelper --> enableShowInputMethodForSplit false
06-11 09:40:10.016  2704  2704 I A04200/WINDOW: SCBScene --> [SCBKeyboard] callingSession is scene session, callingSessionId: 36
06-11 09:40:10.017  2781  2841 I A00000/ohos_jni_PyEngineWrapper: Stop pinyin Engine result:0 status:0
06-11 09:40:10.017  2781  2841 I A00000/ohos_jni_PyEngineWrapper: Start pinyin Engine
06-11 09:40:10.023  2781  2781 I A000ff/HMKeyboard_InputManager: initEngineParameters
06-11 09:40:10.023  2781  2781 I A000ff/HMKeyboard_InputManager: initEngineParameters normal else
06-11 09:40:10.023  2781  2781 I A000ff/HMKeyboard_SettingService: result=0
06-11 09:40:10.024  2781  2781 I A000ff/HMKeyboard_ZhEngine: tryToLoadSceneDict
06-11 09:40:10.025  2781  2781 I A000ff/HMKeyboard_KeyboardModeManager: normalKbd, width =1260, height=874.25, bottom=0, left=0, right=0
06-11 09:40:10.025  2781  2781 I A000ff/HMKeyboard_EngineTool: unLoadSceneResource call.
06-11 09:40:10.025  2781  2781 I A000ff/HMKeyboard_EngineTool: unLoadSceneResource call.
06-11 09:40:10.025  2781  2781 I A000ff/HMKeyboard_KBDDelegateEventRegi: onCursorContextChange ignore:no value changed
06-11 09:40:10.025  2781  2781 I A000ff/HMKeyboard_EventBus: dispatch: eventID=257
06-11 09:40:10.025  2781  2781 I A000ff/HMKeyboard_pages_index: onShow
06-11 09:40:10.030  2781  2841 I A00000/ohos_jni_PyEngineWrapper: Start pinyin Engine result:0, status:0
06-11 09:40:10.030  2781  2841 I A00000/ohos_jni_PyEngineWrapper: Set Param key:imedec_param_asso_fallback value:0
06-11 09:40:10.030  2781  2841 I A00000/ohos_jni_PyEngineWrapper: Set Param result:0
06-11 09:40:10.030  2781  2841 I A00000/ohos_jni_PyEngineWrapper: Set Param key:resMgr_param_usrdict_add_contact_dedup value:1
06-11 09:40:10.030  2781  2841 I A00000/ohos_jni_PyEngineWrapper: Set Param result:0
06-11 09:40:10.030  2781  2841 I A00000/ohos_jni_PyEngineWrapper: Set Param key:resMgr_param_usrdict_add_contact_dedup_min_len value:4
06-11 09:40:10.030  2781  2841 I A00000/ohos_jni_PyEngineWrapper: Set Param result:0
06-11 09:40:10.031  2781  2841 I A00000/ohos_jni_PyEngineWrapper: Set Param key:resMgr_param_usrdict_add_uncontact_dedup value:1
06-11 09:40:10.031  2781  2841 I A00000/ohos_jni_PyEngineWrapper: Set Param result:0
06-11 09:40:10.031  2781  2841 I A00000/ohos_jni_PyEngineWrapper: Set Param key:resMgr_param_usrdict_add_uncontact_dedup_min_len value:1
06-11 09:40:10.031  2781  2841 I A00000/ohos_jni_PyEngineWrapper: Set Param result:0
06-11 09:40:10.031  2781  2841 I A00000/ohos_jni_PyEngineWrapper: Set Param key:imedec_param_top_n_value value:3
06-11 09:40:10.031  2781  2841 I A00000/ohos_jni_PyEngineWrapper: Set Param result:0
06-11 09:40:10.031  2781  2841 I A00000/ohos_jni_PyEngineWrapper: Set Param key:rlt_param_rnn_top_n value:6
06-11 09:40:10.031  2781  2841 I A00000/ohos_jni_PyEngineWrapper: Set Param result:0
06-11 09:40:10.031  2781  2841 I A00000/ohos_jni_PyEngineWrapper: Set Param key:imedec_param_uncombine_nodes_beam value:200
06-11 09:40:10.031  2781  2841 I A00000/ohos_jni_PyEngineWrapper: Set Param result:0
06-11 09:40:10.031  2781  2841 I A00000/ohos_jni_PyEngineWrapper: Set Param key:par_param_method value:131329
06-11 09:40:10.031  2781  2841 I A00000/ohos_jni_PyEngineWrapper: Set Param result:0
06-11 09:40:10.031  2781  2841 I A00000/ohos_jni_PyEngineWrapper: Stop pinyin Engine
06-11 09:40:10.031  2781  2841 I A00000/ohos_jni_PyEngineWrapper: Stop pinyin Engine result:0 status:0
06-11 09:40:10.031  2781  2841 I A00000/ohos_jni_PyEngineWrapper: Start pinyin Engine
06-11 09:40:10.032  2781  2841 I A00000/ohos_jni_PyEngineWrapper: Start pinyin Engine result:0, status:0
06-11 09:40:10.032  2781  2841 I A00000/ohos_jni_PyEngineWrapper: Set Param key:ipt_param_fuzzypy value:0
06-11 09:40:10.032  2781  2841 I A00000/ohos_jni_PyEngineWrapper: Set Param result:0
06-11 09:40:10.032  2781  2841 I A00000/ohos_jni_ConfigManager: SetChEnMix:1
06-11 09:40:10.032  2781  2841 I A00000/ohos_jni_PyEngineWrapper: Set Param key:par_param_method value:131337
06-11 09:40:10.032  2781  2841 I A00000/ohos_jni_PyEngineWrapper: Set Param result:0
06-11 09:40:10.032  2781  2841 I A00000/ohos_jni_PyEngineWrapper: Stop pinyin Engine
06-11 09:40:10.032  2781  2841 I A00000/ohos_jni_PyEngineWrapper: Stop pinyin Engine result:0 status:0
06-11 09:40:10.032  2781  2841 I A00000/ohos_jni_PyEngineWrapper: Start pinyin Engine
06-11 09:40:10.033  2781  2841 I A00000/ohos_jni_PyEngineWrapper: Start pinyin Engine result:0, status:0
06-11 09:40:10.033  2781  2841 I A00000/ohos_jni_EngineHelper: SetLanguageAndLayout end
06-11 09:40:10.034  2781  2841 I A00000/ohos_jni_EngineHelper: SetParameter key:10, value:0
06-11 09:40:10.034  2781  2841 I A00000/ohos_jni_EngineHelper: SetParameter key:0, value:0
06-11 09:40:10.034  2781  2841 I A00000/ohos_jni_PyEngineWrapper: Set Param key:par_param_method value:131337
06-11 09:40:10.034  2781  2841 I A00000/ohos_jni_PyEngineWrapper: Set Param result:0
06-11 09:40:10.034  2781  2841 I A00000/ohos_jni_PyEngineWrapper: Stop pinyin Engine
06-11 09:40:10.034  2781  2841 I A00000/ohos_jni_PyEngineWrapper: Stop pinyin Engine result:0 status:0
06-11 09:40:10.034  2781  2841 I A00000/ohos_jni_PyEngineWrapper: Start pinyin Engine
06-11 09:40:10.034  2781  2841 I A00000/ohos_jni_PyEngineWrapper: Start pinyin Engine result:0, status:0
06-11 09:40:10.034  2781  2841 I A00000/ohos_jni_PyEngineWrapper: Set Param key:ipt_param_fuzzypy value:0
06-11 09:40:10.034  2781  2841 I A00000/ohos_jni_PyEngineWrapper: Set Param result:0
06-11 09:40:10.034  2781  2841 I A00000/ohos_jni_EngineHelper: SetParameter key:1, value:1
06-11 09:40:10.034  2781  2841 I A00000/ohos_jni_EngineHelper: SetParameter key:2, value:1
06-11 09:40:10.034  2781  2841 I A00000/ohos_jni_ConfigManager: SetChEnMix:1
06-11 09:40:10.034  2781  2841 I A00000/ohos_jni_PyEngineWrapper: Set Param key:par_param_method value:131337
06-11 09:40:10.034  2781  2841 I A00000/ohos_jni_PyEngineWrapper: Set Param result:0
06-11 09:40:10.034  2781  2841 I A00000/ohos_jni_PyEngineWrapper: Stop pinyin Engine
06-11 09:40:10.034  2781  2841 I A00000/ohos_jni_PyEngineWrapper: Stop pinyin Engine result:0 status:0
06-11 09:40:10.034  2781  2841 I A00000/ohos_jni_PyEngineWrapper: Start pinyin Engine
06-11 09:40:10.034  2781  2841 I A00000/ohos_jni_PyEngineWrapper: Start pinyin Engine result:0, status:0
06-11 09:40:10.034  2781  2841 I A00000/ohos_jni_EngineHelper: SetParameter key:11, value:1
06-11 09:40:10.034  2781  2841 I A00000/ohos_jni_EngineHelper: SetParameter key:13, value:1
06-11 09:40:10.034  2781  2841 I A00000/ohos_jni_PyEngineWrapper: Set Param key:rlt_param_en_emoji_dec value:1
06-11 09:40:10.034  2781  2841 I A00000/ohos_jni_PyEngineWrapper: Set Param result:0
06-11 09:40:10.034  2781  2841 I A00000/ohos_jni_PyEngineWrapper: Set Param key:imedec_param_en_emoji value:1
06-11 09:40:10.034  2781  2841 I A00000/ohos_jni_PyEngineWrapper: Set Param result:0
06-11 09:40:10.034  2781  2841 I A00000/ohos_jni_EngineHelper: SetParameter key:12, value:0
06-11 09:40:10.034  2781  2841 I A00000/ohos_jni_EngineHelper: SetParameter key:3, value:0
06-11 09:40:10.034  2781  2841 I A00000/ohos_jni_PyEngineWrapper: Set Param key:par_param_trad2simp value:0
06-11 09:40:10.034  2781  2841 I A00000/ohos_jni_PyEngineWrapper: Set Param result:0
06-11 09:40:10.034  2781  2841 I A00000/ohos_jni_EngineHelper: SetParameter key:16, value:1
06-11 09:40:10.034  2781  2841 I A00000/ohos_jni_PyEngineWrapper: Set Param key:act_param_en_scene value:1
06-11 09:40:10.034  2781  2841 I A00000/ohos_jni_PyEngineWrapper: Set Param result:0
06-11 09:40:10.035  2781  2841 I A000ff/HMKeyboard_EngineWorker: unLoadSceneResource
06-11 09:40:10.035  2781  2841 I A000ff/HMKeyboard_EngineWorker: unLoadSceneResource
06-11 09:40:10.039  2704  2704 I A04200/WINDOW: SCBIMFKeyboardPanel --> aboutToAppear, name:BelowScenePanel, keyboardRect:[0, 1700, 1260, 874], panelRect:[0, 1700, 1260, 1020]
06-11 09:40:10.039  2704  2704 I A01b00/SCB: SCBKeyboardManager --> registerKeyboardChangeCallback, size:4, nameBelowScenePanel
06-11 09:40:10.039  2704  2704 I A04200/WINDOW: SCBIMFKeyboardPanel --> enableShow, newState: 1 name: BelowScenePanel isActive: true
06-11 09:40:10.040  2704  2704 I A04200/WINDOW: SCBIMFKeyboardPanel --> Keyboard aboutToAppear, id: 3, name: BelowScenePanel, currRect: [0, 1700, 1260, 874], rectForFingerprint: [0, 1700, 1260, 1020]
06-11 09:40:10.041  2704  2704 I A04200/WINDOW: SCBIMFKeyboardPanel --> ShowKeyboard, id: 3, type: 4
06-11 09:40:10.045  2704  2704 I A04200/WINDOW: SCBIMFKeyboardPanel --> enable show dialog, this.isShowDialog = false
06-11 09:40:10.047  2704  2704 I A01b00/SCB: SCBKeyboardManager --> registerkeyboardGravityChangeCallbacks
06-11 09:40:10.051  2704  2704 I A04200/WINDOW: SCBIMFKeyboardPanelBar --> [SCBKeyboard] getRightIcon this.isSmartClicked = false
06-11 09:40:10.056  2704  2704 I A04200/WINDOW: SCBScreen --> [SCBKeyboardAnimate] translate: 0, keyboardOffset: 0, isActive: true, animCnt: 1
06-11 09:40:10.056  2704  2704 I A04200/WINDOW: SCBIMFKeyboardPanel --> disableShow, newState: 1, curState: 2, name: BelowSpecificScene
06-11 09:40:10.056  2704  2704 I A04200/WINDOW: SCBIMFKeyboardPanel --> disableShow, newState: 1, curState: 4, name: AboveSpecificScene
06-11 09:40:10.057  2704  2704 I A04200/WINDOW: SCBIMFKeyboardPanel --> disableShow, newState: 1, curState: 6, name: AboveFloatContainerScene
06-11 09:40:10.057  2704  2704 I A04200/WINDOW: SCBIMFKeyboardPanel --> enableShow, newState: 1 name: BelowScenePanel isActive: true
06-11 09:40:10.057  2704  2704 I A04200/WINDOW: SCBIMFKeyboardPanel --> ShowKeyboard, id: 3, type: 4
06-11 09:40:10.058  2704  2704 I A04200/WINDOW: SCBKeyboardSession --> id: 3, isKeyboardShow: true, isRotating: false
06-11 09:40:10.058  2704  2704 I A04200/WINDOW: SCBScreen --> [SCBKeyboard] changeKeyboardState end, keyboardState: 1, isActive: true
06-11 09:40:10.058  2704  2704 I A01b00/SCB: SCBKeyboardPanelManager --> sceneSessionManager.KeyboardViewMode: 0
06-11 09:40:10.058  2704  2704 I A04200/WINDOW: SCBKeyboardSession --> keyboardStateChange, keyboardViewMode is: 0
06-11 09:40:10.058  2704  2704 I A04200/WINDOW: SCBSceneSessionManager --> not find in virtual screen, window id is : 36
06-11 09:40:10.058  2704  2704 I A04200/WINDOW: SCBKeyboardSession --> notifyKeyboardStateChange, state is: 3, callingScreenId is: 0,
06-11 09:40:10.058  2704  2704 I A04200/WINDOW:       mainScreenId is: 0
06-11 09:40:10.058  2704  2704 I A04200/WINDOW: SCBKeyboardSession --> onSessionStateChange, id: 3, state: 3
06-11 09:40:10.058  2704  2704 I A04200/WINDOW: SCBKeyboardSession --> Skip state change, SessionState: 3
06-11 09:40:10.058  2704  2704 I A01b00/SCB: SCBKeyboardPanelManager --> sceneSessionManager.KeyboardViewMode: 0
06-11 09:40:10.058  2704  2704 I A04200/WINDOW: SCBKeyboardSession --> keyboardStateChange, keyboardViewMode is: 0
06-11 09:40:10.058  2704  2704 I A01b00/SCB: SCBKeyboardPanelSession --> privateCommandCallback{"sys_cmd":1,"toolbarPaddingLeft":0,"toolbarPaddingRight":0}
06-11 09:40:10.058  2704  2704 I A01b00/SCB: SCBKeyboardPanelSession --> privateCommandCallback{"sys_cmd":1,"patternOption":0}
06-11 09:40:10.065  2704  2704 I A04200/WINDOW: SCBIMFKeyboardPanel --> disableShow, newState: 1, curState: 2, name: BelowSpecificScene
06-11 09:40:10.065  2704  2704 I A04200/WINDOW: SCBIMFKeyboardPanel --> disableShow, newState: 1, curState: 4, name: AboveSpecificScene
06-11 09:40:10.065  2704  2704 I A04200/WINDOW: SCBIMFKeyboardPanel --> disableShow, newState: 1, curState: 6, name: AboveFloatContainerScene
06-11 09:40:10.065  2704  2704 I A04200/WINDOW: SCBIMFKeyboardPanel --> enableShow, newState: 1 name: BelowScenePanel isActive: true
06-11 09:40:10.065  2704  2704 I A04200/WINDOW: SCBIMFKeyboardPanel --> ShowKeyboard, id: 3, type: 4
06-11 09:40:10.228  2781  2781 I A000ff/HMKeyboard_ScreenUtils: isScreedLocked: false
06-11 09:40:10.229  2781  2781 I A000ff/HMKeyboard_InputManager: inputManager reset
06-11 09:40:10.229  2781  2781 I A000ff/HMKeyboard_TradZhInputHelper: isZYMainKeyboard subtypeId: Input_ZH_26Menu
06-11 09:40:10.229  2781  2781 I A000ff/HMKeyboard_InputManager: reset return isInitState
06-11 09:40:10.229  2781  2781 I A000ff/HMKeyboard_CustomBootWindow: customBootWindow show failed
06-11 09:40:10.330  2781  2781 I A000ff/HMKeyboard_KeyboardModeManager: changeToKeyMenu isCheckVerdeFoldVoiceInput : false 
06-11 09:40:10.535  2781  2781 I A000ff/HMKeyboard_EngineTool: setParameter:{"0":0,"1":1,"2":1,"3":0,"10":0,"11":1,"12":0,"13":1,"15":2,"16":1}
06-11 09:40:10.751  2704  2704 I A04200/WINDOW: SCBScreen --> [SCBKeyboardAnimate] finished, animCnt: 0, sessionState: 2
06-11 09:40:12.021   233   436 I C02805/InputKeyFlow: [P:D:55][UpdateTouchScreenTarget:3479] PA:down,Pid:3062,TWI:36,FWI:36,EID:55,W:1260,H:2720,AX:0,AY:0,flags:0,DID:0AWI:36,zOrder:102,blobid:0
06-11 09:40:12.021   233   436 I C02805/InputKeyFlow: [P:D:55][UpdateTouchScreenTarget:3530] PointerId:10000, touchWindow:36
06-11 09:40:12.022   233   436 I C02805/InputKeyFlow: [P:D:55][DispatchPointerEventInner:377] SendMsg to dev.makepad.makepad_example_native_text_input:pid:3062
06-11 09:40:12.022  3062  3397 I C02805/InputKeyFlow: [][OnPointerEvent:215] ac: down: 55
06-11 09:40:12.022  3062  3397 I C02805/InputKeyFlow: [P:D:55][OnPointerEvent:508] id:55 recv
06-11 09:40:12.022  3062  3397 I C04213/InputKeyFlow: [] OnInputEvent(86): eid:4,InputId:55,wid:36,action:2
06-11 09:40:12.023  3062  3397 W C04219/WMSDecor: [] GetDecorHeight(2213): Get app window decor height failed
06-11 09:40:12.023  2704  2816 I C04200/Session: (2110)TransferPointerEvent: Session TransferPointEvent, eventId:55, action:down, persistentId:36, bundleName:, pid:3062
06-11 09:40:12.023  3062  3397 I C0420c/WMSEvent: [] NotifyPointerEvent(3783): Input id:55
06-11 09:40:12.023  3062  3397 I C0420c/WMSEvent: [] NotifyPointerEvent(3785): Start to process pointerEvent, id: 55
06-11 09:40:12.023  3062  3397 I C03919/AceInputTracking: [(-1:100000:singleton)] pointdown windowId: 36
06-11 09:40:12.023  3062  3397 I C04213/InputKeyFlow: [] ConsumePointerEventInner(837): InputId:55,wid:36,pointId:10000,srcType:2,rect:[0,0,1260,2720],notify:1
06-11 09:40:12.024  2704  2704 I A04200/WINDOW: SCBSceneSessionManager --> request top! persistentId: 36
06-11 09:40:12.024  2704  2704 I A01b01/HOME: SCBScenePanel --> onRaiseSceneToTop with persistentId:36
06-11 09:40:12.024  2704  2704 I A01b01/HOME: SCBScenePanel --> getContainerSessionByPersistentIdOrContainerId persistentId 36 containerId undefined
06-11 09:40:12.024  2704  2704 I A01b01/HOME: SCBScenePanel --> getSceneContainerSessionWithPersistentId with session id: 36
06-11 09:40:12.024  2704  2704 I A01b01/HOME: SCBScenePanel --> getSceneContainerSessionWithPersistentId from containerSessionList id: 36
06-11 09:40:12.024  2704  2704 I A04200/WINDOW: SCBSceneContainerSession --> updateLastUsedTimestamp primarySession id:36, secondarySession id:
06-11 09:40:12.024  2704  2704 I A04200/WINDOW: SCBScenePanelManager --> Remove scene container session, id: 1
06-11 09:40:12.024  2704  2704 I A04200/WINDOW: SCBScenePanelManager --> raiseFloatingSceneToTop with null  containerSession
06-11 09:40:12.024  2704  2704 E A04200/WINDOW: SCBSceneSessionManager --> No scene func: 25 has registered!
06-11 09:40:12.024  2704  2704 I A04200/WINDOW: SCBSceneSessionManager --> requestFocus id : 36, byForeground：true, reason: 1
06-11 09:40:12.024  2704  2704 I C04207/WMSFocus: [] OnRequestFocusStatus(2711): [NAPI]persistentId: 36, isFocused: 1, byForeground: 1, reason: 1
06-11 09:40:12.024  2704  2704 I C04207/WMSFocus: [] RequestFocusStatusBySCB(4991): id: 36, reason: 1
06-11 09:40:12.024  2704  2704 I A04200/WINDOW: SCBSceneSessionManager --> get session by persistentId: 36
06-11 09:40:12.025  3062  3062 I C03951/InputKeyFlow: [(100000:100000:scope)] InputTracking id:55, fingerId:10000, type=0, inject=0, isPrivacyMode=0
06-11 09:40:12.025  3062  3062 I C02220/TunnelClient: in Connect, enter
06-11 09:40:12.025  3062  3062 I C02220/TunnelClient: in Connect, leave
06-11 09:40:12.025  3062  3062 I C03905/AceDrag: [(100000:100000:scope)] No need to collect drag gestures result, text is not selected.
06-11 09:40:12.025  3062  3062 I C02220/TunnelClient: in Connect, enter
06-11 09:40:12.025  3062  3062 I C02220/TunnelClient: in Connect, leave
06-11 09:40:12.025  3062  3062 I C03905/AceDrag: [(100000:100000:scope)] No need to collect drag gestures result, text is not selected.
06-11 09:40:12.025  3062  3062 I C03951/InputKeyFlow: [(100000:100000:scope)] InputTracking id:55, touch test hitted node info: fingerId: 10000{ tag: TextInput, depth: 8 };
06-11 09:40:12.025  3062  3062 I C03951/InputKeyFlow: [(100000:100000:scope)] InputTracking id:55, touch test hitted recognizer type info: recognizer type ClickRecognizer node info: { tag: TextInput };recognizer type LongPressRecognizer node info: { tag: TextInput };recognizer type PanRecognizer node info: { tag: TextInput };
06-11 09:40:12.025  3062  3062 I C03951/InputKeyFlow: [(100000:100000:scope)] Id:55, exclusive 10000 type: 0
06-11 09:40:12.026  3062  3062 I C03951/InputKeyFlow: [(100000:100000:scope)] Id:55, click 10000 down, ETF: 0, CTP: 0, state: 0
06-11 09:40:12.026  3062  3062 I C03951/InputKeyFlow: [(100000:100000:scope)] Id:55, pan 10000 down, state: 0
06-11 09:40:12.026  3062  3062 I C03951/InputKeyFlow: [(100000:100000:scope)] Id:55, parallel 10000 type: 0
06-11 09:40:12.026  3062  3062 I C03951/InputKeyFlow: [(100000:100000:scope)] Id:55, LongPress 10000 down, state: 0
06-11 09:40:12.026  3062  3062 I C03919/AceInputTracking: [(100000:100000:scope)] Consumed new event id=55 in ace_container, lastEventInfo: id:-1
06-11 09:40:12.027   664   723 E C01400/OHOS::RS: RsFrameReport:[loadSymbol]Get RSRenderStart symbol failed: do_dlsym failed: Symbol not found: RSRenderStart, version: null so=/system/lib64/platformsdk/libframe_ui_intf.z.so
06-11 09:40:12.027   664   723 E C01400/OHOS::RS: RsFrameReport:[RSRenderStart]load RSRenderStart function failed!
06-11 09:40:12.033   664   723 E C01400/OHOS::RS: RsFrameReport:[loadSymbol]Get RSRenderEnd symbol failed: do_dlsym failed: Symbol not found: RSRenderEnd, version: null so=/system/lib64/platformsdk/libframe_ui_intf.z.so
06-11 09:40:12.033   664   723 E C01400/OHOS::RS: RsFrameReport:[RSRenderEnd]load RSRenderEnd function failed!
06-11 09:40:12.033   503   762 W C02510/DISP: [SetLayerMaskInfo:437] <private> is not supported
06-11 09:40:12.060   664   723 E C01400/OHOS::RS: RsFrameReport:[loadSymbol]Get RSRenderStart symbol failed: do_dlsym failed: Symbol not found: RSRenderStart, version: null so=/system/lib64/platformsdk/libframe_ui_intf.z.so
06-11 09:40:12.060   664   723 E C01400/OHOS::RS: RsFrameReport:[RSRenderStart]load RSRenderStart function failed!
06-11 09:40:12.066   664   723 E C02515/DGLES: [d_eglSwapBuffers_special@egl_gpu.cpp:729] thread output size 1257846 speed 1215k/s API_num 601
06-11 09:40:12.066   664   723 E C01400/OHOS::RS: RsFrameReport:[loadSymbol]Get RSRenderEnd symbol failed: do_dlsym failed: Symbol not found: RSRenderEnd, version: null so=/system/lib64/platformsdk/libframe_ui_intf.z.so
06-11 09:40:12.066   664   723 E C01400/OHOS::RS: RsFrameReport:[RSRenderEnd]load RSRenderEnd function failed!
06-11 09:40:12.066   503   762 W C02510/DISP: [SetLayerMaskInfo:437] <private> is not supported
06-11 09:40:12.122  4820  4820 I C02800/InputManagerImpl: [][SimulateInputEvent:1039] Pointer event action:4
06-11 09:40:12.122  4820  4820 I C02802/MultimodalEventHandler: [][InjectPointerEvent:154] PI:10000, DT:0, IP:0, DX:<private>, DY:<private>,P:0.00, LA:0, SA:0, WI:-1, DXP:<private>, DYP:<private>, WXP:<private>, WYP:<private>, OPI:0
06-11 09:40:12.122   233   436 I C02805/InputKeyFlow: [P:U:56][UpdateTouchScreenTarget:3479] PA:up,Pid:3062,TWI:36,FWI:36,EID:56,W:1260,H:2720,AX:0,AY:0,flags:0,DID:0AWI:36,zOrder:102,blobid:0
06-11 09:40:12.123   233   436 I C02805/InputKeyFlow: [P:U:56][DispatchPointerEventInner:377] SendMsg to dev.makepad.makepad_example_native_text_input:pid:3062
06-11 09:40:12.123  3062  3397 I C02805/InputKeyFlow: [][OnPointerEvent:215] ac: up: 56
06-11 09:40:12.123  3062  3397 I C02805/InputKeyFlow: [P:U:56][OnPointerEvent:508] id:56 recv
06-11 09:40:12.123  3062  3397 I C04213/InputKeyFlow: [] OnInputEvent(86): eid:5,InputId:56,wid:36,action:4
06-11 09:40:12.123  2704  2816 I C04200/Session: (2110)TransferPointerEvent: Session TransferPointEvent, eventId:56, action:up, persistentId:36, bundleName:, pid:3062
06-11 09:40:12.123  3062  3397 I C0420c/WMSEvent: [] NotifyPointerEvent(3783): Input id:56
06-11 09:40:12.123  3062  3397 I C0420c/WMSEvent: [] NotifyPointerEvent(3785): Start to process pointerEvent, id: 56
06-11 09:40:12.123  3062  3397 I C04213/InputKeyFlow: [] ConsumePointerEventInner(837): InputId:56,wid:36,pointId:10000,srcType:2,rect:[0,0,1260,2720],notify:1
06-11 09:40:12.123  3062  3062 I C03951/InputKeyFlow: [(100000:100000:scope)] InputTracking id:56, fingerId:10000, type=1, inject=0, isPrivacyMode=0
06-11 09:40:12.123  3062  3062 I C03951/InputKeyFlow: [(100000:100000:scope)] Id:56, exclusive 10000 type: 1
06-11 09:40:12.123  3062  3062 I C03951/InputKeyFlow: [(100000:100000:scope)] Id:56, click 10000 up, state: 0
06-11 09:40:12.123  3062  3062 I C0391e/AceGesture: [(100000:100000:scope)] Click try accept
06-11 09:40:12.123  3062  3062 I C03951/InputKeyFlow: [(100000:100000:scope)] Click accepted, tag: TextInput
06-11 09:40:12.124  3062  3062 I C03912/AceTextInput: [(100000:100000:scope)] NeedAIAnalysis type is 0,return!
06-11 09:40:12.124  3062  3062 I C01719/ffrt: 40:QueueHandler:64 construct sq_pasteboard_service_init_2 succ, qos[2]
06-11 09:40:12.124  3062  3062 I C01c01/PBC: GetPasteboardService# GetPasteboardService start.
06-11 09:40:12.124  3062  3062 I C01c01/PBC: GetPasteboardService# Get PasteboardServiceProxy succeed.
06-11 09:40:12.126  2091  2091 I C01c02/PBS: OnRemoteRequest# pid:3062, uid:20020051, cmd:17
06-11 09:40:12.126  2091  2091 I C01c02/PBS: PasteboardDeathRecipient# Construct Pasteboard Client Death Recipient, pid: 3062
06-11 09:40:12.127  2091  2091 I C01c02/PBS: OnRemoteRequest# pid:3062, uid:20020051, cmd:9
06-11 09:40:12.127  2091  2091 E C01c02/PBS: GetValidDistributeEvent# plugin is nullptr 
06-11 09:40:12.127  2091  2091 I C01c02/PBS: OnHasDataType# end.
06-11 09:40:12.127  3062  3062 I C03954/AceClipBoard: [(100000:100000:scope)] Clipboard data mimeType text/plain available ? 1
06-11 09:40:12.127  3062  3062 I C03913/AceText: [(100000:100000:scope)] HasData callback from clipboard, data available ? 1
06-11 09:40:12.127  3062  3062 I C01c10/ImsaKit: line: 1346, function: IsInputTypeSupported,type: 0.
06-11 09:40:12.127   619   687 I C01c10/ImsaKit: line: 42, function: OnRemoteRequest,IMSA, code = 24, callingPid/Uid/timestamp: 3062/20020051/1781142012127
06-11 09:40:12.127  3062  3062 I C03914/AceTextField: [(100000:100000:scope)] BundleName: com.huawei.hmos.vassistant, abilityName: AiofficeAbility
06-11 09:40:12.127  3062  3062 I C03914/AceTextField: [(100000:100000:scope)] isAISupport: 1
06-11 09:40:12.127  3062  3062 I C03953/AceSelectOverlay: [(100000:100000:scope)] Show SelectOverlay, first RectT (0.00, 0.00) - [0.00 x 0.00] isShow 0, second RectT (176.00, 681.00) - [6.50 x 61.00] isShow 1
06-11 09:40:12.128  3062  3062 I C03953/AceSelectOverlay: [(100000:100000:scope)] CreateSelectOverlay default, id:17
06-11 09:40:12.128  3062  3062 W C03926/AceTheme: [(100000:100000:scope)] style text_overlay_pattern not contains bg_color_disabled_alpha!
06-11 09:40:12.128  3062  3062 W C03926/AceTheme: [(100000:100000:scope)] style text_overlay_pattern not contains text_overlay_menu_copy!
06-11 09:40:12.128  3062  3062 W C03926/AceTheme: [(100000:100000:scope)] style text_overlay_pattern not contains text_overlay_menu_paste!
06-11 09:40:12.128  3062  3062 W C03926/AceTheme: [(100000:100000:scope)] style text_overlay_pattern not contains text_overlay_menu_select_all!
06-11 09:40:12.128  3062  3062 W C03926/AceTheme: [(100000:100000:scope)] style text_overlay_pattern not contains text_overlay_menu_cut!
06-11 09:40:12.128  3062  3062 W C03926/AceTheme: [(100000:100000:scope)] style shadow_pattern not contains shadow_style_default_md_radius!
06-11 09:40:12.128  3062  3062 W C03926/AceTheme: [(100000:100000:scope)] style shadow_pattern not contains shadow_style_default_sm_radius!
06-11 09:40:12.128  3062  3062 W C03926/AceTheme: [(100000:100000:scope)] style shadow_pattern not contains shadow_style_default_xs_radius!
06-11 09:40:12.129  3062  3062 W C03926/AceTheme: [(100000:100000:scope)] style -1 not contains security_component_pattern!
06-11 09:40:12.134  3062  3062 I C03956/AceSecurityComponent: [(100000:100000:scope)] security component has not registered, regStatus 0.
06-11 09:40:12.135  3062  3062 I C03914/AceTextField: [(100000:100000:scope)] DoProcessAutoFill
06-11 09:40:12.135  3062  3062 E C03900/Ace: [(100000:100000:scope)] Failed to open libhint2type library /system/lib64/module/hms/core/atomicservicecomponent/libhint2type.z.so, reason: Error loading shared library /system/lib64/module/hms/core/atomicservicecomponent/libhint2type.z.so: No such file or directoryn
06-11 09:40:12.135  3062  3062 E C03932/AceAutoFill: [(100000:100000:scope)] Load Hint2Type Failed !
06-11 09:40:12.135  3062  3062 E C03932/AceAutoFill: [(100000:100000:scope)] CheckAutoFillType :autoFillType is ACE_UNSPECIFIED.
06-11 09:40:12.135  3062  3062 I C03932/AceAutoFill: [(100000:100000:scope)] No need to auto fill.
06-11 09:40:12.135  3062  3062 I C03914/AceTextField: [(100000:100000:scope)] 11 requestKeyboard With Reason SingleClick
06-11 09:40:12.135  3062  3062 I C03914/AceTextField: [(100000:100000:scope)] textfield to request keyboardshowsoftkeyboard: 1
06-11 09:40:12.135  3062  3062 I C03914/AceTextField: [(100000:100000:scope)] textfield 11 positionY: 653.000000, height: 167.000000,paintOffset: Offset (124.00, 653.00), windowRect: 0.000000
06-11 09:40:12.135  3062  3062 I C03914/AceTextField: [(100000:100000:scope)] node 11 RequestKeyboard set calling window id:36 inputType: -1 enterKeyType: 6
06-11 09:40:12.135  3062  3062 I C01c10/ImsaKit: line: 253, function: Attach,isShowKeyboard 1.
06-11 09:40:12.135   619   687 I C01c10/ImsaKit: line: 42, function: OnRemoteRequest,IMSA, code = 1, callingPid/Uid/timestamp: 3062/20020051/1781142012135
06-11 09:40:12.136   619   687 E C05a01/AccessTokenKit: [GetNativeTokenInfo:239]TokenID =537258509 is invalid
06-11 09:40:12.136   619   687 I C04200/WindowAdapterLite: (201)GetFocusWindowInfo: use Foucus window info proxy
06-11 09:40:12.136   619   687 I C04200/SceneSessionManagerLiteProxy: (765)GetFocusWindowInfo: get focus Winow info lite proxy
06-11 09:40:12.136   619   687 I C01c10/ImsaKit: line: 1925, function: CheckPwdInputPatternConv,new input pattern is normal.
06-11 09:40:12.136   619   687 I C01c10/ImsaKit: line: 354, function: CheckInputTypeOption,SecurityFlag: 0, IsSameTextInput: 1, IsStarted: 0, IsSecurityImeStarted: 0.
06-11 09:40:12.136   619   687 I C057c2/IPCObjectProxy: SendRequest 155: handle:11 desc:*.AbilityManager refcnt:3 2483541760
06-11 09:40:12.136  2704  2816 I C04200/SceneSessionManagerStub: (375)HandleGetFocusSessionInfo: run HandleGetFocusSessionInfo!
06-11 09:40:12.136   619   687 I C01c10/ImsaKit: line: 43, function: StartInput,CoreProxy start.
06-11 09:40:12.136  2781  2783 I C01c10/ImsaKit: line: 107, function: StartInputOnRemote,CoreStub, callingPid/Uid: 619/3820.
06-11 09:40:12.137  2781  2837 I C01c10/ImsaKit: line: 216, function: StartInputInner,IMA isShowKeyboard: 1, isBindFromClient: 1.
06-11 09:40:12.137   619   687 W C02699/MemMgr: MemMgrClient::SetCritical mini system not enable, pid:619
06-11 09:40:12.137   619   687 E C01c10/ImsaKit: line: 1329, function: NotifyInputStartToClients,nullptr clientInfo or no need to notify
06-11 09:40:12.137   619   687 E C01c10/ImsaKit: line: 1329, function: NotifyInputStartToClients,nullptr clientInfo or no need to notify
06-11 09:40:12.137  2781  2837 E C01c10/ImsaKit: line: 264, function: IsSystemPrivateCommand,privateCommand size must more than 0 and less than 5.
06-11 09:40:12.137  2781  2837 E C01c10/ImsaKit: line: 230, function: IsPrivateCommandValid,privateCommand size must more than 0 and less than 5.
06-11 09:40:12.137  2781  2837 I C01c10/ImsaKit: line: 261, function: ExecuteCurrentTask,curTask_ paused
06-11 09:40:12.137  2781  2781 I A000ff/HMKeyboard_KeyboardController: input pattern changed to: -1, isWallpaperDark:true, fbe? false
06-11 09:40:12.137  2781  2781 I A000ff/HMKeyboard_ScreenUtils: isScreedLocked: false
06-11 09:40:12.137  2781  2781 I A000ff/HMKeyboard_KeyboardController: processInputTypeWithEditorAttribute. oldEditorAttribute equals newEditorAttribute. so ignore
06-11 09:40:12.137  2781  2781 I A000ff/HMKeyboard_EnterSendMsgManager: isEnterMsgOpen is same as the last time, ignore.
06-11 09:40:12.137  2781  2781 I A000ff/HMKeyboard_CeliaWriteHelper: CeliaWriteInputHelper onEditorAttributeChanged 
06-11 09:40:12.137  2781  2781 I A000ff/HMKeyboard_KBDDelegateEventRegi: onCursorContextChange ignore:no value changed
06-11 09:40:12.138  2781  2781 I C01c10/ImsaKit: line: 1240, function: SetCallingWindow,ret: 0, windowId: 36
06-11 09:40:12.138  2704  2776 I C0420b/WMSKeyboard: [] operator()(260): curId: 36, newId: 36
06-11 09:40:12.138  2781  2837 I C01c10/ImsaKit: line: 422, function: ShowKeyboardImplWithoutLock,IMA start.
06-11 09:40:12.138  2781  2837 I C0420b/WMSKeyboard: [] SetTextFieldAvoidInfo(4239): Set textFieldPositionY: 653.000000, textFieldHeight:167.000000
06-11 09:40:12.138  2704  2704 I A01b00/SCB: SCBKeyboardManager --> oriCallingId: 36, newCallingId: 36
06-11 09:40:12.138  2781  2781 W A000ff/HMKeyboard_IMEAbilityEventRegis: onKeyboardShow, verion:1.0.16.402, pss:undefined, native:undefined
06-11 09:40:12.138  2781  2781 I A000ff/HMKeyboard_KeyboardController: KeyboardController onKeyboardShow
06-11 09:40:12.138  2781  2837 I C01c10/ImsaKit: line: 1168, function: ShowPanel,panel already shown.
06-11 09:40:12.138  2704  2816 I C01c10/ImsaKit: line: 72, function: OnRemoteRequest,SystemCmdChannelStub, code: 1, callingPid: 2781, callingUid: 20020009.
06-11 09:40:12.138   619   687 I C01c10/ImsaKit: line: 42, function: OnRemoteRequest,IMSA, code = 10, callingPid/Uid/timestamp: 2781/20020009/1781142012138
06-11 09:40:12.138  3062  3773 I C03914/AceTextField: [(-1:100000:singleton)] SendKeyboardStatus status: 2
06-11 09:40:12.138  3062  3773 I C03914/AceTextField: [(-1:100000:singleton)] SetKeyboardStatus status: 1
06-11 09:40:12.138  2704  2704 I A01b00/SCB: SCBKeyboardPanelSession --> this.isShowPanel = true, receive panelStatus, isSecurity = false, width = 1260, height = 874, flag =0
06-11 09:40:12.138  3062  3062 I C01c10/ImsaKit: line: 1058, function: OnInputReady,InputMethodController start.
06-11 09:40:12.138  3062  3062 I C01c10/ImsaKit: line: 294, function: Attach,bind imf successfully.
06-11 09:40:12.138  2781  2781 I A000ff/HMKeyboard_KeyboardController: tryShowWindow. force: false, isCeliaKeyboard -> true
06-11 09:40:12.138  3062  3062 I C03914/AceTextField: [(100000:100000:scope)] textfield 11 positionY: 653.000000, height: 167.000000,paintOffset: Offset (124.00, 653.00), windowRect: 0.000000
06-11 09:40:12.138  3062  3062 I C01c10/ImsaKit: line: 718, function: OnCursorUpdate,left: 176, top: 681, height: 61.
06-11 09:40:12.138  2781  2781 I A000ff/HMKeyboard_ClipboardManager: checkIfNeedCutData: capacity(100) this.clipDataList(1)
06-11 09:40:12.138  2781  2837 I C01c10/ImsaKit: line: 255, function: ExecuteCurrentTask,curTask_ completed
06-11 09:40:12.139  2781  2781 I A000ff/HMKeyboard_PrivateCommandManage: sendPrivateCommand: {"sys_cmd":1,"toolbarPaddingLeft":0,"toolbarPaddingRight":0}
06-11 09:40:12.139  2704  2816 I C01c10/ImsaKit: line: 72, function: OnRemoteRequest,SystemCmdChannelStub, code: 0, callingPid: 2781, callingUid: 20020009.
06-11 09:40:12.139  3062  3062 I C03914/AceTextField: [(100000:100000:scope)] UpdateCaretInfoToController, left 176.000000, top 681.000000, width 6.500000, height 61.000000, selectController_ Start 0, end 0
06-11 09:40:12.139  2704  2704 I A01b00/SCB: SCBKeyboardPanelSession --> privateCommandCallback{"sys_cmd":1,"toolbarPaddingLeft":0,"toolbarPaddingRight":0}
06-11 09:40:12.139  2781  2781 I A000ff/HMKeyboard_PrivateCommandManage: sendPrivateCommand: {"sys_cmd":1,"patternOption":0}
06-11 09:40:12.139  3062  3062 I C03951/InputKeyFlow: [(100000:100000:scope)] Id:56, pan 10000 up, state: 6
06-11 09:40:12.139  3062  3062 I C03951/InputKeyFlow: [(100000:100000:scope)] Id:56, parallel 10000 type: 1
06-11 09:40:12.139  3062  3062 I C03951/InputKeyFlow: [(100000:100000:scope)] Id:56, LongPress 10000 up, state: 6
06-11 09:40:12.139  2781  2781 I A000ff/HMKeyboard_KeyboardController: isKeyboardWindowShowing: true
06-11 09:40:12.139  3062  3062 I C03951/InputKeyFlow: [(100000:100000:scope)] id: 10000, log: {types: Click, node: TextInput, prcd: Down, state: READY, extraInfo: ETF: 0 CFP: 0, prcd: Up, state: SUCCEED, extraInfo: ETF: 0 CFP: 0}{types: Pan, node: TextInput, prcd: Down, state: DETECTING, prcd: Up, state: FAIL, extraInfo: currentFingers: 1 fingers: 1}{types: LongPress, node: TextInput, prcd: Down, state: DETECTING, prcd: Up, state: FAIL}
06-11 09:40:12.139  2781  2781 W A000ff/HMKeyboard_AudioAndHapticFeedba: asyncPreloadSound. currentThemeVolume <= 0. so ignore.
06-11 09:40:12.139  3062  3062 I C03919/AceInputTracking: [(100000:100000:scope)] Consumed new event id=56 in ace_container, lastEventInfo: id:-1
06-11 09:40:12.139  3062  3062 I C03953/AceSelectOverlay: [(100000:100000:scope)] MountNodeToRoot:root, id:0
06-11 09:40:12.139  2704  2816 I C01c10/ImsaKit: line: 72, function: OnRemoteRequest,SystemCmdChannelStub, code: 0, callingPid: 2781, callingUid: 20020009.
06-11 09:40:12.139  2704  2704 I A01b00/SCB: SCBKeyboardPanelSession --> privateCommandCallback{"sys_cmd":1,"patternOption":0}
06-11 09:40:12.139  2781  2781 I A000ff/HMKeyboard_KbdHwIdManager: no login, ignore
06-11 09:40:12.139  3062  3062 I C03953/AceSelectOverlay: [(100000:100000:scope)] MountNodeToRoot:root, id:0
06-11 09:40:12.139  2781  2781 I A000ff/HMKeyboard_KeyboardController: checkPrivacyChangeStatus
06-11 09:40:12.139  2781  2781 I A000ff/HMKeyboard_PrivacyStatementUtil: checkPrivacyChangeStatus
06-11 09:40:12.140  2781  2781 I A000ff/HMKeyboard_HiAnalyticsCollector: panelId is 1d5a22eb-9f62-4e75-8c1e-8ba393923590
06-11 09:40:12.140  2781  2781 I A000ff/HMKeyboard_InputPanel: setPrivacyMode: false
06-11 09:40:12.140   121   837 I C01800/SAMGR: NF SA:3506,3062_1
06-11 09:40:12.140  3062  3062 I C05a05/SecCompClient: [TryToGetSecCompSa]Service is not start.
06-11 09:40:12.140  2704  2816 I C04200/WMS: [] VerifyCallingPermission(122): Verify AccessToken success. permission ohos.permission.PRIVACY_WINDOW, callingTokenID:<private>
06-11 09:40:12.140  2704  2776 W C04200/SceneSession: (3216)SetPrivacyMode: privacy mode is not change, do nothing, isPrivacy:0
06-11 09:40:12.140  2781  2781 I C01c10/ImsaKit: line: 1279, function: SetPrivacyMode,end, isPrivacyMode: 0.
06-11 09:40:12.140  2781  2781 I A000ff/HMKeyboard_TradZhInputHelper: isZYMainKeyboard subtypeId: Input_ZH_26Menu
06-11 09:40:12.140  2781  2781 I A000ff/HMKeyboard_KBDDelegateEventRegi: ignore this onCursorContextChange
06-11 09:40:12.142   121   837 I C01800/SAMGR: NF SA:3506,3062_2
06-11 09:40:12.142  3062  3417 I C05a05/SecCompClient: [TryToGetSecCompSa]Service is not start.
06-11 09:40:12.143   121   837 I C01800/SAMGR: Scheduler SA:3506 load start 3062,0_0_0
06-11 09:40:12.143   121   837 I C01800/SAMGR: NF SA:3506,3062_3
06-11 09:40:12.143   121   837 I C01800/SAMGR: DoLoadSA:3506,1_1
06-11 09:40:12.143   121   837 I C02c0b/BEGET: [service_control.c:34]Start service by extra args
06-11 09:40:12.151  2781  2781 I A000ff/HMKeyboard_EventBus: dispatch: eventID=257
06-11 09:40:12.151  2781  2781 I A000ff/HMKeyboard_pages_index: onShow
06-11 09:40:12.151  2781  2781 I C03f01/NAPI: [(:141)(ClearTimer)] DeleteTimer ID: 113, count: 65
06-11 09:40:12.151  3062  3062 I C03914/AceTextField: [(-1:100000:singleton)] NotifyPanelStatusInfo SetImeShow:1
06-11 09:40:12.152   121   837 I C02c02/PARAM: [param_request.c:208]SystemSetParameter name ohos.ctl.start msgid:183  ret: 0 
06-11 09:40:12.152   124   547 I C02c03/PARAM_WATCHER: [watcher_manager.cpp:254]ProcessParameterChange key 'startup.service.ctl.*' pid: 125
06-11 09:40:12.152   124   547 I C02c03/PARAM_WATCHER: [watcher_manager.cpp:254]ProcessParameterChange key 'startup.service.ctl.*' pid: 125
06-11 09:40:12.157   664   772 I C01407/graphic_2d_hgm: <1124>MarkVoteChange: Strategy:LTPO-DEFAULT Screen:0 Mode:-1 -- VOTER:VOTER_LTPO; FPS:60; EXT:UI_ANIMATION_FIRST_UI_ANIMATION_FRAME; PID:0.
06-11 09:40:12.157   664   723 E C01400/OHOS::RS: RsFrameReport:[loadSymbol]Get RSRenderStart symbol failed: do_dlsym failed: Symbol not found: RSRenderStart, version: null so=/system/lib64/platformsdk/libframe_ui_intf.z.so
06-11 09:40:12.157   664   723 E C01400/OHOS::RS: RsFrameReport:[RSRenderStart]load RSRenderStart function failed!
06-11 09:40:12.157   125  4736 I C02da0/FaultLeakDetectorManager: NotifyProcessCreate: notify create security_component_service:4823
06-11 09:40:12.157   121   837 I C01800/SAMGR: Start dynamic proc:security_component_service,3506,0_9ms
06-11 09:40:12.157   121   837 I C01800/SAMGR: Scheduler SA:3506 loading
06-11 09:40:12.158  3062  3417 I C05a05/SecCompClient: [StartLoadSecCompSa]Notify samgr load sa 3506, waiting for service start
06-11 09:40:12.160   121  4824 W C01719/ffrt: 239:FFRTQosApplyForOther:244 tid 4824, Interrupted system call, ret:-1, eno:4
06-11 09:40:12.162   664   723 E C01400/OHOS::RS: RsFrameReport:[loadSymbol]Get RSRenderEnd symbol failed: do_dlsym failed: Symbol not found: RSRenderEnd, version: null so=/system/lib64/platformsdk/libframe_ui_intf.z.so
06-11 09:40:12.162   664   723 E C01400/OHOS::RS: RsFrameReport:[RSRenderEnd]load RSRenderEnd function failed!
06-11 09:40:12.162   503   762 W C02510/DISP: [SetLayerMaskInfo:437] <private> is not supported
06-11 09:40:12.164  4823  4823 I C01810/SAFWK: main enter SAFWK main, proc:4823
06-11 09:40:12.164  4823  4823 I C01810/SAFWK: ParseArgv ParseArgv extraArgv eventStr:3506#0#load##-1#!
06-11 09:40:12.165  4823  4823 I C01810/SAFWK: operator() Set process name to security_component_service
06-11 09:40:12.165  4823  4823 E C02d33/HitraceMeter: pid[4823] first get g_tagsProperty: 5456538433256433664
06-11 09:40:12.165  4823  4823 I C01810/SAFWK: InitProfiles proc:security_component_service end,spend:0ms
06-11 09:40:12.166  4823  4825 I C057c1/IPCWorkThread: ThreadHandler 124: proto:0 policy:1 name:OS_IPC_0_4825 invoker:2982156800
06-11 09:40:12.171   664   772 I C01407/graphic_2d_hgm: <1124>MarkVoteChange: Strategy:LTPO-DEFAULT Screen:0 Mode:-1 -- VOTER:VOTER_IDLE; FPS:60; EXT:; PID:0.
06-11 09:40:12.172   664   723 E C01400/OHOS::RS: RsFrameReport:[loadSymbol]Get RSRenderStart symbol failed: do_dlsym failed: Symbol not found: RSRenderStart, version: null so=/system/lib64/platformsdk/libframe_ui_intf.z.so
06-11 09:40:12.172   664   723 E C01400/OHOS::RS: RsFrameReport:[RSRenderStart]load RSRenderStart function failed!
06-11 09:40:12.178   664   723 I C02515/DGLES: [d_glGetUniformLocation_special@glv3_status.cpp:1554] uniform ucornerPositionXY_S1 location remote -1
06-11 09:40:12.178   664   723 E C02515/DGLES: [unset_id@glv3_resource.cpp:75] id is bigger than bitmap_size, id: 141
06-11 09:40:12.178   664   723 E C02515/DGLES: [unset_id@glv3_resource.cpp:75] id is bigger than bitmap_size, id: 142
06-11 09:40:12.179   664   723 E C01400/OHOS::RS: RsFrameReport:[loadSymbol]Get RSRenderEnd symbol failed: do_dlsym failed: Symbol not found: RSRenderEnd, version: null so=/system/lib64/platformsdk/libframe_ui_intf.z.so
06-11 09:40:12.179   664   723 E C01400/OHOS::RS: RsFrameReport:[RSRenderEnd]load RSRenderEnd function failed!
06-11 09:40:12.179   503   762 W C02510/DISP: [SetLayerMaskInfo:437] <private> is not supported
06-11 09:40:12.188   664   723 E C01400/OHOS::RS: RsFrameReport:[loadSymbol]Get RSRenderStart symbol failed: do_dlsym failed: Symbol not found: RSRenderStart, version: null so=/system/lib64/platformsdk/libframe_ui_intf.z.so
06-11 09:40:12.188   664   723 E C01400/OHOS::RS: RsFrameReport:[RSRenderStart]load RSRenderStart function failed!
06-11 09:40:12.198   664   723 E C01400/OHOS::RS: RsFrameReport:[loadSymbol]Get RSRenderEnd symbol failed: do_dlsym failed: Symbol not found: RSRenderEnd, version: null so=/system/lib64/platformsdk/libframe_ui_intf.z.so
06-11 09:40:12.198   664   723 E C01400/OHOS::RS: RsFrameReport:[RSRenderEnd]load RSRenderEnd function failed!
06-11 09:40:12.198   503   762 W C02510/DISP: [SetLayerMaskInfo:437] <private> is not supported
06-11 09:40:12.204   664   723 E C01400/OHOS::RS: RsFrameReport:[loadSymbol]Get RSRenderStart symbol failed: do_dlsym failed: Symbol not found: RSRenderStart, version: null so=/system/lib64/platformsdk/libframe_ui_intf.z.so
06-11 09:40:12.204   664   723 E C01400/OHOS::RS: RsFrameReport:[RSRenderStart]load RSRenderStart function failed!
06-11 09:40:12.214   664   723 E C01400/OHOS::RS: RsFrameReport:[loadSymbol]Get RSRenderEnd symbol failed: do_dlsym failed: Symbol not found: RSRenderEnd, version: null so=/system/lib64/platformsdk/libframe_ui_intf.z.so
06-11 09:40:12.214   664   723 E C01400/OHOS::RS: RsFrameReport:[RSRenderEnd]load RSRenderEnd function failed!
06-11 09:40:12.214   503  3425 W C02510/DISP: [SetLayerMaskInfo:437] <private> is not supported
06-11 09:40:12.221   664   723 E C01400/OHOS::RS: RsFrameReport:[loadSymbol]Get RSRenderStart symbol failed: do_dlsym failed: Symbol not found: RSRenderStart, version: null so=/system/lib64/platformsdk/libframe_ui_intf.z.so
06-11 09:40:12.221   664   723 E C01400/OHOS::RS: RsFrameReport:[RSRenderStart]load RSRenderStart function failed!
06-11 09:40:12.230   664   723 E C01400/OHOS::RS: RsFrameReport:[loadSymbol]Get RSRenderEnd symbol failed: do_dlsym failed: Symbol not found: RSRenderEnd, version: null so=/system/lib64/platformsdk/libframe_ui_intf.z.so
06-11 09:40:12.230   664   723 E C01400/OHOS::RS: RsFrameReport:[RSRenderEnd]load RSRenderEnd function failed!
06-11 09:40:12.231   503  3425 W C02510/DISP: [SetLayerMaskInfo:437] <private> is not supported
06-11 09:40:12.236   664   723 E C01400/OHOS::RS: RsFrameReport:[loadSymbol]Get RSRenderStart symbol failed: do_dlsym failed: Symbol not found: RSRenderStart, version: null so=/system/lib64/platformsdk/libframe_ui_intf.z.so
06-11 09:40:12.236   664   723 E C01400/OHOS::RS: RsFrameReport:[RSRenderStart]load RSRenderStart function failed!
06-11 09:40:12.247   664   723 E C01400/OHOS::RS: RsFrameReport:[loadSymbol]Get RSRenderEnd symbol failed: do_dlsym failed: Symbol not found: RSRenderEnd, version: null so=/system/lib64/platformsdk/libframe_ui_intf.z.so
06-11 09:40:12.247   664   723 E C01400/OHOS::RS: RsFrameReport:[RSRenderEnd]load RSRenderEnd function failed!
06-11 09:40:12.248   503  3425 W C02510/DISP: [SetLayerMaskInfo:437] <private> is not supported
06-11 09:40:12.252   664   723 E C01400/OHOS::RS: RsFrameReport:[loadSymbol]Get RSRenderStart symbol failed: do_dlsym failed: Symbol not found: RSRenderStart, version: null so=/system/lib64/platformsdk/libframe_ui_intf.z.so
06-11 09:40:12.252   664   723 E C01400/OHOS::RS: RsFrameReport:[RSRenderStart]load RSRenderStart function failed!
06-11 09:40:12.262   664   723 E C01400/OHOS::RS: RsFrameReport:[loadSymbol]Get RSRenderEnd symbol failed: do_dlsym failed: Symbol not found: RSRenderEnd, version: null so=/system/lib64/platformsdk/libframe_ui_intf.z.so
06-11 09:40:12.262   664   723 E C01400/OHOS::RS: RsFrameReport:[RSRenderEnd]load RSRenderEnd function failed!
06-11 09:40:12.263   503  3425 W C02510/DISP: [SetLayerMaskInfo:437] <private> is not supported
06-11 09:40:12.270   664   723 E C01400/OHOS::RS: RsFrameReport:[loadSymbol]Get RSRenderStart symbol failed: do_dlsym failed: Symbol not found: RSRenderStart, version: null so=/system/lib64/platformsdk/libframe_ui_intf.z.so
06-11 09:40:12.270   664   723 E C01400/OHOS::RS: RsFrameReport:[RSRenderStart]load RSRenderStart function failed!
06-11 09:40:12.279   664   723 E C01400/OHOS::RS: RsFrameReport:[loadSymbol]Get RSRenderEnd symbol failed: do_dlsym failed: Symbol not found: RSRenderEnd, version: null so=/system/lib64/platformsdk/libframe_ui_intf.z.so
06-11 09:40:12.279   664   723 E C01400/OHOS::RS: RsFrameReport:[RSRenderEnd]load RSRenderEnd function failed!
06-11 09:40:12.280   503  3425 W C02510/DISP: [SetLayerMaskInfo:437] <private> is not supported
06-11 09:40:12.288   664   723 E C01400/OHOS::RS: RsFrameReport:[loadSymbol]Get RSRenderStart symbol failed: do_dlsym failed: Symbol not found: RSRenderStart, version: null so=/system/lib64/platformsdk/libframe_ui_intf.z.so
06-11 09:40:12.288   664   723 E C01400/OHOS::RS: RsFrameReport:[RSRenderStart]load RSRenderStart function failed!
06-11 09:40:12.288   963  4768 W C01719/ffrt: 193:~WorkerThread:72 to exit, qos[2]
06-11 09:40:12.294   963  4767 W C01719/ffrt: 194:~WorkerThread:72 to exit, qos[2]
06-11 09:40:12.298   664   723 E C01400/OHOS::RS: RsFrameReport:[loadSymbol]Get RSRenderEnd symbol failed: do_dlsym failed: Symbol not found: RSRenderEnd, version: null so=/system/lib64/platformsdk/libframe_ui_intf.z.so
06-11 09:40:12.298   664   723 E C01400/OHOS::RS: RsFrameReport:[RSRenderEnd]load RSRenderEnd function failed!
06-11 09:40:12.298   503  3425 W C02510/DISP: [SetLayerMaskInfo:437] <private> is not supported
06-11 09:40:12.300   664   723 E C01400/OHOS::RS: RsFrameReport:[loadSymbol]Get RSRenderStart symbol failed: do_dlsym failed: Symbol not found: RSRenderStart, version: null so=/system/lib64/platformsdk/libframe_ui_intf.z.so
06-11 09:40:12.300   664   723 E C01400/OHOS::RS: RsFrameReport:[RSRenderStart]load RSRenderStart function failed!
06-11 09:40:12.314   664   723 E C01400/OHOS::RS: RsFrameReport:[loadSymbol]Get RSRenderEnd symbol failed: do_dlsym failed: Symbol not found: RSRenderEnd, version: null so=/system/lib64/platformsdk/libframe_ui_intf.z.so
06-11 09:40:12.314   664   723 E C01400/OHOS::RS: RsFrameReport:[RSRenderEnd]load RSRenderEnd function failed!
06-11 09:40:12.315   503  3425 W C02510/DISP: [SetLayerMaskInfo:437] <private> is not supported
06-11 09:40:12.315  3062  3062 I C01406/OHOS::RS: RSUIDirector::ProcessMessages messageId:1, cmdCount:1, instanceId:100000
06-11 09:40:12.316   664   723 E C01400/OHOS::RS: RsFrameReport:[loadSymbol]Get RSRenderStart symbol failed: do_dlsym failed: Symbol not found: RSRenderStart, version: null so=/system/lib64/platformsdk/libframe_ui_intf.z.so
06-11 09:40:12.316   664   723 E C01400/OHOS::RS: RsFrameReport:[RSRenderStart]load RSRenderStart function failed!
06-11 09:40:12.317  3062  3062 I C01406/OHOS::RS: RSUIDirector::PostTask messageId:1, cmdCount:1, instanceId:100000
06-11 09:40:12.331   664   723 E C01400/OHOS::RS: RsFrameReport:[loadSymbol]Get RSRenderEnd symbol failed: do_dlsym failed: Symbol not found: RSRenderEnd, version: null so=/system/lib64/platformsdk/libframe_ui_intf.z.so
06-11 09:40:12.331   664   723 E C01400/OHOS::RS: RsFrameReport:[RSRenderEnd]load RSRenderEnd function failed!
06-11 09:40:12.331   503  3425 W C02510/DISP: [SetLayerMaskInfo:437] <private> is not supported
06-11 09:40:12.332   664   723 E C01400/OHOS::RS: RsFrameReport:[loadSymbol]Get RSRenderStart symbol failed: do_dlsym failed: Symbol not found: RSRenderStart, version: null so=/system/lib64/platformsdk/libframe_ui_intf.z.so
06-11 09:40:12.332   664   723 E C01400/OHOS::RS: RsFrameReport:[RSRenderStart]load RSRenderStart function failed!
06-11 09:40:12.348   664   723 E C01400/OHOS::RS: RsFrameReport:[loadSymbol]Get RSRenderEnd symbol failed: do_dlsym failed: Symbol not found: RSRenderEnd, version: null so=/system/lib64/platformsdk/libframe_ui_intf.z.so
06-11 09:40:12.348   664   723 E C01400/OHOS::RS: RsFrameReport:[RSRenderEnd]load RSRenderEnd function failed!
06-11 09:40:12.348   664   723 E C01400/OHOS::RS: RsFrameReport:[loadSymbol]Get RSRenderStart symbol failed: do_dlsym failed: Symbol not found: RSRenderStart, version: null so=/system/lib64/platformsdk/libframe_ui_intf.z.so
06-11 09:40:12.348   664   723 E C01400/OHOS::RS: RsFrameReport:[RSRenderStart]load RSRenderStart function failed!
06-11 09:40:12.349   503   762 W C02510/DISP: [SetLayerMaskInfo:437] <private> is not supported
06-11 09:40:12.364   664   723 E C01400/OHOS::RS: RsFrameReport:[loadSymbol]Get RSRenderEnd symbol failed: do_dlsym failed: Symbol not found: RSRenderEnd, version: null so=/system/lib64/platformsdk/libframe_ui_intf.z.so
06-11 09:40:12.364   664   723 E C01400/OHOS::RS: RsFrameReport:[RSRenderEnd]load RSRenderEnd function failed!
06-11 09:40:12.364   664   723 E C01400/OHOS::RS: RsFrameReport:[loadSymbol]Get RSRenderStart symbol failed: do_dlsym failed: Symbol not found: RSRenderStart, version: null so=/system/lib64/platformsdk/libframe_ui_intf.z.so
06-11 09:40:12.364   664   723 E C01400/OHOS::RS: RsFrameReport:[RSRenderStart]load RSRenderStart function failed!
06-11 09:40:12.365   503   762 W C02510/DISP: [SetLayerMaskInfo:437] <private> is not supported
06-11 09:40:12.376  4823  4827 I C057c1/IPCWorkThread: ThreadHandler 124: proto:0 policy:0 name:OS_IPC_1_4827 invoker:2982156160
06-11 09:40:12.378  4823  4823 E C02c02/PARAM: [param_base.c:356]Forbid to open workspace for u:object_r:sys_param:s0 error 13
06-11 09:40:12.378  4823  4823 E C02c02/PARAM: [param_base.c:530]Selinux check name sys.graphic.skia.cache.debug in u:object_r:sys_param:s0 info [4823 3050 3050] failed!
06-11 09:40:12.378  4823  4823 E C02c02/PARAM: [param_manager.c:688]Forbid to access sys.graphic.skia.cache.debug label 25656 11
06-11 09:40:12.378  4823  4823 E C02c02/PARAM: [param_manager.c:739]SystemReadParam failed! name is:sys.graphic.skia.cache.debug, errNum is:1002!
06-11 09:40:12.380  4823  4823 E C02c02/PARAM: [param_base.c:356]Forbid to open workspace for u:object_r:persist_param:s0 error 13
06-11 09:40:12.380  4823  4823 E C02c02/PARAM: [param_base.c:530]Selinux check name persist.hiview.leak_detector in u:object_r:persist_param:s0 info [4823 3050 3050] failed!
06-11 09:40:12.380  4823  4823 E C02c02/PARAM: [param_manager.c:688]Forbid to access persist.hiview.leak_detector label 20864 22
06-11 09:40:12.380  4823  4823 E C02c02/PARAM: [param_manager.c:739]SystemReadParam failed! name is:persist.hiview.leak_detector, errNum is:1002!
06-11 09:40:12.380  4823  4823 E C02c02/PARAM: [param_base.c:356]Forbid to open workspace for u:object_r:persist_param:s0 error 13
06-11 09:40:12.380  4823  4823 E C02c02/PARAM: [param_base.c:530]Selinux check name persist.hiview.leak_detector in u:object_r:persist_param:s0 info [4823 3050 3050] failed!
06-11 09:40:12.380  4823  4823 E C02c02/PARAM: [param_manager.c:688]Forbid to access persist.hiview.leak_detector label 20864 22
06-11 09:40:12.380  4823  4823 E C02c02/PARAM: [param_manager.c:739]SystemReadParam failed! name is:persist.hiview.leak_detector, errNum is:1002!
06-11 09:40:12.381   664   723 E C01400/OHOS::RS: RsFrameReport:[loadSymbol]Get RSRenderEnd symbol failed: do_dlsym failed: Symbol not found: RSRenderEnd, version: null so=/system/lib64/platformsdk/libframe_ui_intf.z.so
06-11 09:40:12.381   664   723 E C01400/OHOS::RS: RsFrameReport:[RSRenderEnd]load RSRenderEnd function failed!
06-11 09:40:12.381   664   723 E C01400/OHOS::RS: RsFrameReport:[loadSymbol]Get RSRenderStart symbol failed: do_dlsym failed: Symbol not found: RSRenderStart, version: null so=/system/lib64/platformsdk/libframe_ui_intf.z.so
06-11 09:40:12.381   664   723 E C01400/OHOS::RS: RsFrameReport:[RSRenderStart]load RSRenderStart function failed!
06-11 09:40:12.382   503   762 W C02510/DISP: [SetLayerMaskInfo:437] <private> is not supported
06-11 09:40:12.386   517   591 I C057ff/nStackXEpoll: DeRegisterEpollTask:[230] :DeRegisterEpollTask
06-11 09:40:12.386   517   591 I C057ff/nStackXEpoll: PrintTaskInfo:[71] :task: 00******a1b418, task->epollfd: 45, task->taskfd: 64, task->readHandle: 00******a1b420
06-11 09:40:12.386   517   591 I C057ff/nStackXEpoll: RegisterEpollTask:[206] :RegisterEpollTask
06-11 09:40:12.386   517   591 I C057ff/nStackXEpoll: PrintTaskInfo:[71] :task: 00******a1b418, task->epollfd: 45, task->taskfd: 64, task->readHandle: 00******a1b420
06-11 09:40:12.386  4823  4823 E C02c02/PARAM: [param_base.c:356]Forbid to open workspace for u:object_r:persist_param:s0 error 13
06-11 09:40:12.386  4823  4823 E C02c02/PARAM: [param_base.c:530]Selinux check name persist.dfx.leak.threshold in u:object_r:persist_param:s0 info [4823 3050 3050] failed!
06-11 09:40:12.386  4823  4823 E C02c02/PARAM: [param_manager.c:688]Forbid to access persist.dfx.leak.threshold label 25904 22
06-11 09:40:12.386  4823  4823 E C02c02/PARAM: [param_manager.c:739]SystemReadParam failed! name is:persist.dfx.leak.threshold, errNum is:1002!
06-11 09:40:12.387  4823  4823 E C02c02/PARAM: [param_base.c:356]Forbid to open workspace for u:object_r:persist_param:s0 error 13
06-11 09:40:12.387  4823  4823 E C02c02/PARAM: [param_base.c:530]Selinux check name persist.hiview.leak_detector in u:object_r:persist_param:s0 info [4823 3050 3050] failed!
06-11 09:40:12.387  4823  4823 E C02c02/PARAM: [param_manager.c:688]Forbid to access persist.hiview.leak_detector label 20864 22
06-11 09:40:12.387  4823  4823 E C02c02/PARAM: [param_manager.c:739]SystemReadParam failed! name is:persist.hiview.leak_detector, errNum is:1002!
06-11 09:40:12.387  4823  4823 E C02c02/PARAM: [param_base.c:356]Forbid to open workspace for u:object_r:persist_param:s0 error 13
06-11 09:40:12.387  4823  4823 E C02c02/PARAM: [param_base.c:530]Selinux check name persist.hiview.leak_detector in u:object_r:persist_param:s0 info [4823 3050 3050] failed!
06-11 09:40:12.387  4823  4823 E C02c02/PARAM: [param_manager.c:688]Forbid to access persist.hiview.leak_detector label 20864 22
06-11 09:40:12.387  4823  4823 E C02c02/PARAM: [param_manager.c:739]SystemReadParam failed! name is:persist.hiview.leak_detector, errNum is:1002!
06-11 09:40:12.389  4823  4823 E C02c02/PARAM: [param_base.c:356]Forbid to open workspace for u:object_r:persist_param:s0 error 13
06-11 09:40:12.389  4823  4823 E C02c02/PARAM: [param_base.c:530]Selinux check name persist.rosen.animationtrace.enabled in u:object_r:persist_param:s0 info [4823 3050 3050]
06-11 09:40:12.389  4823  4823 E C02c02/PARAM: [param_manager.c:688]Forbid to access persist.rosen.animationtrace.enabled label 25904 22
06-11 09:40:12.389  4823  4823 E C02c02/PARAM: [param_manager.c:739]SystemReadParam failed! name is:persist.rosen.animationtrace.enabled, errNum is:1002!
06-11 09:40:12.392  4823  4823 E C02c02/PARAM: [param_base.c:356]Forbid to open workspace for u:object_r:persist_param:s0 error 13
06-11 09:40:12.392  4823  4823 E C02c02/PARAM: [param_base.c:530]Selinux check name persist.ddgr.opinctype in u:object_r:persist_param:s0 info [4823 3050 3050] failed!
06-11 09:40:12.392  4823  4823 E C02c02/PARAM: [param_manager.c:688]Forbid to access persist.ddgr.opinctype label 25904 22
06-11 09:40:12.392  4823  4823 E C02c02/PARAM: [param_manager.c:739]SystemReadParam failed! name is:persist.ddgr.opinctype, errNum is:1002!
06-11 09:40:12.392  4823  4823 E C02c02/PARAM: [param_base.c:356]Forbid to open workspace for u:object_r:persist_param:s0 error 13
06-11 09:40:12.392  4823  4823 E C02c02/PARAM: [param_base.c:530]Selinux check name persist.rosen.ddgr.opinctype.debugtype in u:object_r:persist_param:s0 info [4823 3050 305
06-11 09:40:12.392  4823  4823 E C02c02/PARAM: [param_manager.c:688]Forbid to access persist.rosen.ddgr.opinctype.debugtype label 25904 22
06-11 09:40:12.392  4823  4823 E C02c02/PARAM: [param_manager.c:739]SystemReadParam failed! name is:persist.rosen.ddgr.opinctype.debugtype, errNum is:1002!
06-11 09:40:12.398   664   723 E C01400/OHOS::RS: RsFrameReport:[loadSymbol]Get RSRenderEnd symbol failed: do_dlsym failed: Symbol not found: RSRenderEnd, version: null so=/system/lib64/platformsdk/libframe_ui_intf.z.so
06-11 09:40:12.398   664   723 E C01400/OHOS::RS: RsFrameReport:[RSRenderEnd]load RSRenderEnd function failed!
06-11 09:40:12.398   664   723 E C01400/OHOS::RS: RsFrameReport:[loadSymbol]Get RSRenderStart symbol failed: do_dlsym failed: Symbol not found: RSRenderStart, version: null so=/system/lib64/platformsdk/libframe_ui_intf.z.so
06-11 09:40:12.398   664   723 E C01400/OHOS::RS: RsFrameReport:[RSRenderStart]load RSRenderStart function failed!
06-11 09:40:12.398   664   664 I C01406/OHOS::RS: RSMainThread::SendCommand to [pid:3062,cmdIndex:0,cmdCount:1]
06-11 09:40:12.398  3062  3773 I C01406/OHOS::RS: RSUIDirector::ProcessMessages messageId:2, cmdCount:1, instanceId:100000
06-11 09:40:12.399   503   762 W C02510/DISP: [SetLayerMaskInfo:437] <private> is not supported
06-11 09:40:12.399  3062  3062 I C01406/OHOS::RS: RSUIDirector::PostTask messageId:2, cmdCount:1, instanceId:100000
06-11 09:40:12.404  4823  4823 I C01e00/GLOBAL_I18N: create Locale object for ug failed.
06-11 09:40:12.404  4823  4823 I C01e00/GLOBAL_I18N: create Locale object for bo failed.
06-11 09:40:12.404  4823  4823 I C01e00/GLOBAL_I18N: create Locale object for zh-Hant failed.
06-11 09:40:12.404  4823  4823 I C01e00/GLOBAL_I18N: create Locale object for en-Latn-US failed.
06-11 09:40:12.404  4823  4823 I C01e00/GLOBAL_I18N: create Locale object for zh-Hans failed.
06-11 09:40:12.413  4823  4823 I C01810/SAFWK: AddAbility set profile attr for SA:3506
06-11 09:40:12.413  4823  4823 I C01800/SAMGR: SA:3506 OpenSo 248ms
06-11 09:40:12.413  4823  4823 I C01810/SAFWK: InitOnDemandSa LoadSaLib SA:3506 finished,spend:248ms
06-11 09:40:12.414   121   837 I C01800/SAMGR: AddProc:security_component_service,61_271ms
06-11 09:40:12.414   121   837 I C01800/SAMGR: Scheduler proc:security_component_service handle started event
06-11 09:40:12.414   121   837 I C01800/SAMGR: Scheduler proc:security_component_service state 0 to 1
06-11 09:40:12.414   121   837 I C01800/SAMGR: Scheduler proc:security_component_service started
06-11 09:40:12.414  4823  4823 I C01810/SAFWK: Run curThread is 4,proc:security_component_service,SA:3506
06-11 09:40:12.415   664   723 E C01400/OHOS::RS: RsFrameReport:[loadSymbol]Get RSRenderEnd symbol failed: do_dlsym failed: Symbol not found: RSRenderEnd, version: null so=/system/lib64/platformsdk/libframe_ui_intf.z.so
06-11 09:40:12.415   664   723 E C01400/OHOS::RS: RsFrameReport:[RSRenderEnd]load RSRenderEnd function failed!
06-11 09:40:12.415  4823  4831 I C01810/SAFWK: Start-SA:3506
06-11 09:40:12.415  4823  4831 I C05a05/SecCompService: [OnStart]SecCompService is starting
06-11 09:40:12.415   503   762 W C02510/DISP: [SetLayerMaskInfo:437] <private> is not supported
06-11 09:40:12.416  4823  4831 E C05a05/SecCompService: [RegisterAppStateObserver]Register app state observer success
06-11 09:40:12.419  4823  4831 I C05a05/SecCompSrvEnhanceImpl: [SecCompSrvEnhanceImpl]SecCompSrvEnhanceImpl()
06-11 09:40:12.419  4823  4831 I C05a05/SecCompEnhanceService: [StartEnhanceService]start enhance service.
06-11 09:40:12.419  4823  4831 I C01201/EventRunner: EventRunner created
06-11 09:40:12.419  4823  4831 E C01719/ffrt: 1:StartMonitor:87 blockaware init fail, ret[22], key[0x0]
06-11 09:40:12.420  4823  4831 I C01719/ffrt: 2:QueueMonitor:41 queue monitor ctor enter
06-11 09:40:12.420  4823  4831 I C01719/ffrt: 3:QueueMonitor:53 queue monitor ctor leave, watchdog timeout 30000000 us
06-11 09:40:12.420  4823  4831 I C01719/ffrt: 4:DelayedWorker:205 timerfd:43, monitorfd:-22
06-11 09:40:12.420  4823  4831 E C01719/ffrt: 6:DelayedWorker:214 monitor:-22 add fail, ret:-1, errno:9, Bad file descriptor
06-11 09:40:12.420  4823  4832 W C01719/ffrt: 5:RunForever:41 [-1465386616] set priority warn ret[1] eno[0]
06-11 09:40:12.420  4823  4831 I C01719/ffrt: 7:QueueHandler:64 construct sq_EventHandler_QUEUE_1 succ, qos[2]
06-11 09:40:12.420  4823  4831 I C01201/EventHandler: Create eventHandler 1_447737204294
06-11 09:40:12.420  4823  4831 I C05a05/FirstUseDialog: [IsCfgFileValid]path /data/service/el1/public/security_component_service/first_use_record.json errno 2.
06-11 09:40:12.420  4823  4831 I C05a05/FirstUseDialog: [LoadFirstUseRecord]first use record is invalid.
06-11 09:40:12.423  4823  4831 I C05a05/InputEnhanceSrv: [EnableInputEnhance]Enable input enhance cfg
06-11 09:40:12.423  4823  4831 I C02800/InputManagerImpl: [][SetEnhanceConfig:230] enter
06-11 09:40:12.423  4823  4831 E C02800/MMIClient: [][SetEventHandler:52] CHKPV(eventHandler) is null
06-11 09:40:12.423  4823  4831 I C02801/MultimodalInputConnectProxy: [][MultimodalInputConnectProxy:98] Construct MMI proxy
06-11 09:40:12.424  4823  4831 E C057c2/IPCObjectProxy: SendRequest 168: failed, handle:2 error:29201 desc:*.IConnectManager proxy:3023940224 time:447741718752
06-11 09:40:12.424  4823  4831 I C02d11/DfxBacktrace: Receive GetBacktrace request with skip current frame.
06-11 09:40:12.426  4823  4831 W C02c02/PARAM: [param_base.c:483]Param 'faultloggerd.priv.mixstack.enabled' label gid:3050 uid:3050 mode 0100
06-11 09:40:12.426  4823  4831 W C02c02/PARAM: [param_base.c:484]Cfg label 13084 gid:2000 uid:1202 mode 01f8 
06-11 09:40:12.426  4823  4831 E C02c02/PARAM: [param_manager.c:688]Forbid to access faultloggerd.priv.mixstack.enabled label 13084 58
06-11 09:40:12.426  4823  4831 E C02c02/PARAM: [param_manager.c:739]SystemReadParam failed! name is:faultloggerd.priv.mixstack.enabled, errNum is:1001!
06-11 09:40:12.426  4823  4831 I C02d11/DfxUnwinder: [unwinder.cpp:596] UnwindLocal:: fpUnwind: 0
06-11 09:40:12.431  4823  4831 W C057c2/IPCObjectProxy: SendRequest 174: backtrace info:
06-11 09:40:12.431  4823  4831 W C057c2/IPCObjectProxy: Tid:4831, Name:SaInit3
06-11 09:40:12.431  4823  4831 W C057c2/IPCObjectProxy: #00 pc 0000000000006e6c /system/lib64/chipset-pub-sdk/libbacktrace_local.so(OHOS::HiviewDFX::GetBacktrace(std::__h::basic_string<char, std::__h::char_traits<char>, std::__h::allocator<char>>&, bool, unsigned long)+148)(f10f94eec2b1c9181a84f221fe62f66d)
06-11 09:40:12.431  4823  4831 W C057c2/IPCObjectProxy: #01 pc 00000000000377b4 /system/lib64/platformsdk/libipc_core.z.so(OHOS::IPCObjectProxy::SendRequest(unsigned int, OHOS::MessageParcel&, OHOS::MessageParcel&, OHOS::MessageOption&)+864)(dc43397f7f02cb5a832b9f9965a722e8)
06-11 09:40:12.431  4823  4831 W C057c2/IPCObjectProxy: #02 pc 00000000000a1b4c /system/lib64/platformsdk/libmmi-client.z.so(983a124aaaa153831e79978c260db926)
06-11 09:40:12.431  4823  4831 W C057c2/IPCObjectProxy: #03 pc 000000000008715c /system/lib64/platformsdk/libmmi-client.z.so(983a124aaaa153831e79978c260db926)
06-11 09:40:12.431  4823  4831 W C057c2/IPCObjectProxy: #04 pc 0000000000086c28 /system/lib64/platformsdk/libmmi-client.z.so(983a124aaaa153831e79978c260db926)
06-11 09:40:12.431  4823  4831 W C057c2/IPCObjectProxy: #05 pc 000000000007348c /system/lib64/platformsdk/libmmi-client.z.so(OHOS::MMI::MMIClient::Socket()+76)(983a124aaaa153831e79978c260db926)
06-11 09:40:12.431  4823  4831 W C057c2/IPCObjectProxy: #06 pc 000000000002f4a8 /system/lib64/platformsdk/libmmi-util.z.so(OHOS::MMI::UDSClient::ConnectTo()+60)(63026a73ca60cde56711b370e7706040)
06-11 09:40:12.431  4823  4831 W C057c2/IPCObjectProxy: #07 pc 000000000002faf8 /system/lib64/platformsdk/libmmi-util.z.so(OHOS::MMI::UDSClient::StartClient(std::__h::function<void (OHOS::MMI::UDSClient const&, OHOS::MMI::NetPacket&)>)+356)(63026a73ca60cde56711b370e7706040)
06-11 09:40:12.431  4823  4831 W C057c2/IPCObjectProxy: #08 pc 0000000000070e18 /system/lib64/platformsdk/libmmi-client.z.so(OHOS::MMI::MMIClient::Start()+108)(983a124aaaa153831e79978c260db926)
06-11 09:40:12.431  4823  4831 W C057c2/IPCObjectProxy: #09 pc 00000000000699c4 /system/lib64/platformsdk/libmmi-client.z.so(OHOS::MMI::MultimodalEventHandler::InitClient(std::__h::shared_ptr<OHOS::AppExecFwk::EventHandler>)+668)(983a124aaaa153831e79978c260db926)
06-11 09:40:12.431  4823  4831 W C057c2/IPCObjectProxy: #10 pc 0000000000052e34 /system/lib64/platformsdk/libmmi-client.z.so(OHOS::MMI::InputManagerImpl::SetEnhanceConfig(unsigned char*, unsigned int)+172)(983a124aaaa153831e79978c260db926)
06-11 09:40:12.431  4823  4831 W C057c2/IPCObjectProxy: #11 pc 000000000000daa8 /system/lib64/libsecurity_component_service_enhance.z.so(f2b9642426cce7ad513476b31184d0d2)
06-11 09:40:12.431  4823  4831 W C057c2/IPCObjectProxy: #12 pc 0000000000039428 /system/lib64/libsecurity_component_service.z.so(c3c5d7de978492d5616869e241499d5d)
06-11 09:40:12.431  4823  4831 W C057c2/IPCObjectProxy: #13 pc 0000000000040f98 /system/lib64/libsecurity_component_service.z.so(OHOS::Security::SecurityComponent::SecCompService::OnStart()+220)(c3c5d7de978492d5616869e241499d5d)
06-11 09:40:12.431  4823  4831 W C057c2/IPCObjectProxy: #14 pc 0000000000019178 /system/lib64/platformsdk/libsystem_ability_fwk.z.so(OHOS::SystemAbility::Start()+348)(2b8d01a512087d9bbfe484ad2ae3559a)
06-11 09:40:12.431  4823  4831 W C057c2/IPCObjectProxy: #15 pc 00000000000120a4 /system/lib64/platformsdk/libsystem_ability_fwk.z.so(OHOS::LocalAbilityManager::StartSystemAbilityTask(OHOS::SystemAbility*)+156)(2b8d01a512087d9bbfe484ad2ae3559a)
06-11 09:40:12.431  4823  4831 W C057c2/IPCObjectProxy: #16 pc 0000000000028940 /system/lib64/chipset-pub-sdk/libutils.z.so(516d11d67af310ad83cb1f733650190f)
06-11 09:40:12.431  4823  4831 W C057c2/IPCObjectProxy: #17 pc 00000000001baa48 /system/lib/ld-musl-aarch64.so.1(0c020bf04f124dc2d21e454bcffbe3bc)
06-11 09:40:12.431  4823  4831 W C057c2/IPCObjectProxy: #18 pc 00000000000a29f4 /system/lib/ld-musl-aarch64.so.1(0c020bf04f124dc2d21e454bcffbe3bc)
06-11 09:40:12.432  4823  4831 E C02801/MultimodalInputConnectProxy: [][TransferBinderClientSrv:2329] Send request fail, ret:29201
06-11 09:40:12.432  4823  4831 I C02801/MultimodalInputConnectManager: [][ConnectMultimodalInputService:530] Get multimodalinput service successful
06-11 09:40:12.432   233  3802 I C02801/MMIService: [][AllocSocketFd:493] Enter, programName:security_component_service, moduleType:0, pid:4823
06-11 09:40:12.432   233   436 I C02801/MMIService: [][AddEpoll:205] userdata:[fd:73, type:1]
06-11 09:40:12.432   233   436 I C02801/UDSServer: [][AddEpollEvent:316] Add 73 in epollEvent map
06-11 09:40:12.432   233   436 I C02801/UDSServer: [][AddSession:364] pid:4823, fd:73
06-11 09:40:12.432   233   436 I C02801/UDSServer: [][AddSession:382] AddSession end
06-11 09:40:12.432   233   436 I C02801/MMIService: [][OnConnected:558] fd:73
06-11 09:40:12.432   233  3802 I C02801/MMIService: [][AllocSocketFd:512] Leave, programName:security_component_service, moduleType:0, alloc success
06-11 09:40:12.432   233  3802 I C02801/MultimodalInputConnectStub: [][StubHandleAllocSocketFd:473] Send clientFd to client, clientFd:74, tokenType:1
06-11 09:40:12.432  4823  4831 I C02800/MMIClient: [][OnConnected:256] Connection to server succeeded, fd:45
06-11 09:40:12.432  4823  4831 I C02800/InputManagerImpl: [][OnConnected:1409] enter
06-11 09:40:12.432  4823  4831 I C02800/InputManagerImpl: [][ReAddInputEventFilter:1579] enter
06-11 09:40:12.432  4823  4831 I C02800/InputManagerImpl: [][ReAddInputEventFilter] leave
06-11 09:40:12.432  4823  4831 I C02800/InputManagerImpl: [][PackEnhanceConfig:604] enter
06-11 09:40:12.432  4823  4831 I C02800/InputManagerImpl: [][PackEnhanceConfig] leave
06-11 09:40:12.432  4823  4831 I C02800/InputManagerImpl: [][OnConnected] leave
06-11 09:40:12.432  4823  4831 I C02800/InputHandlerManager: [][OnConnected:644] Reregister gesture monitors on reconnection
06-11 09:40:12.432  4823  4831 I C02800/InputHandlerManager: [][OnConnected:646] Enable event monitors(interceptors) on reconnection
06-11 09:40:12.432  4823  4831 I C02800/InputHandlerManager: [][OnConnected:644] Reregister gesture monitors on reconnection
06-11 09:40:12.432  4823  4831 I C02800/InputHandlerManager: [][OnConnected:646] Enable event monitors(interceptors) on reconnection
06-11 09:40:12.433  4823  4831 I C02800/MMIClient: [][StartEventRunner:121] Create event handler, thread name:OS_mmi_EventHdr
06-11 09:40:12.433  4823  4831 I C02800/MMIClient: [][AddFdListener:158] Server was listening
06-11 09:40:12.433  4823  4831 I C02800/InputManagerImpl: [][PackEnhanceConfig:604] enter
06-11 09:40:12.433  4823  4831 I C02800/InputManagerImpl: [][PackEnhanceConfig] leave
06-11 09:40:12.433  4823  4831 I C02800/InputManagerImpl: [][SetEnhanceConfig] leave
06-11 09:40:12.433  4823  4831 I C05a05/DelayExitTask: [Start]Delay exit service after 120000 ms
06-11 09:40:12.433  4823  4833 I C02800/MMIClient: [][SetScheduler:109] enter
06-11 09:40:12.433  4823  4835 W C01719/ffrt: 8:operator():115 [-1468569208] set priority warn ret[1] eno[0]
06-11 09:40:12.433  4823  4833 E C02c02/PARAM: [param_base.c:356]Forbid to open workspace for u:object_r:persist_param:s0 error 13
06-11 09:40:12.433  4823  4833 E C02c02/PARAM: [param_base.c:530]Selinux check name persist.qosmanager.setQos.on in u:object_r:persist_param:s0 info [4823 3050 3050] failed!
06-11 09:40:12.433  4823  4833 E C02c02/PARAM: [param_manager.c:688]Forbid to access persist.qosmanager.setQos.on label 1956 22
06-11 09:40:12.433  4823  4833 E C02c02/PARAM: [param_manager.c:739]SystemReadParam failed! name is:persist.qosmanager.setQos.on, errNum is:1002!
06-11 09:40:12.436   121   837 I C01800/SAMGR: insert SA:3506_122
06-11 09:40:12.436   121   837 I C01800/SAMGR: Scheduler SA:3506 handle load suc event
06-11 09:40:12.436   121   837 I C01800/SAMGR: Scheduler SA:3506 loaded
06-11 09:40:12.437  4823  4834 W C01719/ffrt: 9:FFRTQosApplyForOther:244 tid 4834, Interrupted system call, ret:-1, eno:4
06-11 09:40:12.437  4823  4831 I C01810/SAFWK: Publish SA:3506 result:0,spend:3ms
06-11 09:40:12.437  4823  4831 I C05a05/SecCompService: [OnStart]Congratulations, SecCompService start successfully!
06-11 09:40:12.437  4823  4831 I C01810/SAFWK: Start OnStart-SA:3506 finished, spend:22 ms
06-11 09:40:12.437  4823  4831 I C01810/SAFWK: StartSystemAbilityTask security_component_service SA:3506 init finished, 273 ms
06-11 09:40:12.437  4823  4823 I C01810/SAFWK: start tasks proc:security_component_service end,spend 23ms
06-11 09:40:12.438   121  4824 I C01800/SAMGR: FindSaNotify SA:3506,3_93
06-11 09:40:12.438   121  4824 I C01800/SAMGR: SendSaAddedMsg notify SA:3506
06-11 09:40:12.438   121  4824 I C01800/SAMGR: notify SA:3506,122_61_3062
06-11 09:40:12.439  4823  4833 E C01707/CONCUR: [Interface] task 4833 apply qos failed, errno = 4
06-11 09:40:12.439  4823  4833 I C02800/MMIClient: [][SetScheduler] leave
06-11 09:40:12.440   926   929 I C01810/SAFWK: NotifyListener SA:3506,listenerSA:3503,code:1
06-11 09:40:12.440  3062  3773 I C05a05/SecCompClient: [OnLoadSystemAbilitySuccess]Start systemAbilityId: 3506 success!
06-11 09:40:12.440  3062  3773 I C05a05/SecCompClient: [GetProxyFromRemoteObject]GetSystemAbility 3506 success
06-11 09:40:12.440  3062  3773 W C01810/SA_CLIENT: OnLoadSaSucInner SA:3506 spend 1ms
06-11 09:40:12.440   121  4836 W C01719/ffrt: 240:FFRTQosApplyForOther:244 tid 4836, Interrupted system call, ret:-1, eno:4
06-11 09:40:12.443  3062  3062 I C05a05/SecCompClientEnhanceImpl: [EnhanceClientSerialize]Client sessionInfo sent: pid=3062, sessionId=3739081015, seqNum=******183.
06-11 09:40:12.443   121  4837 W C01719/ffrt: 241:FFRTQosApplyForOther:244 tid 4837, Interrupted system call, ret:-1, eno:4
06-11 09:40:12.446   542  3799 I C05a02/PrivacySecCompEnhanceAgent: [GetSecCompEnhance:170]Get pid 3062 data.
06-11 09:40:12.446  4823  4823 I C05a02/PrivacyManagerProxy: [GetSecCompEnhance:375]Result from server data = 0
06-11 09:40:12.446  4823  4823 I C05a05/SecCompEnhanceService: [GetCallbackFromAccessToken]get pid 3062 enhance callback.
06-11 09:40:12.446  4823  4823 I C05a05/SecCompSrvEnhanceImpl: [CheckSessionInfo]Service pid=3062, sessionId=3739081015, seqNum=******183.
06-11 09:40:12.447  4823  4823 I C0420f/WMSRecover: [] RegisterSMSRecoverListener(250): Register recover listener
06-11 09:40:12.447   682   718 I C04200/MockSessionManagerServiceStub: (35)OnRemoteRequest: Receive MockSessionManagerServiceMessage = 3
06-11 09:40:12.447   682   718 I C0420f/WMSRecover: [mock_session_manager_service.cpp] RegisterSMSRecoverListener(342): clientUserId = 0, pid = 4823
06-11 09:40:12.447   682   718 I C0420f/WMSRecover: [mock_session_manager_service.cpp] RegisterSMSRecoverListener(367): WMS is already connected, notify client
06-11 09:40:12.447  4823  4823 I C0420f/WMSRecover: [] RegisterSMSRecoverListener(455): Register recover listener
06-11 09:40:12.447  4823  4827 I C04210/WMSMultiUser: [] OnWMSConnectionChanged(125): curUserId=100, oldUserId=-1, screenId=0, isConnected=1
06-11 09:40:12.447  4823  4827 E C04210/WMSMultiUser: [] OnWMSConnectionChangedCallback(101): WMS CallbackFunc is null.
06-11 09:40:12.447   682   718 I C04200/MockSessionManagerServiceStub: (35)OnRemoteRequest: Receive MockSessionManagerServiceMessage = 5
06-11 09:40:12.447   682   718 I C0420f/WMSRecover: [mock_session_manager_service.cpp] RegisterSMSLiteRecoverListener(446): clientUserId = 0, pid = 4823
06-11 09:40:12.448   682   718 I C04210/WMSMultiUser: [mock_session_manager_service.cpp] RegisterSMSLiteRecoverListener(471): Lite wms is already connected, notify client
06-11 09:40:12.448   682   718 I C04200/MockSessionManagerServiceStub: (35)OnRemoteRequest: Receive MockSessionManagerServiceMessage = 0
06-11 09:40:12.448   682   718 I C04210/WMSMultiUser: [mock_session_manager_service.cpp] GetSessionManagerService(280): System user, return current sessionManagerService with 100
06-11 09:40:12.448  4823  4827 I C04210/WMSMultiUser: [] OnWMSConnectionChanged(256): Lite: curUserId=100, oldUserId=-1, screenId=0, isConnected=1
06-11 09:40:12.448  4823  4827 E C04210/WMSMultiUser: [] OnWMSConnectionChangedCallback(472): Lite WMS CallbackFunc is null.
06-11 09:40:12.448  4823  4823 I C04210/WMSMultiUser: [] RegisterUserSwitchListener(345): enter
06-11 09:40:12.449  4823  4823 I C05a05/WindowInfoHelper: [GetWindowScale]Get scale 1.000000
06-11 09:40:12.449  4823  4823 I C05a05/SecCompEnhanceCheckCallbackProx: [GetCallerSecurityComponentInfo]Call client to get security component
06-11 09:40:12.449  4823  4823 I C05a05/WindowInfoHelper: [GetWindowScale]Get scale 1.000000
06-11 09:40:12.449  4823  4823 I C05a05/DelayExitTask: [Stop]service delay exit handler stop
06-11 09:40:12.452  3062  3062 I C05a05/SecCompClientEnhanceImpl: [EnhanceClientDeserialize]Client sessionInfo updated: pid=3062, sessionId=3739081015, seqNum=******183.
06-11 09:40:12.501   125  4772 W C01719/ffrt: 466:~WorkerThread:72 to exit, qos[2]
06-11 09:40:12.505   125  4769 W C01719/ffrt: 467:~WorkerThread:72 to exit, qos[2]
06-11 09:40:12.525   125  4774 W C01719/ffrt: 468:~WorkerThread:72 to exit, qos[2]
06-11 09:40:12.624  4820  4820 I C03100/UiTestKit_Base: [ui_driver.cpp:(InputText)] inputText by Keycode
06-11 09:40:12.624  4820  4820 I C02800/InputManagerImpl: [][SimulateInputEvent:983] action:2
06-11 09:40:12.624   233   436 I C02802/EventNormalizeHandler: [K:D:57][HandleKeyEvent:284] See InputTracking-Dict, I:57, KC:<private>, AT:447941112, ET:key, KA:KEY_ACTION_DOWN, NL:0, CL:<private>, SL:<private>, KIC:<private>, DI:-1, IR:false, SI:true
06-11 09:40:12.624   233   436 I C02802/EventNormalizeHandler: [K:D:57][HandleKeyEvent:284] DN:-1, KC:<private>, DT:0, IP:1,
06-11 09:40:12.624   233   436 I C02802/EventNormalizeHandler: [K:D:57][HandleKeyEvent:284] <private>]
06-11 09:40:12.624   233   436 I C02802/KeyCommandHandler: [K:D:57][HandleEvent:1419] Combination key currentKey:2024, repeatKey:-1
06-11 09:40:12.624   233   436 I C02802/KeyCommandHandler: [K:D:57][HandleRepeatKeys:1554] Handle repeat key, isLaunched:0, waitRepeatKey:0
06-11 09:40:12.624   233   436 E C02802/KeySubscriberHandler: [K:D:57][HandleCallEnded:1158] CallBehaviorState is false
06-11 09:40:12.624   233   436 I C02800/KeyGestureManager: [K:D:57][Intercept:407] enter
06-11 09:40:12.625   233   436 I C02800/KeyGestureManager: [K:D:57][Intercept] leave
06-11 09:40:12.625   233   436 I C02802/KeySubscriberHandler: [K:D:57][HandleKeyDown:828] Foreground pid size:4
06-11 09:40:12.627   233   436 I C02805/EventDispatchHandler: [K:D:57][DispatchKeyEvent:467] InputTracking id:57, SendMsg to dev.makepad.makepad_example_native_text_input:pid:3062
06-11 09:40:12.627  3062  3397 I C02805/ClientMsgHandler: [K:D:57][OnKeyEvent:150] Received.
06-11 09:40:12.627  3062  3397 I C02805/InputManagerImpl: [K:D:57][OnKeyEvent:442] id:57 recv
06-11 09:40:12.627  3062  3397 I C04213/InputKeyFlow: [] OnInputEvent(48): eid:0,InputId:57,wid:36
06-11 09:40:12.627  3062  3397 I C04200/InputChannel: (165)isKeyFN: 0, isKeyboard: 1
06-11 09:40:12.629  2781  2781 I C03f01/NAPI: [(native_module_manager.cpp:297)(Register)] At tail register module name is 'multimodalInput.keyEvent', isAppModule is 0
06-11 09:40:12.630  2781  2781 I A000ff/HMKeyboard_HardwareInputManager: onKeyEventNew. the action is Action.DOWN
06-11 09:40:12.630  2781  2781 I A000ff/HMKeyboard_HardwareInputManager: onKeyDown, isShift:false, isCapsLock:false, isAlt:false, isNumLock:false, isAlphaKeyboardExist: false, isSoftKeyboardShow: true, isfull:false, isSpace:false, keysLenght: 1
06-11 09:40:12.630  2781  2781 I A000ff/HMKeyboard_HardInputShortCutKey: initDefaultShortCutKeyInfo
06-11 09:40:12.630  2781  2781 I A000ff/HMKeyboard_HardInputShortCutKey: setCacheShortCutKeyInfo. targetShortCutKey: pre_shortcut_switch_zh_en, shortCutKeyInfo: {"h403":[2047],"i403":-1}
06-11 09:40:12.630  2781  2781 I A000ff/HMKeyboard_HardInputShortCutKey: initDefaultShortCutKeyInfo
06-11 09:40:12.630  2781  2781 I A000ff/HMKeyboard_HardInputShortCutKey: setCacheShortCutKeyInfo. targetShortCutKey: pre_shortcut_switch_simp_and_tradi, shortCutKeyInfo: {"h403":[2072,2047],"i403":2022}
06-11 09:40:12.630  2781  2781 I A000ff/HMKeyboard_HardInputShortCutKey: initDefaultShortCutKeyInfo
06-11 09:40:12.630  2781  2781 I A000ff/HMKeyboard_HardInputShortCutKey: setCacheShortCutKeyInfo. targetShortCutKey: pre_shortcut_open_emoji_symbol, shortCutKeyInfo: {"h403":[2072,2047],"i403":2018}
06-11 09:40:12.630  2781  2781 I A000ff/HMKeyboard_HardInputShortCutKey: initDefaultShortCutKeyInfo
06-11 09:40:12.630  2781  2781 I A000ff/HMKeyboard_HardInputShortCutKey: setCacheShortCutKeyInfo. targetShortCutKey: pre_shortcut_open_voice_input, shortCutKeyInfo: {"h403":[2072,2047],"i403":2041}
06-11 09:40:12.630  2781  2781 I A000ff/HMKeyboard_HardInputShortCutKey: initDefaultShortCutKeyInfo
06-11 09:40:12.630  2781  2781 I A000ff/HMKeyboard_HardInputShortCutKey: setCacheShortCutKeyInfo. targetShortCutKey: pre_shortcut_open_inputmethod_menu, shortCutKeyInfo: {"h403":[2072,2047],"i403":2029}
06-11 09:40:12.630  2781  2781 I A000ff/HMKeyboard_HardInputShortCutKey: initDefaultShortCutKeyInfo
06-11 09:40:12.630  2781  2781 I A000ff/HMKeyboard_HardInputShortCutKey: setCacheShortCutKeyInfo. targetShortCutKey: pre_shortcut_open_quote_setting, shortCutKeyInfo: {"h403":[2072,2047],"i403":2019}
06-11 09:40:12.630  2781  2781 I A000ff/HMKeyboard_HardInputShortCutKey: outputLogShortKeyDesc. shortCutKey: pre_shortcut_switch_zh_en, shortCutKeyInfo: {"h403":[2047],"i403":-1}
06-11 09:40:12.630  2781  2781 I A000ff/HMKeyboard_HardInputShortCutKey: outputLogShortKeyDesc. shortCutKey: pre_shortcut_switch_simp_and_tradi, shortCutKeyInfo: {"h403":[2072,2047],"i403":2022}
06-11 09:40:12.630  2781  2781 I A000ff/HMKeyboard_HardInputShortCutKey: outputLogShortKeyDesc. shortCutKey: pre_shortcut_open_emoji_symbol, shortCutKeyInfo: {"h403":[2072,2047],"i403":2018}
06-11 09:40:12.630  2781  2781 I A000ff/HMKeyboard_HardInputShortCutKey: outputLogShortKeyDesc. shortCutKey: pre_shortcut_open_voice_input, shortCutKeyInfo: {"h403":[2072,2047],"i403":2041}
06-11 09:40:12.630  2781  2781 I A000ff/HMKeyboard_HardInputShortCutKey: outputLogShortKeyDesc. shortCutKey: pre_shortcut_open_inputmethod_menu, shortCutKeyInfo: {"h403":[2072,2047],"i403":2029}
06-11 09:40:12.630  2781  2781 I A000ff/HMKeyboard_HardInputShortCutKey: outputLogShortKeyDesc. shortCutKey: pre_shortcut_open_quote_setting, shortCutKeyInfo: {"h403":[2072,2047],"i403":2019}
06-11 09:40:12.630  2781  2781 W A000ff/HMKeyboard_HardInputShortCutKey: isShortCutForSwitchSimpAndTradi. because isNotValidScene. so ignore.
06-11 09:40:12.630  2781  2781 W A000ff/HMKeyboard_HardInputShortCutKey: isShortCutForOpenEmojiSymbol. because isNotValidScene. so ignore.
06-11 09:40:12.630  2781  2781 W A000ff/HMKeyboard_HardInputShortCutKey: isShortCutForOpenVoiceInput. because isNotValidScene. so ignore.
06-11 09:40:12.630  2781  2781 W A000ff/HMKeyboard_HardInputShortCutKey: isShortCutForOpenInputMethodMenu. because isNotValidScene. so ignore.
06-11 09:40:12.631  2781  2781 I A000ff/HMKeyboard_HardwareInputManager: onKeyDown. isZh: true, isInputStateZH: false,true,local:zh_CN}
06-11 09:40:12.631  2781  2781 I A000ff/HMKeyboard_PairSymbolInputManag: inputPattern:-1
06-11 09:40:12.631  2781  2781 I A000ff/HMKeyboard_TradZhInputHelper: isZYMainKeyboard subtypeId: Input_ZH_26Menu
06-11 09:40:12.631  2781  2781 I A000ff/HMKeyboard_HardwareInputManager: onKeyDown by script, just return, isAlphaKeyboardExist: false
06-11 09:40:12.631  2781  2781 W C01c10/ImsaKit: line: 367, function: DealKeyEvent,ime is not consumed, result: 0.
06-11 09:40:12.631  3062  3407 I C0420c/WMSEvent: [] DispatchKeyEventCallback(3916): Start to process keyEvent, id: 57
06-11 09:40:12.631  3062  3062 I C03900/Ace: [(100000:100000:scope)] SelectOverlay: Close selectoverlay by id 11, reason 1
06-11 09:40:12.631  3062  3062 I C03953/AceSelectOverlay: [(100000:100000:scope)] Remove node [SelectOverlay, 16] from [root, 0]
06-11 09:40:12.632  3062  3062 I C05a05/SecCompClientEnhanceImpl: [EnhanceClientSerialize]Client sessionInfo sent: pid=3062, sessionId=3739081015, seqNum=******184.
06-11 09:40:12.632  4823  4823 I C05a05/SecCompSrvEnhanceImpl: [CheckSessionInfo]Service pid=3062, sessionId=3739081015, seqNum=******184.
06-11 09:40:12.632  4823  4823 I C05a05/InputEnhanceSrv: [DisableInputEnhance]Disable input enhance cfg
06-11 09:40:12.632  4823  4823 I C02800/InputManagerImpl: [][SetEnhanceConfig:230] enter
06-11 09:40:12.632  4823  4823 I C02800/InputManagerImpl: [][PackEnhanceConfig:604] enter
06-11 09:40:12.632  4823  4823 I C02800/InputManagerImpl: [][PackEnhanceConfig] leave
06-11 09:40:12.632  4823  4823 I C02800/InputManagerImpl: [][SetEnhanceConfig] leave
06-11 09:40:12.632  4823  4823 I C05a05/DelayExitTask: [Start]Delay exit service after 120000 ms
06-11 09:40:12.632  3062  3062 I C05a05/SecCompClientEnhanceImpl: [EnhanceClientDeserialize]Client sessionInfo updated: pid=3062, sessionId=3739081015, seqNum=******184.
06-11 09:40:12.632  3062  3062 I C03953/AceSelectOverlay: [(100000:100000:scope)] Remove node [SelectOverlay, 24] from [root, 0]
06-11 09:40:12.632  3062  3062 I C03956/AceSecurityComponent: [(100000:100000:scope)] security component has not registered, regStatus 0.
06-11 09:40:12.633  3062  3062 I C0391c/AceFocus: [(100000:100000:scope)] OnKeyEventInteral: Node TextInput/11 handle KeyEvent(secure_field, 0) return: 1
06-11 09:40:12.633  3062  3062 I C0391c/AceFocus: [(100000:100000:scope)] Focus system handled the key event: code:secure_field/action:0
06-11 09:40:12.635  3062  3062 I C03914/AceTextField: [(100000:100000:scope)] BeforeIMEInsertValue len:<private>,offset:<private>
06-11 09:40:12.637  3062  3062 I C03914/AceTextField: [(100000:100000:scope)] AfterIMEInsertValue len:<private>,offset:<private>
06-11 09:40:12.638  3062  3062 I C03912/AceTextInput: [(100000:100000:scope)] before move, handleRect.GetX():82.160034,handleRect.GetY():28.056004
06-11 09:40:12.638  3062  3062 I C03912/AceTextInput: [(100000:100000:scope)] after move, handleRect.GetX():78.910034,handleRect.GetY():28.056004
06-11 09:40:12.638  3062  3062 I C03914/AceTextField: [(100000:100000:scope)] textfield 11 positionY: 653.000000, height: 167.000000,paintOffset: Offset (124.00, 653.00), windowRect: 0.000000
06-11 09:40:12.638  3062  3062 I C01c10/ImsaKit: line: 718, function: OnCursorUpdate,left: 202, top: 681, height: 60.
06-11 09:40:12.638  2781  2837 I C01c10/ImsaKit: line: 255, function: ExecuteCurrentTask,curTask_ completed
06-11 09:40:12.638  3062  3062 I C01c10/ImsaKit: line: 752, function: OnSelectionChange,IMC size: 1, range: 0/0/1/1.
06-11 09:40:12.638  2781  2781 I A000ff/HMKeyboard_KBDDelegateEventRegi: onCursorContextChange,x:202,y:681,h:60
06-11 09:40:12.638  2781  2837 I C01c10/ImsaKit: line: 255, function: ExecuteCurrentTask,curTask_ completed
06-11 09:40:12.638  3062  3062 I C03914/AceTextField: [(100000:100000:scope)] UpdateCaretInfoToController, left 202.910034, top 681.056004, width 6.500000, height 60.943996, selectController_ Start 1, end 1
06-11 09:40:12.638  2781  2781 I A000ff/HMKeyboard_TextBeforeCursorGett: do getForward
06-11 09:40:12.638  3062  3062 I C03914/AceTextField: [(100000:100000:scope)] On change previewText, len:0, index:<private>
06-11 09:40:12.639  2781  2781 I A000ff/HMKeyboard_KBDDelegateEventRegi: onTextChange, len:1
06-11 09:40:12.639  2781  2781 I A000ff/HMKeyboard_InputManager: this.inputTextLength = 1
06-11 09:40:12.639  2781  2781 I A000ff/HMKeyboard_KeyboardModeManager: isHandWriteOnKbd isInputStatus false
06-11 09:40:12.639  2781  2781 I A000ff/HMKeyboard_KBDDelegateEventRegi: onSelectionChange, ob: 0, oe: 0, nb: 1, ne: 1
06-11 09:40:12.639  2781  2781 I A000ff/HMKeyboard_KeyboardModeManager: isHandWriteOnKbd isInputStatus false
06-11 09:40:12.639  2781  2781 I A000ff/HMKeyboard_AutoCalcUtil: No calc character.
06-11 09:40:12.640  3062  3062 I A03d00/JSAPP: [MakepadNTI] changed id=23 programmatic_echo=false len=1
06-11 09:40:12.640  3062  3062 I C03914/AceTextField: [(100000:100000:scope)] On selection change start <private>, end <private>
06-11 09:40:12.641  2781  2781 I A000ff/HMKeyboard_TextBeforeCursorGett: updateTextBeforeCursor end
06-11 09:40:12.652   664   723 E C01400/OHOS::RS: RsFrameReport:[loadSymbol]Get RSRenderStart symbol failed: do_dlsym failed: Symbol not found: RSRenderStart, version: null so=/system/lib64/platformsdk/libframe_ui_intf.z.so
06-11 09:40:12.652   664   723 E C01400/OHOS::RS: RsFrameReport:[RSRenderStart]load RSRenderStart function failed!
06-11 09:40:12.654  3062  3383 I A03d00/makepad-ohos: [I] examples/native_text_input/src/main.rs:422:12 - NativeTextInput smoke: changed action received: h
06-11 09:40:12.654  3062  3383 I A03d00/makepad-ohos: [I] examples/native_text_input/src/main.rs:498:12 - NativeTextInput smoke: selection 1..1
06-11 09:40:12.657   664   723 E C01400/OHOS::RS: RsFrameReport:[loadSymbol]Get RSRenderEnd symbol failed: do_dlsym failed: Symbol not found: RSRenderEnd, version: null so=/system/lib64/platformsdk/libframe_ui_intf.z.so
06-11 09:40:12.657   664   723 E C01400/OHOS::RS: RsFrameReport:[RSRenderEnd]load RSRenderEnd function failed!
06-11 09:40:12.657   503  3425 W C02510/DISP: [SetLayerMaskInfo:437] <private> is not supported
06-11 09:40:12.660  3062  3383 E C02515/DGLES: [d_eglSwapBuffers_special@egl_gpu.cpp:729] thread output size 122670 speed 0k/s API_num 142
06-11 09:40:12.668   664   723 E C01400/OHOS::RS: RsFrameReport:[loadSymbol]Get RSRenderStart symbol failed: do_dlsym failed: Symbol not found: RSRenderStart, version: null so=/system/lib64/platformsdk/libframe_ui_intf.z.so
06-11 09:40:12.668   664   723 E C01400/OHOS::RS: RsFrameReport:[RSRenderStart]load RSRenderStart function failed!
06-11 09:40:12.669   664   723 E C02515/DGLES: [d_eglCreateImage_special@egl_gpu.cpp:283] createimage with ctx null opengl_context 7f89697000
06-11 09:40:12.669   664   723 E C02515/DGLES: [d_glBindTexture_special@glv3_status.cpp:692] bind external with nullptr gbuffer 0
06-11 09:40:12.670  3062  3062 I A03d00/JSAPP: [MakepadNTI] layout id=21 makepad_rect=38,102,311.69232177734375,28 applied_size=311.69232177734375x28 visible=true vp_px=3.25
06-11 09:40:12.671  3062  3062 I A03d00/JSAPP: [MakepadNTI] layout id=23 makepad_rect=38,162,311.69232177734375,36 applied_size=311.69232177734375x36 visible=true vp_px=3.25
06-11 09:40:12.672  3062  3062 I A03d00/JSAPP: [MakepadNTI] layout id=25 makepad_rect=38,230,311.69232177734375,36 applied_size=311.69232177734375x36 visible=true vp_px=3.25
06-11 09:40:12.673   664   723 E C01400/OHOS::RS: RsFrameReport:[loadSymbol]Get RSRenderEnd symbol failed: do_dlsym failed: Symbol not found: RSRenderEnd, version: null so=/system/lib64/platformsdk/libframe_ui_intf.z.so
06-11 09:40:12.673   664   723 E C01400/OHOS::RS: RsFrameReport:[RSRenderEnd]load RSRenderEnd function failed!
06-11 09:40:12.674  3062  3062 I A03d00/JSAPP: [MakepadNTI] layout id=58 makepad_rect=46,668,295.69232177734375,36 applied_size=295.69232177734375x36 visible=true vp_px=3.25
06-11 09:40:12.674   503   762 W C02510/DISP: [SetLayerMaskInfo:437] <private> is not supported
06-11 09:40:12.677  4820  4820 I C02800/InputManagerImpl: [][SimulateInputEvent:983] action:3
06-11 09:40:12.678   233   436 I C02802/EventNormalizeHandler: [K:U:58][HandleKeyEvent:284] See InputTracking-Dict, I:58, KC:<private>, AT:447994597, ET:key, KA:KEY_ACTION_UP, NL:0, CL:<private>, SL:<private>, KIC:<private>, DI:-1, IR:false, SI:true
06-11 09:40:12.678   233   436 I C02802/EventNormalizeHandler: [K:U:58][HandleKeyEvent:284] DN:-1, KC:<private>, DT:0, IP:1,
06-11 09:40:12.678   233   436 I C02802/EventNormalizeHandler: [K:U:58][HandleKeyEvent:284] <private>]
06-11 09:40:12.678   233   436 I C02802/KeyCommandHandler: [K:U:58][HandleRepeatKeys:1554] Handle repeat key, isLaunched:0, waitRepeatKey:0
06-11 09:40:12.678   233   436 E C02802/KeySubscriberHandler: [K:U:58][HandleCallEnded:1158] CallBehaviorState is false
06-11 09:40:12.678   233   436 I C02800/KeyGestureManager: [K:U:58][Intercept:407] enter
06-11 09:40:12.678   233   436 I C02800/KeyGestureManager: [K:U:58][Intercept] leave
06-11 09:40:12.678   233   436 I C02805/EventDispatchHandler: [K:U:58][DispatchKeyEvent:467] InputTracking id:58, SendMsg to dev.makepad.makepad_example_native_text_input:pid:3062
06-11 09:40:12.678  3062  3397 I C02805/ClientMsgHandler: [K:U:58][OnKeyEvent:150] Received.
06-11 09:40:12.678  4820  4820 I C02800/InputManagerImpl: [][SimulateInputEvent:983] action:2
06-11 09:40:12.678  3062  3397 I C02805/InputManagerImpl: [K:U:58][OnKeyEvent:442] id:58 recv
06-11 09:40:12.678  3062  3397 I C04213/InputKeyFlow: [] OnInputEvent(48): eid:1,InputId:58,wid:36
06-11 09:40:12.678   233   436 I C02802/EventNormalizeHandler: [K:D:59][HandleKeyEvent:284] See InputTracking-Dict, I:59, KC:<private>, AT:447995433, ET:key, KA:KEY_ACTION_DOWN, NL:0, CL:<private>, SL:<private>, KIC:<private>, DI:-1, IR:false, SI:true
06-11 09:40:12.678   233   436 I C02802/EventNormalizeHandler: [K:D:59][HandleKeyEvent:284] DN:-1, KC:<private>, DT:0, IP:1,
06-11 09:40:12.678   233   436 I C02802/EventNormalizeHandler: [K:D:59][HandleKeyEvent:284] <private>]
06-11 09:40:12.678  3062  3397 I C04200/InputChannel: (165)isKeyFN: 0, isKeyboard: 1
06-11 09:40:12.678   233   436 I C02802/KeyCommandHandler: [K:D:59][HandleEvent:1419] Combination key currentKey:2021, repeatKey:-1
06-11 09:40:12.679   233   436 I C02802/KeyCommandHandler: [K:D:59][HandleRepeatKeys:1554] Handle repeat key, isLaunched:0, waitRepeatKey:0
06-11 09:40:12.679   233   436 E C02802/KeySubscriberHandler: [K:D:59][HandleCallEnded:1158] CallBehaviorState is false
06-11 09:40:12.679   233   436 I C02800/KeyGestureManager: [K:D:59][Intercept:407] enter
06-11 09:40:12.679   233   436 I C02800/KeyGestureManager: [K:D:59][Intercept] leave
06-11 09:40:12.679   233   436 I C02802/KeySubscriberHandler: [K:D:59][HandleKeyDown:828] Foreground pid size:4
06-11 09:40:12.679  2781  2781 I A000ff/HMKeyboard_HardwareInputManager: onKeyEventNew. the action is Action.UP
06-11 09:40:12.679  2781  2781 W A000ff/HMKeyboard_HardInputShortCutKey: isShortCutForSwitchZhEn. isSingleShiftKeyUp is false. isSingleCtrlKeyUp is false.
06-11 09:40:12.679  2781  2781 I A000ff/HMKeyboard_HardwareInputManager: onKeyUp. isShortCutForSwitchZhEn: false
06-11 09:40:12.679  2781  2781 I A000ff/HMKeyboard_TradZhInputHelper: isZYMainKeyboard subtypeId: Input_ZH_26Menu
06-11 09:40:12.679   233   436 I C02805/EventDispatchHandler: [K:D:59][DispatchKeyEvent:467] InputTracking id:59, SendMsg to dev.makepad.makepad_example_native_text_input:pid:3062
06-11 09:40:12.679  3062  3360 I C0420c/WMSEvent: [] DispatchKeyEventCallback(3916): Start to process keyEvent, id: 58
06-11 09:40:12.679  2781  2781 W C01c10/ImsaKit: line: 367, function: DealKeyEvent,ime is not consumed, result: 0.
06-11 09:40:12.679  3062  3397 I C02805/ClientMsgHandler: [K:D:59][OnKeyEvent:150] Received.
06-11 09:40:12.679  3062  3397 I C02805/InputManagerImpl: [K:D:59][OnKeyEvent:442] id:59 recv
06-11 09:40:12.679  3062  3397 I C04213/InputKeyFlow: [] OnInputEvent(48): eid:2,InputId:59,wid:36
06-11 09:40:12.679  3062  3062 I C0391c/AceFocus: [(100000:100000:scope)] OnKeyEventInteral: Node TextInput/11 handle KeyEvent(secure_field, 1) return: 0
06-11 09:40:12.679  3062  3397 I C04200/InputChannel: (165)isKeyFN: 0, isKeyboard: 1
06-11 09:40:12.680  2781  2781 I A000ff/HMKeyboard_HardwareInputManager: onKeyEventNew. the action is Action.DOWN
06-11 09:40:12.680  2781  2781 I A000ff/HMKeyboard_HardwareInputManager: onKeyDown, isShift:false, isCapsLock:false, isAlt:false, isNumLock:false, isAlphaKeyboardExist: false, isSoftKeyboardShow: true, isfull:false, isSpace:false, keysLenght: 1
06-11 09:40:12.680  2781  2781 W A000ff/HMKeyboard_HardInputShortCutKey: isShortCutForSwitchSimpAndTradi. because isNotValidScene. so ignore.
06-11 09:40:12.680  2781  2781 W A000ff/HMKeyboard_HardInputShortCutKey: isShortCutForOpenEmojiSymbol. because isNotValidScene. so ignore.
06-11 09:40:12.680  2781  2781 W A000ff/HMKeyboard_HardInputShortCutKey: isShortCutForOpenVoiceInput. because isNotValidScene. so ignore.
06-11 09:40:12.680  2781  2781 W A000ff/HMKeyboard_HardInputShortCutKey: isShortCutForOpenInputMethodMenu. because isNotValidScene. so ignore.
06-11 09:40:12.680  2781  2781 I A000ff/HMKeyboard_HardwareInputManager: onKeyDown. isZh: true, isInputStateZH: false,true,local:zh_CN}
06-11 09:40:12.680  2781  2781 I A000ff/HMKeyboard_PairSymbolInputManag: inputPattern:-1
06-11 09:40:12.680  2781  2781 I A000ff/HMKeyboard_TradZhInputHelper: isZYMainKeyboard subtypeId: Input_ZH_26Menu
06-11 09:40:12.680  2781  2781 I A000ff/HMKeyboard_HardwareInputManager: onKeyDown by script, just return, isAlphaKeyboardExist: false
06-11 09:40:12.680  2781  2781 W C01c10/ImsaKit: line: 367, function: DealKeyEvent,ime is not consumed, result: 0.
06-11 09:40:12.680  3062  3407 I C0420c/WMSEvent: [] DispatchKeyEventCallback(3916): Start to process keyEvent, id: 59
06-11 09:40:12.680  3062  3062 I C0391c/AceFocus: [(100000:100000:scope)] OnKeyEventInteral: Node TextInput/11 handle KeyEvent(secure_field, 0) return: 1
06-11 09:40:12.680  3062  3062 I C0391c/AceFocus: [(100000:100000:scope)] Focus system handled the key event: code:secure_field/action:0
06-11 09:40:12.683   664   771 I C01400/Vsync: ChangeState: StateChange: DVSYNC -> DVSYNC_TO_VSYNC
06-11 09:40:12.683   664   771 I C01400/Vsync: ChangeState: StateChange: DVSYNC -> DVSYNC_TO_VSYNC
06-11 09:40:12.684  3062  3062 I C03914/AceTextField: [(100000:100000:scope)] BeforeIMEInsertValue len:<private>,offset:<private>
06-11 09:40:12.684  3062  3062 I C03914/AceTextField: [(100000:100000:scope)] AfterIMEInsertValue len:<private>,offset:<private>
06-11 09:40:12.684  3062  3062 I C03912/AceTextInput: [(100000:100000:scope)] before move, handleRect.GetX():110.604065,handleRect.GetY():28.056004
06-11 09:40:12.684  3062  3062 I C03912/AceTextInput: [(100000:100000:scope)] after move, handleRect.GetX():107.354065,handleRect.GetY():28.056004
06-11 09:40:12.684  3062  3062 I C03914/AceTextField: [(100000:100000:scope)] textfield 11 positionY: 653.000000, height: 167.000000,paintOffset: Offset (124.00, 653.00), windowRect: 0.000000
06-11 09:40:12.684  3062  3062 I C01c10/ImsaKit: line: 718, function: OnCursorUpdate,left: 231, top: 681, height: 60.
06-11 09:40:12.685  3062  3062 I C01c10/ImsaKit: line: 752, function: OnSelectionChange,IMC size: 2, range: 1/1/2/2.
06-11 09:40:12.685  2781  2837 I C01c10/ImsaKit: line: 255, function: ExecuteCurrentTask,curTask_ completed
06-11 09:40:12.685  2781  2837 I C01c10/ImsaKit: line: 255, function: ExecuteCurrentTask,curTask_ completed
06-11 09:40:12.685  3062  3062 I C03914/AceTextField: [(100000:100000:scope)] UpdateCaretInfoToController, left 231.354065, top 681.056004, width 6.500000, height 60.943996, selectController_ Start 2, end 2
06-11 09:40:12.685  3062  3062 I C03914/AceTextField: [(100000:100000:scope)] On change previewText, len:0, index:<private>
06-11 09:40:12.685  2781  2781 I A000ff/HMKeyboard_KBDDelegateEventRegi: onCursorContextChange,x:231,y:681,h:60
06-11 09:40:12.685  2781  2781 I A000ff/HMKeyboard_TextBeforeCursorGett: do getForward
06-11 09:40:12.685  3062  3062 I A03d00/JSAPP: [MakepadNTI] changed id=23 programmatic_echo=false len=2
06-11 09:40:12.685  2781  2781 I A000ff/HMKeyboard_KBDDelegateEventRegi: onTextChange, len:2
06-11 09:40:12.685  2781  2781 I A000ff/HMKeyboard_InputManager: this.inputTextLength = 2
06-11 09:40:12.685  3062  3062 I C03914/AceTextField: [(100000:100000:scope)] On selection change start <private>, end <private>
06-11 09:40:12.685  2781  2781 I A000ff/HMKeyboard_KeyboardModeManager: isHandWriteOnKbd isInputStatus false
06-11 09:40:12.685  2781  2781 I A000ff/HMKeyboard_KBDDelegateEventRegi: onSelectionChange, ob: 1, oe: 1, nb: 2, ne: 2
06-11 09:40:12.685  2781  2781 I A000ff/HMKeyboard_KeyboardModeManager: isHandWriteOnKbd isInputStatus false
06-11 09:40:12.685  2781  2781 I A000ff/HMKeyboard_AutoCalcUtil: No calc character.
06-11 09:40:12.686  2781  2781 I A000ff/HMKeyboard_TextBeforeCursorGett: updateTextBeforeCursor end
06-11 09:40:12.699   664   771 I C01400/Vsync: ChangeState: StateChange: DVSYNC_TO_VSYNC -> VSYNC
06-11 09:40:12.699   664   771 I C01400/Vsync: ChangeState: StateChange: DVSYNC_TO_VSYNC -> VSYNC
06-11 09:40:12.699  3062  3383 I A03d00/makepad-ohos: [I] examples/native_text_input/src/main.rs:422:12 - NativeTextInput smoke: changed action received: he
06-11 09:40:12.699  3062  3383 I A03d00/makepad-ohos: [I] examples/native_text_input/src/main.rs:498:12 - NativeTextInput smoke: selection 2..2
06-11 09:40:12.700   664   723 E C01400/OHOS::RS: RsFrameReport:[loadSymbol]Get RSRenderStart symbol failed: do_dlsym failed: Symbol not found: RSRenderStart, version: null so=/system/lib64/platformsdk/libframe_ui_intf.z.so
06-11 09:40:12.700   664   723 E C01400/OHOS::RS: RsFrameReport:[RSRenderStart]load RSRenderStart function failed!
06-11 09:40:12.703   664   723 E C01400/OHOS::RS: RsFrameReport:[loadSymbol]Get RSRenderEnd symbol failed: do_dlsym failed: Symbol not found: RSRenderEnd, version: null so=/system/lib64/platformsdk/libframe_ui_intf.z.so
06-11 09:40:12.703   664   723 E C01400/OHOS::RS: RsFrameReport:[RSRenderEnd]load RSRenderEnd function failed!
06-11 09:40:12.703   503   762 W C02510/DISP: [SetLayerMaskInfo:437] <private> is not supported
06-11 09:40:12.715  3062  3062 I A03d00/JSAPP: [MakepadNTI] layout id=21 makepad_rect=38,102,311.69232177734375,28 applied_size=311.69232177734375x28 visible=true vp_px=3.25
06-11 09:40:12.716  3062  3062 I A03d00/JSAPP: [MakepadNTI] layout id=23 makepad_rect=38,162,311.69232177734375,36 applied_size=311.69232177734375x36 visible=true vp_px=3.25
06-11 09:40:12.716   664   723 E C01400/OHOS::RS: RsFrameReport:[loadSymbol]Get RSRenderStart symbol failed: do_dlsym failed: Symbol not found: RSRenderStart, version: null so=/system/lib64/platformsdk/libframe_ui_intf.z.so
06-11 09:40:12.716   664   723 E C01400/OHOS::RS: RsFrameReport:[RSRenderStart]load RSRenderStart function failed!
06-11 09:40:12.716   664   723 E C02515/DGLES: [d_eglCreateImage_special@egl_gpu.cpp:283] createimage with ctx null opengl_context 7f89697000
06-11 09:40:12.716   664   723 E C02515/DGLES: [d_glBindTexture_special@glv3_status.cpp:692] bind external with nullptr gbuffer 0
06-11 09:40:12.716  3062  3062 I A03d00/JSAPP: [MakepadNTI] layout id=25 makepad_rect=38,230,311.69232177734375,36 applied_size=311.69232177734375x36 visible=true vp_px=3.25
06-11 09:40:12.717  3062  3062 I A03d00/JSAPP: [MakepadNTI] layout id=58 makepad_rect=46,668,295.69232177734375,36 applied_size=295.69232177734375x36 visible=true vp_px=3.25
06-11 09:40:12.722   664   723 E C01400/OHOS::RS: RsFrameReport:[loadSymbol]Get RSRenderEnd symbol failed: do_dlsym failed: Symbol not found: RSRenderEnd, version: null so=/system/lib64/platformsdk/libframe_ui_intf.z.so
06-11 09:40:12.722   664   723 E C01400/OHOS::RS: RsFrameReport:[RSRenderEnd]load RSRenderEnd function failed!
06-11 09:40:12.722   503   762 W C02510/DISP: [SetLayerMaskInfo:437] <private> is not supported
06-11 09:40:12.731  4820  4820 I C02800/InputManagerImpl: [][SimulateInputEvent:983] action:3
06-11 09:40:12.731   233   436 I C02802/EventNormalizeHandler: [K:U:60][HandleKeyEvent:284] See InputTracking-Dict, I:60, KC:<private>, AT:448047982, ET:key, KA:KEY_ACTION_UP, NL:0, CL:<private>, SL:<private>, KIC:<private>, DI:-1, IR:false, SI:true
06-11 09:40:12.731   233   436 I C02802/EventNormalizeHandler: [K:U:60][HandleKeyEvent:284] DN:-1, KC:<private>, DT:0, IP:1,
06-11 09:40:12.731   233   436 I C02802/EventNormalizeHandler: [K:U:60][HandleKeyEvent:284] <private>]
06-11 09:40:12.731   233   436 I C02802/KeyCommandHandler: [K:U:60][HandleRepeatKeys:1554] Handle repeat key, isLaunched:0, waitRepeatKey:0
06-11 09:40:12.731   233   436 E C02802/KeySubscriberHandler: [K:U:60][HandleCallEnded:1158] CallBehaviorState is false
06-11 09:40:12.731   233   436 I C02800/KeyGestureManager: [K:U:60][Intercept:407] enter
06-11 09:40:12.731   233   436 I C02800/KeyGestureManager: [K:U:60][Intercept] leave
06-11 09:40:12.731   233   436 I C02805/EventDispatchHandler: [K:U:60][DispatchKeyEvent:467] InputTracking id:60, SendMsg to dev.makepad.makepad_example_native_text_input:pid:3062
06-11 09:40:12.732  3062  3397 I C02805/ClientMsgHandler: [K:U:60][OnKeyEvent:150] Received.
06-11 09:40:12.732  3062  3397 I C02805/InputManagerImpl: [K:U:60][OnKeyEvent:442] id:60 recv
06-11 09:40:12.732  3062  3397 I C04213/InputKeyFlow: [] OnInputEvent(48): eid:3,InputId:60,wid:36
06-11 09:40:12.732  4820  4820 I C02800/InputManagerImpl: [][SimulateInputEvent:983] action:2
06-11 09:40:12.732  3062  3397 I C04200/InputChannel: (165)isKeyFN: 0, isKeyboard: 1
06-11 09:40:12.732  2781  2781 I A000ff/HMKeyboard_HardwareInputManager: onKeyEventNew. the action is Action.UP
06-11 09:40:12.732  2781  2781 W A000ff/HMKeyboard_HardInputShortCutKey: isShortCutForSwitchZhEn. isSingleShiftKeyUp is false. isSingleCtrlKeyUp is false.
06-11 09:40:12.732  2781  2781 I A000ff/HMKeyboard_HardwareInputManager: onKeyUp. isShortCutForSwitchZhEn: false
06-11 09:40:12.732  2781  2781 I A000ff/HMKeyboard_TradZhInputHelper: isZYMainKeyboard subtypeId: Input_ZH_26Menu
06-11 09:40:12.732  3062  3360 I C0420c/WMSEvent: [] DispatchKeyEventCallback(3916): Start to process keyEvent, id: 60
06-11 09:40:12.732  2781  2781 W C01c10/ImsaKit: line: 367, function: DealKeyEvent,ime is not consumed, result: 0.
06-11 09:40:12.733  3062  3062 I C0391c/AceFocus: [(100000:100000:scope)] OnKeyEventInteral: Node TextInput/11 handle KeyEvent(secure_field, 1) return: 0
06-11 09:40:12.733   233   436 I C02802/EventNormalizeHandler: [K:D:61][HandleKeyEvent:284] See InputTracking-Dict, I:61, KC:<private>, AT:448049076, ET:key, KA:KEY_ACTION_DOWN, NL:0, CL:<private>, SL:<private>, KIC:<private>, DI:-1, IR:false, SI:true
06-11 09:40:12.733   233   436 I C02802/EventNormalizeHandler: [K:D:61][HandleKeyEvent:284] DN:-1, KC:<private>, DT:0, IP:1,
06-11 09:40:12.733   233   436 I C02802/EventNormalizeHandler: [K:D:61][HandleKeyEvent:284] <private>]
06-11 09:40:12.733   233   436 I C02802/KeyCommandHandler: [K:D:61][HandleEvent:1419] Combination key currentKey:2028, repeatKey:-1
06-11 09:40:12.733   233   436 I C02802/KeyCommandHandler: [K:D:61][HandleRepeatKeys:1554] Handle repeat key, isLaunched:0, waitRepeatKey:0
06-11 09:40:12.733   233   436 E C02802/KeySubscriberHandler: [K:D:61][HandleCallEnded:1158] CallBehaviorState is false
06-11 09:40:12.733   233   436 I C02800/KeyGestureManager: [K:D:61][Intercept:407] enter
06-11 09:40:12.733   233   436 I C02800/KeyGestureManager: [K:D:61][Intercept] leave
06-11 09:40:12.733   233   436 I C02802/KeySubscriberHandler: [K:D:61][HandleKeyDown:828] Foreground pid size:4
06-11 09:40:12.733   233   436 I C02805/EventDispatchHandler: [K:D:61][DispatchKeyEvent:467] InputTracking id:61, SendMsg to dev.makepad.makepad_example_native_text_input:pid:3062
06-11 09:40:12.734  3062  3397 I C02805/ClientMsgHandler: [K:D:61][OnKeyEvent:150] Received.
06-11 09:40:12.734  3062  3397 I C02805/InputManagerImpl: [K:D:61][OnKeyEvent:442] id:61 recv
06-11 09:40:12.734  3062  3397 I C04213/InputKeyFlow: [] OnInputEvent(48): eid:4,InputId:61,wid:36
06-11 09:40:12.734  3062  3397 I C04200/InputChannel: (165)isKeyFN: 0, isKeyboard: 1
06-11 09:40:12.734  2781  2781 I A000ff/HMKeyboard_HardwareInputManager: onKeyEventNew. the action is Action.DOWN
06-11 09:40:12.734  2781  2781 I A000ff/HMKeyboard_HardwareInputManager: onKeyDown, isShift:false, isCapsLock:false, isAlt:false, isNumLock:false, isAlphaKeyboardExist: false, isSoftKeyboardShow: true, isfull:false, isSpace:false, keysLenght: 1
06-11 09:40:12.734  2781  2781 W A000ff/HMKeyboard_HardInputShortCutKey: isShortCutForSwitchSimpAndTradi. because isNotValidScene. so ignore.
06-11 09:40:12.734  2781  2781 W A000ff/HMKeyboard_HardInputShortCutKey: isShortCutForOpenEmojiSymbol. because isNotValidScene. so ignore.
06-11 09:40:12.734  2781  2781 W A000ff/HMKeyboard_HardInputShortCutKey: isShortCutForOpenVoiceInput. because isNotValidScene. so ignore.
06-11 09:40:12.734  2781  2781 W A000ff/HMKeyboard_HardInputShortCutKey: isShortCutForOpenInputMethodMenu. because isNotValidScene. so ignore.
06-11 09:40:12.734  2781  2781 I A000ff/HMKeyboard_HardwareInputManager: onKeyDown. isZh: true, isInputStateZH: false,true,local:zh_CN}
06-11 09:40:12.734  2781  2781 I A000ff/HMKeyboard_PairSymbolInputManag: inputPattern:-1
06-11 09:40:12.734  2781  2781 I A000ff/HMKeyboard_TradZhInputHelper: isZYMainKeyboard subtypeId: Input_ZH_26Menu
06-11 09:40:12.734  2781  2781 I A000ff/HMKeyboard_HardwareInputManager: onKeyDown by script, just return, isAlphaKeyboardExist: false
06-11 09:40:12.734  2781  2781 W C01c10/ImsaKit: line: 367, function: DealKeyEvent,ime is not consumed, result: 0.
06-11 09:40:12.734  3062  3407 I C0420c/WMSEvent: [] DispatchKeyEventCallback(3916): Start to process keyEvent, id: 61
06-11 09:40:12.735  3062  3062 I C0391c/AceFocus: [(100000:100000:scope)] OnKeyEventInteral: Node TextInput/11 handle KeyEvent(secure_field, 0) return: 1
06-11 09:40:12.735  3062  3062 I C0391c/AceFocus: [(100000:100000:scope)] Focus system handled the key event: code:secure_field/action:0
06-11 09:40:12.747  3062  3062 I C03914/AceTextField: [(100000:100000:scope)] BeforeIMEInsertValue len:<private>,offset:<private>
06-11 09:40:12.747  3062  3062 I C03914/AceTextField: [(100000:100000:scope)] AfterIMEInsertValue len:<private>,offset:<private>
06-11 09:40:12.748  3062  3062 I C03912/AceTextInput: [(100000:100000:scope)] before move, handleRect.GetX():123.032074,handleRect.GetY():28.056004
06-11 09:40:12.748  3062  3062 I C03912/AceTextInput: [(100000:100000:scope)] after move, handleRect.GetX():119.782074,handleRect.GetY():28.056004
06-11 09:40:12.748  3062  3062 I C03914/AceTextField: [(100000:100000:scope)] textfield 11 positionY: 653.000000, height: 167.000000,paintOffset: Offset (124.00, 653.00), windowRect: 0.000000
06-11 09:40:12.748  3062  3062 I C01c10/ImsaKit: line: 718, function: OnCursorUpdate,left: 243, top: 681, height: 60.
06-11 09:40:12.748  3062  3062 I C01c10/ImsaKit: line: 752, function: OnSelectionChange,IMC size: 3, range: 2/2/3/3.
06-11 09:40:12.748  3062  3062 I C03914/AceTextField: [(100000:100000:scope)] UpdateCaretInfoToController, left 243.782074, top 681.056004, width 6.500000, height 60.943996, selectController_ Start 3, end 3
06-11 09:40:12.748  2781  2837 I C01c10/ImsaKit: line: 255, function: ExecuteCurrentTask,curTask_ completed
06-11 09:40:12.748  2781  2837 I C01c10/ImsaKit: line: 255, function: ExecuteCurrentTask,curTask_ completed
06-11 09:40:12.748  3062  3062 I C03914/AceTextField: [(100000:100000:scope)] On change previewText, len:0, index:<private>
06-11 09:40:12.748  2781  2781 I A000ff/HMKeyboard_KBDDelegateEventRegi: onCursorContextChange,x:243,y:681,h:60
06-11 09:40:12.748  2781  2781 I A000ff/HMKeyboard_TextBeforeCursorGett: do getForward
06-11 09:40:12.748  2781  2781 I A000ff/HMKeyboard_KBDDelegateEventRegi: onTextChange, len:3
06-11 09:40:12.748  2781  2781 I A000ff/HMKeyboard_InputManager: this.inputTextLength = 3
06-11 09:40:12.748  3062  3062 I A03d00/JSAPP: [MakepadNTI] changed id=23 programmatic_echo=false len=3
06-11 09:40:12.749  3062  3062 I C03914/AceTextField: [(100000:100000:scope)] On selection change start <private>, end <private>
06-11 09:40:12.749  2781  2781 I A000ff/HMKeyboard_KeyboardModeManager: isHandWriteOnKbd isInputStatus false
06-11 09:40:12.749  2781  2781 I A000ff/HMKeyboard_KBDDelegateEventRegi: onSelectionChange, ob: 2, oe: 2, nb: 3, ne: 3
06-11 09:40:12.749  2781  2781 I A000ff/HMKeyboard_KeyboardModeManager: isHandWriteOnKbd isInputStatus false
06-11 09:40:12.749  2781  2781 I A000ff/HMKeyboard_AutoCalcUtil: No calc character.
06-11 09:40:12.749  2781  2781 I A000ff/HMKeyboard_TextBeforeCursorGett: updateTextBeforeCursor end
06-11 09:40:12.763  3062  3383 I A03d00/makepad-ohos: [I] examples/native_text_input/src/main.rs:422:12 - NativeTextInput smoke: changed action received: hel
06-11 09:40:12.763  3062  3383 I A03d00/makepad-ohos: [I] examples/native_text_input/src/main.rs:498:12 - NativeTextInput smoke: selection 3..3
06-11 09:40:12.764   664   723 E C01400/OHOS::RS: RsFrameReport:[loadSymbol]Get RSRenderStart symbol failed: do_dlsym failed: Symbol not found: RSRenderStart, version: null so=/system/lib64/platformsdk/libframe_ui_intf.z.so
06-11 09:40:12.764   664   723 E C01400/OHOS::RS: RsFrameReport:[RSRenderStart]load RSRenderStart function failed!
06-11 09:40:12.767   664   723 E C01400/OHOS::RS: RsFrameReport:[loadSymbol]Get RSRenderEnd symbol failed: do_dlsym failed: Symbol not found: RSRenderEnd, version: null so=/system/lib64/platformsdk/libframe_ui_intf.z.so
06-11 09:40:12.767   664   723 E C01400/OHOS::RS: RsFrameReport:[RSRenderEnd]load RSRenderEnd function failed!
06-11 09:40:12.767   503   762 W C02510/DISP: [SetLayerMaskInfo:437] <private> is not supported
06-11 09:40:12.779  3062  3062 I A03d00/JSAPP: [MakepadNTI] layout id=21 makepad_rect=38,102,311.69232177734375,28 applied_size=311.69232177734375x28 visible=true vp_px=3.25
06-11 09:40:12.780   664   723 E C01400/OHOS::RS: RsFrameReport:[loadSymbol]Get RSRenderStart symbol failed: do_dlsym failed: Symbol not found: RSRenderStart, version: null so=/system/lib64/platformsdk/libframe_ui_intf.z.so
06-11 09:40:12.780   664   723 E C01400/OHOS::RS: RsFrameReport:[RSRenderStart]load RSRenderStart function failed!
06-11 09:40:12.780   664   723 E C02515/DGLES: [d_eglCreateImage_special@egl_gpu.cpp:283] createimage with ctx null opengl_context 7f89697000
06-11 09:40:12.781   664   723 E C02515/DGLES: [d_glBindTexture_special@glv3_status.cpp:692] bind external with nullptr gbuffer 0
06-11 09:40:12.785   664   723 E C01400/OHOS::RS: RsFrameReport:[loadSymbol]Get RSRenderEnd symbol failed: do_dlsym failed: Symbol not found: RSRenderEnd, version: null so=/system/lib64/platformsdk/libframe_ui_intf.z.so
06-11 09:40:12.785   664   723 E C01400/OHOS::RS: RsFrameReport:[RSRenderEnd]load RSRenderEnd function failed!
06-11 09:40:12.786   503   762 W C02510/DISP: [SetLayerMaskInfo:437] <private> is not supported
06-11 09:40:12.791  4820  4820 I C02800/InputManagerImpl: [][SimulateInputEvent:983] action:3
06-11 09:40:12.792  3062  3062 I A03d00/JSAPP: [MakepadNTI] layout id=23 makepad_rect=38,162,311.69232177734375,36 applied_size=311.69232177734375x36 visible=true vp_px=3.25
06-11 09:40:12.792   233   436 I C02802/EventNormalizeHandler: [K:U:62][HandleKeyEvent:284] See InputTracking-Dict, I:62, KC:<private>, AT:448108045, ET:key, KA:KEY_ACTION_UP, NL:0, CL:<private>, SL:<private>, KIC:<private>, DI:-1, IR:false, SI:true
06-11 09:40:12.792   233   436 I C02802/EventNormalizeHandler: [K:U:62][HandleKeyEvent:284] DN:-1, KC:<private>, DT:0, IP:1,
06-11 09:40:12.792   233   436 I C02802/EventNormalizeHandler: [K:U:62][HandleKeyEvent:284] <private>]
06-11 09:40:12.792   233   436 I C02802/KeyCommandHandler: [K:U:62][HandleRepeatKeys:1554] Handle repeat key, isLaunched:0, waitRepeatKey:0
06-11 09:40:12.792   233   436 E C02802/KeySubscriberHandler: [K:U:62][HandleCallEnded:1158] CallBehaviorState is false
06-11 09:40:12.792   233   436 I C02800/KeyGestureManager: [K:U:62][Intercept:407] enter
06-11 09:40:12.792   233   436 I C02800/KeyGestureManager: [K:U:62][Intercept] leave
06-11 09:40:12.793  3062  3062 I A03d00/JSAPP: [MakepadNTI] layout id=25 makepad_rect=38,230,311.69232177734375,36 applied_size=311.69232177734375x36 visible=true vp_px=3.25
06-11 09:40:12.793  3062  3062 I A03d00/JSAPP: [MakepadNTI] layout id=58 makepad_rect=46,668,295.69232177734375,36 applied_size=295.69232177734375x36 visible=true vp_px=3.25
06-11 09:40:12.794   233   436 I C02805/EventDispatchHandler: [K:U:62][DispatchKeyEvent:467] InputTracking id:62, SendMsg to dev.makepad.makepad_example_native_text_input:pid:3062
06-11 09:40:12.794  3062  3397 I C02805/ClientMsgHandler: [K:U:62][OnKeyEvent:150] Received.
06-11 09:40:12.794  3062  3397 I C02805/InputManagerImpl: [K:U:62][OnKeyEvent:442] id:62 recv
06-11 09:40:12.794  3062  3397 I C04213/InputKeyFlow: [] OnInputEvent(48): eid:5,InputId:62,wid:36
06-11 09:40:12.794  4820  4820 I C02800/InputManagerImpl: [][SimulateInputEvent:983] action:2
06-11 09:40:12.794  3062  3397 I C04200/InputChannel: (165)isKeyFN: 0, isKeyboard: 1
06-11 09:40:12.794   233   436 I C02802/EventNormalizeHandler: [K:D:63][HandleKeyEvent:284] See InputTracking-Dict, I:63, KC:<private>, AT:448111375, ET:key, KA:KEY_ACTION_DOWN, NL:0, CL:<private>, SL:<private>, KIC:<private>, DI:-1, IR:false, SI:true
06-11 09:40:12.794   233   436 I C02802/EventNormalizeHandler: [K:D:63][HandleKeyEvent:284] DN:-1, KC:<private>, DT:0, IP:1,
06-11 09:40:12.794   233   436 I C02802/EventNormalizeHandler: [K:D:63][HandleKeyEvent:284] <private>]
06-11 09:40:12.795  2781  2781 I A000ff/HMKeyboard_HardwareInputManager: onKeyEventNew. the action is Action.UP
06-11 09:40:12.795  2781  2781 W A000ff/HMKeyboard_HardInputShortCutKey: isShortCutForSwitchZhEn. isSingleShiftKeyUp is false. isSingleCtrlKeyUp is false.
06-11 09:40:12.795  2781  2781 I A000ff/HMKeyboard_HardwareInputManager: onKeyUp. isShortCutForSwitchZhEn: false
06-11 09:40:12.795  2781  2781 I A000ff/HMKeyboard_TradZhInputHelper: isZYMainKeyboard subtypeId: Input_ZH_26Menu
06-11 09:40:12.795  3062  3360 I C0420c/WMSEvent: [] DispatchKeyEventCallback(3916): Start to process keyEvent, id: 62
06-11 09:40:12.795   233   436 I C02802/KeyCommandHandler: [K:D:63][HandleEvent:1419] Combination key currentKey:2028, repeatKey:-1
06-11 09:40:12.795   233   436 I C02802/KeyCommandHandler: [K:D:63][HandleRepeatKeys:1554] Handle repeat key, isLaunched:0, waitRepeatKey:0
06-11 09:40:12.795   233   436 E C02802/KeySubscriberHandler: [K:D:63][HandleCallEnded:1158] CallBehaviorState is false
06-11 09:40:12.795   233   436 I C02800/KeyGestureManager: [K:D:63][Intercept:407] enter
06-11 09:40:12.795   233   436 I C02800/KeyGestureManager: [K:D:63][Intercept] leave
06-11 09:40:12.797  2781  2781 W C01c10/ImsaKit: line: 367, function: DealKeyEvent,ime is not consumed, result: 0.
06-11 09:40:12.798  3062  3062 I C0391c/AceFocus: [(100000:100000:scope)] OnKeyEventInteral: Node TextInput/11 handle KeyEvent(secure_field, 1) return: 0
06-11 09:40:12.798   233   436 I C02802/KeySubscriberHandler: [K:D:63][HandleKeyDown:828] Foreground pid size:4
06-11 09:40:12.798   233   436 I C02805/EventDispatchHandler: [K:D:63][DispatchKeyEvent:467] InputTracking id:63, SendMsg to dev.makepad.makepad_example_native_text_input:pid:3062
06-11 09:40:12.798  3062  3397 I C02805/ClientMsgHandler: [K:D:63][OnKeyEvent:150] Received.
06-11 09:40:12.798  3062  3397 I C02805/InputManagerImpl: [K:D:63][OnKeyEvent:442] id:63 recv
06-11 09:40:12.798  3062  3397 I C04213/InputKeyFlow: [] OnInputEvent(48): eid:6,InputId:63,wid:36
06-11 09:40:12.799  3062  3397 I C04200/InputChannel: (165)isKeyFN: 0, isKeyboard: 1
06-11 09:40:12.799  2781  2781 I A000ff/HMKeyboard_HardwareInputManager: onKeyEventNew. the action is Action.DOWN
06-11 09:40:12.799  2781  2781 I A000ff/HMKeyboard_HardwareInputManager: onKeyDown, isShift:false, isCapsLock:false, isAlt:false, isNumLock:false, isAlphaKeyboardExist: false, isSoftKeyboardShow: true, isfull:false, isSpace:false, keysLenght: 1
06-11 09:40:12.800  2781  2781 W A000ff/HMKeyboard_HardInputShortCutKey: isShortCutForSwitchSimpAndTradi. because isNotValidScene. so ignore.
06-11 09:40:12.800  2781  2781 W A000ff/HMKeyboard_HardInputShortCutKey: isShortCutForOpenEmojiSymbol. because isNotValidScene. so ignore.
06-11 09:40:12.800  2781  2781 W A000ff/HMKeyboard_HardInputShortCutKey: isShortCutForOpenVoiceInput. because isNotValidScene. so ignore.
06-11 09:40:12.800  2781  2781 W A000ff/HMKeyboard_HardInputShortCutKey: isShortCutForOpenInputMethodMenu. because isNotValidScene. so ignore.
06-11 09:40:12.800  2781  2781 I A000ff/HMKeyboard_HardwareInputManager: onKeyDown. isZh: true, isInputStateZH: false,true,local:zh_CN}
06-11 09:40:12.800  2781  2781 I A000ff/HMKeyboard_PairSymbolInputManag: inputPattern:-1
06-11 09:40:12.800  2781  2781 I A000ff/HMKeyboard_TradZhInputHelper: isZYMainKeyboard subtypeId: Input_ZH_26Menu
06-11 09:40:12.800  2781  2781 I A000ff/HMKeyboard_HardwareInputManager: onKeyDown by script, just return, isAlphaKeyboardExist: false
06-11 09:40:12.800  2781  2781 W C01c10/ImsaKit: line: 367, function: DealKeyEvent,ime is not consumed, result: 0.
06-11 09:40:12.800  3062  3407 I C0420c/WMSEvent: [] DispatchKeyEventCallback(3916): Start to process keyEvent, id: 63
06-11 09:40:12.800  3062  3062 I C0391c/AceFocus: [(100000:100000:scope)] OnKeyEventInteral: Node TextInput/11 handle KeyEvent(secure_field, 0) return: 1
06-11 09:40:12.800  3062  3062 I C0391c/AceFocus: [(100000:100000:scope)] Focus system handled the key event: code:secure_field/action:0
06-11 09:40:12.813  3062  3062 I C03914/AceTextField: [(100000:100000:scope)] BeforeIMEInsertValue len:<private>,offset:<private>
06-11 09:40:12.813  3062  3062 I C03914/AceTextField: [(100000:100000:scope)] AfterIMEInsertValue len:<private>,offset:<private>
06-11 09:40:12.814  3062  3062 I C03912/AceTextInput: [(100000:100000:scope)] before move, handleRect.GetX():135.460083,handleRect.GetY():28.056004
06-11 09:40:12.814  3062  3062 I C03912/AceTextInput: [(100000:100000:scope)] after move, handleRect.GetX():132.210083,handleRect.GetY():28.056004
06-11 09:40:12.814  3062  3062 I C03914/AceTextField: [(100000:100000:scope)] textfield 11 positionY: 653.000000, height: 167.000000,paintOffset: Offset (124.00, 653.00), windowRect: 0.000000
06-11 09:40:12.814  3062  3062 I C01c10/ImsaKit: line: 718, function: OnCursorUpdate,left: 256, top: 681, height: 60.
06-11 09:40:12.814  3062  3062 I C01c10/ImsaKit: line: 752, function: OnSelectionChange,IMC size: 4, range: 3/3/4/4.
06-11 09:40:12.814  2781  2837 I C01c10/ImsaKit: line: 255, function: ExecuteCurrentTask,curTask_ completed
06-11 09:40:12.814  2781  2837 I C01c10/ImsaKit: line: 255, function: ExecuteCurrentTask,curTask_ completed
06-11 09:40:12.814  3062  3062 I C03914/AceTextField: [(100000:100000:scope)] UpdateCaretInfoToController, left 256.210083, top 681.056004, width 6.500000, height 60.943996, selectController_ Start 4, end 4
06-11 09:40:12.814  3062  3062 I C03914/AceTextField: [(100000:100000:scope)] On change previewText, len:0, index:<private>
06-11 09:40:12.814  2781  2781 I A000ff/HMKeyboard_KBDDelegateEventRegi: onCursorContextChange,x:256,y:681,h:60
06-11 09:40:12.814  2781  2781 I A000ff/HMKeyboard_TextBeforeCursorGett: do getForward
06-11 09:40:12.815  3062  3062 I A03d00/JSAPP: [MakepadNTI] changed id=23 programmatic_echo=false len=4
06-11 09:40:12.815  2781  2781 I A000ff/HMKeyboard_KBDDelegateEventRegi: onTextChange, len:4
06-11 09:40:12.815  2781  2781 I A000ff/HMKeyboard_InputManager: this.inputTextLength = 4
06-11 09:40:12.815  3062  3062 I C03914/AceTextField: [(100000:100000:scope)] On selection change start <private>, end <private>
06-11 09:40:12.815  2781  2781 I A000ff/HMKeyboard_KeyboardModeManager: isHandWriteOnKbd isInputStatus false
06-11 09:40:12.815  2781  2781 I A000ff/HMKeyboard_KBDDelegateEventRegi: onSelectionChange, ob: 3, oe: 3, nb: 4, ne: 4
06-11 09:40:12.815  2781  2781 I A000ff/HMKeyboard_KeyboardModeManager: isHandWriteOnKbd isInputStatus false
06-11 09:40:12.815  2781  2781 I A000ff/HMKeyboard_AutoCalcUtil: No calc character.
06-11 09:40:12.816  2781  2781 I A000ff/HMKeyboard_TextBeforeCursorGett: updateTextBeforeCursor end
06-11 09:40:12.828  3062  3383 I A03d00/makepad-ohos: [I] examples/native_text_input/src/main.rs:422:12 - NativeTextInput smoke: changed action received: hell
06-11 09:40:12.828  3062  3383 I A03d00/makepad-ohos: [I] examples/native_text_input/src/main.rs:498:12 - NativeTextInput smoke: selection 4..4
06-11 09:40:12.828   664   723 E C01400/OHOS::RS: RsFrameReport:[loadSymbol]Get RSRenderStart symbol failed: do_dlsym failed: Symbol not found: RSRenderStart, version: null so=/system/lib64/platformsdk/libframe_ui_intf.z.so
06-11 09:40:12.828   664   723 E C01400/OHOS::RS: RsFrameReport:[RSRenderStart]load RSRenderStart function failed!
06-11 09:40:12.831   664   723 E C01400/OHOS::RS: RsFrameReport:[loadSymbol]Get RSRenderEnd symbol failed: do_dlsym failed: Symbol not found: RSRenderEnd, version: null so=/system/lib64/platformsdk/libframe_ui_intf.z.so
06-11 09:40:12.831   664   723 E C01400/OHOS::RS: RsFrameReport:[RSRenderEnd]load RSRenderEnd function failed!
06-11 09:40:12.832   503   762 W C02510/DISP: [SetLayerMaskInfo:437] <private> is not supported
06-11 09:40:12.844  3062  3062 I A03d00/JSAPP: [MakepadNTI] layout id=21 makepad_rect=38,102,311.69232177734375,28 applied_size=311.69232177734375x28 visible=true vp_px=3.25
06-11 09:40:12.844   664   723 E C01400/OHOS::RS: RsFrameReport:[loadSymbol]Get RSRenderStart symbol failed: do_dlsym failed: Symbol not found: RSRenderStart, version: null so=/system/lib64/platformsdk/libframe_ui_intf.z.so
06-11 09:40:12.844   664   723 E C01400/OHOS::RS: RsFrameReport:[RSRenderStart]load RSRenderStart function failed!
06-11 09:40:12.844   664   723 E C02515/DGLES: [d_eglCreateImage_special@egl_gpu.cpp:283] createimage with ctx null opengl_context 7f89697000
06-11 09:40:12.845  3062  3062 I A03d00/JSAPP: [MakepadNTI] layout id=23 makepad_rect=38,162,311.69232177734375,36 applied_size=311.69232177734375x36 visible=true vp_px=3.25
06-11 09:40:12.845   664   723 E C02515/DGLES: [d_glBindTexture_special@glv3_status.cpp:692] bind external with nullptr gbuffer 0
06-11 09:40:12.846  3062  3062 I A03d00/JSAPP: [MakepadNTI] layout id=25 makepad_rect=38,230,311.69232177734375,36 applied_size=311.69232177734375x36 visible=true vp_px=3.25
06-11 09:40:12.847  3062  3062 I A03d00/JSAPP: [MakepadNTI] layout id=58 makepad_rect=46,668,295.69232177734375,36 applied_size=295.69232177734375x36 visible=true vp_px=3.25
06-11 09:40:12.849  4820  4820 I C02800/InputManagerImpl: [][SimulateInputEvent:983] action:3
06-11 09:40:12.849   233   436 I C02802/EventNormalizeHandler: [K:U:64][HandleKeyEvent:284] See InputTracking-Dict, I:64, KC:<private>, AT:448165864, ET:key, KA:KEY_ACTION_UP, NL:0, CL:<private>, SL:<private>, KIC:<private>, DI:-1, IR:false, SI:true
06-11 09:40:12.849   233   436 I C02802/EventNormalizeHandler: [K:U:64][HandleKeyEvent:284] DN:-1, KC:<private>, DT:0, IP:1,
06-11 09:40:12.849   233   436 I C02802/EventNormalizeHandler: [K:U:64][HandleKeyEvent:284] <private>]
06-11 09:40:12.850   664   723 E C01400/OHOS::RS: RsFrameReport:[loadSymbol]Get RSRenderEnd symbol failed: do_dlsym failed: Symbol not found: RSRenderEnd, version: null so=/system/lib64/platformsdk/libframe_ui_intf.z.so
06-11 09:40:12.850   664   723 E C01400/OHOS::RS: RsFrameReport:[RSRenderEnd]load RSRenderEnd function failed!
06-11 09:40:12.850   503  3425 W C02510/DISP: [SetLayerMaskInfo:437] <private> is not supported
06-11 09:40:12.850   233   436 I C02802/KeyCommandHandler: [K:U:64][HandleRepeatKeys:1554] Handle repeat key, isLaunched:0, waitRepeatKey:0
06-11 09:40:12.850   233   436 E C02802/KeySubscriberHandler: [K:U:64][HandleCallEnded:1158] CallBehaviorState is false
06-11 09:40:12.850   233   436 I C02800/KeyGestureManager: [K:U:64][Intercept:407] enter
06-11 09:40:12.850   233   436 I C02800/KeyGestureManager: [K:U:64][Intercept] leave
06-11 09:40:12.851   233   436 I C02805/EventDispatchHandler: [K:U:64][DispatchKeyEvent:467] InputTracking id:64, SendMsg to dev.makepad.makepad_example_native_text_input:pid:3062
06-11 09:40:12.851  3062  3397 I C02805/ClientMsgHandler: [K:U:64][OnKeyEvent:150] Received.
06-11 09:40:12.851  3062  3397 I C02805/InputManagerImpl: [K:U:64][OnKeyEvent:442] id:64 recv
06-11 09:40:12.851  3062  3397 I C04213/InputKeyFlow: [] OnInputEvent(48): eid:7,InputId:64,wid:36
06-11 09:40:12.851  4820  4820 I C02800/InputManagerImpl: [][SimulateInputEvent:983] action:2
06-11 09:40:12.852   233   436 I C02802/EventNormalizeHandler: [K:D:65][HandleKeyEvent:284] See InputTracking-Dict, I:65, KC:<private>, AT:448168539, ET:key, KA:KEY_ACTION_DOWN, NL:0, CL:<private>, SL:<private>, KIC:<private>, DI:-1, IR:false, SI:true
06-11 09:40:12.852   233   436 I C02802/EventNormalizeHandler: [K:D:65][HandleKeyEvent:284] DN:-1, KC:<private>, DT:0, IP:1,
06-11 09:40:12.852   233   436 I C02802/EventNormalizeHandler: [K:D:65][HandleKeyEvent:284] <private>]
06-11 09:40:12.852   233   436 I C02802/KeyCommandHandler: [K:D:65][HandleEvent:1419] Combination key currentKey:2031, repeatKey:-1
06-11 09:40:12.852   233   436 I C02802/KeyCommandHandler: [K:D:65][HandleRepeatKeys:1554] Handle repeat key, isLaunched:0, waitRepeatKey:0
06-11 09:40:12.852   233   436 E C02802/KeySubscriberHandler: [K:D:65][HandleCallEnded:1158] CallBehaviorState is false
06-11 09:40:12.852   233   436 I C02800/KeyGestureManager: [K:D:65][Intercept:407] enter
06-11 09:40:12.852   233   436 I C02800/KeyGestureManager: [K:D:65][Intercept] leave
06-11 09:40:12.852   233   436 I C02802/KeySubscriberHandler: [K:D:65][HandleKeyDown:828] Foreground pid size:4
06-11 09:40:12.852   233   436 I C02805/EventDispatchHandler: [K:D:65][DispatchKeyEvent:467] InputTracking id:65, SendMsg to dev.makepad.makepad_example_native_text_input:pid:3062
06-11 09:40:12.852  3062  3397 I C04200/InputChannel: (165)isKeyFN: 0, isKeyboard: 1
06-11 09:40:12.853  2781  2781 I A000ff/HMKeyboard_HardwareInputManager: onKeyEventNew. the action is Action.UP
06-11 09:40:12.853  2781  2781 W A000ff/HMKeyboard_HardInputShortCutKey: isShortCutForSwitchZhEn. isSingleShiftKeyUp is false. isSingleCtrlKeyUp is false.
06-11 09:40:12.853  2781  2781 I A000ff/HMKeyboard_HardwareInputManager: onKeyUp. isShortCutForSwitchZhEn: false
06-11 09:40:12.853  2781  2781 I A000ff/HMKeyboard_TradZhInputHelper: isZYMainKeyboard subtypeId: Input_ZH_26Menu
06-11 09:40:12.853  3062  3773 I C0420c/WMSEvent: [] DispatchKeyEventCallback(3916): Start to process keyEvent, id: 64
06-11 09:40:12.853  2781  2781 W C01c10/ImsaKit: line: 367, function: DealKeyEvent,ime is not consumed, result: 0.
06-11 09:40:12.853  3062  3397 I C02805/ClientMsgHandler: [K:D:65][OnKeyEvent:150] Received.
06-11 09:40:12.853  3062  3397 I C02805/InputManagerImpl: [K:D:65][OnKeyEvent:442] id:65 recv
06-11 09:40:12.853  3062  3397 I C04213/InputKeyFlow: [] OnInputEvent(48): eid:8,InputId:65,wid:36
06-11 09:40:12.853  3062  3062 I C0391c/AceFocus: [(100000:100000:scope)] OnKeyEventInteral: Node TextInput/11 handle KeyEvent(secure_field, 1) return: 0
06-11 09:40:12.853  3062  3397 I C04200/InputChannel: (165)isKeyFN: 0, isKeyboard: 1
06-11 09:40:12.854  2781  2781 I A000ff/HMKeyboard_HardwareInputManager: onKeyEventNew. the action is Action.DOWN
06-11 09:40:12.854  2781  2781 I A000ff/HMKeyboard_HardwareInputManager: onKeyDown, isShift:false, isCapsLock:false, isAlt:false, isNumLock:false, isAlphaKeyboardExist: false, isSoftKeyboardShow: true, isfull:false, isSpace:false, keysLenght: 1
06-11 09:40:12.854  2781  2781 W A000ff/HMKeyboard_HardInputShortCutKey: isShortCutForSwitchSimpAndTradi. because isNotValidScene. so ignore.
06-11 09:40:12.854  2781  2781 W A000ff/HMKeyboard_HardInputShortCutKey: isShortCutForOpenEmojiSymbol. because isNotValidScene. so ignore.
06-11 09:40:12.854  2781  2781 W A000ff/HMKeyboard_HardInputShortCutKey: isShortCutForOpenVoiceInput. because isNotValidScene. so ignore.
06-11 09:40:12.854  2781  2781 W A000ff/HMKeyboard_HardInputShortCutKey: isShortCutForOpenInputMethodMenu. because isNotValidScene. so ignore.
06-11 09:40:12.854  2781  2781 I A000ff/HMKeyboard_HardwareInputManager: onKeyDown. isZh: true, isInputStateZH: false,true,local:zh_CN}
06-11 09:40:12.854  2781  2781 I A000ff/HMKeyboard_PairSymbolInputManag: inputPattern:-1
06-11 09:40:12.854  2781  2781 I A000ff/HMKeyboard_TradZhInputHelper: isZYMainKeyboard subtypeId: Input_ZH_26Menu
06-11 09:40:12.854  2781  2781 I A000ff/HMKeyboard_HardwareInputManager: onKeyDown by script, just return, isAlphaKeyboardExist: false
06-11 09:40:12.854  2781  2781 W C01c10/ImsaKit: line: 367, function: DealKeyEvent,ime is not consumed, result: 0.
06-11 09:40:12.854  3062  3407 I C0420c/WMSEvent: [] DispatchKeyEventCallback(3916): Start to process keyEvent, id: 65
06-11 09:40:12.854  3062  3062 I C0391c/AceFocus: [(100000:100000:scope)] OnKeyEventInteral: Node TextInput/11 handle KeyEvent(secure_field, 0) return: 1
06-11 09:40:12.854  3062  3062 I C0391c/AceFocus: [(100000:100000:scope)] Focus system handled the key event: code:secure_field/action:0
06-11 09:40:12.857  3062  4838 W C01719/ffrt: 41:FFRTQosApplyForOther:244 tid 4838, Interrupted system call, ret:-1, eno:4
06-11 09:40:12.860  3062  3062 I C03914/AceTextField: [(100000:100000:scope)] BeforeIMEInsertValue len:<private>,offset:<private>
06-11 09:40:12.860  3062  3062 I C03914/AceTextField: [(100000:100000:scope)] AfterIMEInsertValue len:<private>,offset:<private>
06-11 09:40:12.860  3062  3062 I C03912/AceTextInput: [(100000:100000:scope)] before move, handleRect.GetX():166.192108,handleRect.GetY():28.056004
06-11 09:40:12.860  3062  3062 I C03912/AceTextInput: [(100000:100000:scope)] after move, handleRect.GetX():162.942108,handleRect.GetY():28.056004
06-11 09:40:12.860  3062  3062 I C03914/AceTextField: [(100000:100000:scope)] textfield 11 positionY: 653.000000, height: 167.000000,paintOffset: Offset (124.00, 653.00), windowRect: 0.000000
06-11 09:40:12.860  3062  3062 I C01c10/ImsaKit: line: 718, function: OnCursorUpdate,left: 286, top: 681, height: 60.
06-11 09:40:12.860  3062  3062 I C01c10/ImsaKit: line: 752, function: OnSelectionChange,IMC size: 5, range: 4/4/5/5.
06-11 09:40:12.860  2781  2837 I C01c10/ImsaKit: line: 255, function: ExecuteCurrentTask,curTask_ completed
06-11 09:40:12.860  3062  3062 I C03914/AceTextField: [(100000:100000:scope)] UpdateCaretInfoToController, left 286.942108, top 681.056004, width 6.500000, height 60.943996, selectController_ Start 5, end 5
06-11 09:40:12.860  2781  2837 I C01c10/ImsaKit: line: 255, function: ExecuteCurrentTask,curTask_ completed
06-11 09:40:12.861  2781  2781 I A000ff/HMKeyboard_KBDDelegateEventRegi: onCursorContextChange,x:286,y:681,h:60
06-11 09:40:12.861  3062  3062 I C03914/AceTextField: [(100000:100000:scope)] On change previewText, len:0, index:<private>
06-11 09:40:12.861  2781  2781 I A000ff/HMKeyboard_TextBeforeCursorGett: do getForward
06-11 09:40:12.861  2781  2781 I A000ff/HMKeyboard_KBDDelegateEventRegi: onTextChange, len:5
06-11 09:40:12.861  2781  2781 I A000ff/HMKeyboard_InputManager: this.inputTextLength = 5
06-11 09:40:12.861  3062  3062 I A03d00/JSAPP: [MakepadNTI] changed id=23 programmatic_echo=false len=5
06-11 09:40:12.861  2781  2781 I A000ff/HMKeyboard_KeyboardModeManager: isHandWriteOnKbd isInputStatus false
06-11 09:40:12.861  3062  3062 I C03914/AceTextField: [(100000:100000:scope)] On selection change start <private>, end <private>
06-11 09:40:12.861  2781  2781 I A000ff/HMKeyboard_KBDDelegateEventRegi: onSelectionChange, ob: 4, oe: 4, nb: 5, ne: 5
06-11 09:40:12.861  2781  2781 I A000ff/HMKeyboard_KeyboardModeManager: isHandWriteOnKbd isInputStatus false
06-11 09:40:12.861  2781  2781 I A000ff/HMKeyboard_AutoCalcUtil: No calc character.
06-11 09:40:12.862  2781  2781 I A000ff/HMKeyboard_TextBeforeCursorGett: updateTextBeforeCursor end
06-11 09:40:12.877  3062  3383 I A03d00/makepad-ohos: [I] examples/native_text_input/src/main.rs:422:12 - NativeTextInput smoke: changed action received: hello
06-11 09:40:12.877  3062  3383 I A03d00/makepad-ohos: [I] examples/native_text_input/src/main.rs:498:12 - NativeTextInput smoke: selection 5..5
06-11 09:40:12.877  3062  4839 W C01719/ffrt: 42:FFRTQosApplyForOther:244 tid 4839, Interrupted system call, ret:-1, eno:4
06-11 09:40:12.878   664   723 E C01400/OHOS::RS: RsFrameReport:[loadSymbol]Get RSRenderStart symbol failed: do_dlsym failed: Symbol not found: RSRenderStart, version: null so=/system/lib64/platformsdk/libframe_ui_intf.z.so
06-11 09:40:12.878   664   723 E C01400/OHOS::RS: RsFrameReport:[RSRenderStart]load RSRenderStart function failed!
06-11 09:40:12.881   664   723 E C01400/OHOS::RS: RsFrameReport:[loadSymbol]Get RSRenderEnd symbol failed: do_dlsym failed: Symbol not found: RSRenderEnd, version: null so=/system/lib64/platformsdk/libframe_ui_intf.z.so
06-11 09:40:12.881   664   723 E C01400/OHOS::RS: RsFrameReport:[RSRenderEnd]load RSRenderEnd function failed!
06-11 09:40:12.881   503  3425 W C02510/DISP: [SetLayerMaskInfo:437] <private> is not supported
06-11 09:40:12.892  3062  3062 I A03d00/JSAPP: [MakepadNTI] layout id=21 makepad_rect=38,102,311.69232177734375,28 applied_size=311.69232177734375x28 visible=true vp_px=3.25
06-11 09:40:12.892   664   723 E C01400/OHOS::RS: RsFrameReport:[loadSymbol]Get RSRenderStart symbol failed: do_dlsym failed: Symbol not found: RSRenderStart, version: null so=/system/lib64/platformsdk/libframe_ui_intf.z.so
06-11 09:40:12.892   664   723 E C01400/OHOS::RS: RsFrameReport:[RSRenderStart]load RSRenderStart function failed!
06-11 09:40:12.893   664   723 E C02515/DGLES: [d_eglCreateImage_special@egl_gpu.cpp:283] createimage with ctx null opengl_context 7f89697000
06-11 09:40:12.893  3062  3062 I A03d00/JSAPP: [MakepadNTI] layout id=23 makepad_rect=38,162,311.69232177734375,36 applied_size=311.69232177734375x36 visible=true vp_px=3.25
06-11 09:40:12.893   664   723 E C02515/DGLES: [d_glBindTexture_special@glv3_status.cpp:692] bind external with nullptr gbuffer 0
06-11 09:40:12.895  3062  3062 I A03d00/JSAPP: [MakepadNTI] layout id=25 makepad_rect=38,230,311.69232177734375,36 applied_size=311.69232177734375x36 visible=true vp_px=3.25
06-11 09:40:12.896  3062  3062 I A03d00/JSAPP: [MakepadNTI] layout id=58 makepad_rect=46,668,295.69232177734375,36 applied_size=295.69232177734375x36 visible=true vp_px=3.25
06-11 09:40:12.897   664   723 E C01400/OHOS::RS: RsFrameReport:[loadSymbol]Get RSRenderEnd symbol failed: do_dlsym failed: Symbol not found: RSRenderEnd, version: null so=/system/lib64/platformsdk/libframe_ui_intf.z.so
06-11 09:40:12.897   664   723 E C01400/OHOS::RS: RsFrameReport:[RSRenderEnd]load RSRenderEnd function failed!
06-11 09:40:12.898   503  3425 W C02510/DISP: [SetLayerMaskInfo:437] <private> is not supported
06-11 09:40:12.903  4820  4820 I C02800/InputManagerImpl: [][SimulateInputEvent:983] action:3
06-11 09:40:12.903   233   436 I C02800/EventLogHelper: [K:U:66][PrintInfoDict:106] Info-InputTracking-Dict: AT-ActionTime, CL-CapsLock, DI-DisplayId, DPT-DispatchTimes, DT-DownTime, DX-DisplayX, DXP-DisplayXPos, DY-DisplayY, DYP-DisplayYPos, ET-EventType, GU-GetUnicode, I-id, IP-IsPressed, IR-IsRepeat, SI-IsSimulate, KA-KeyAction, KC-KeyCode, KIC-keyItemsCount, LA-LongAxis, NL-NumLock, OPI-OriginPointerId, PA-PointerAction, PI-pointerId, P-Pressure, SA-ShortAxis, SL-ScrollLock, ST-SourceType, WI-WindowId, WXP-WindowXPos, WYP-WindowYPos, PBS-PressedButtonsSize
06-11 09:40:12.903   233   436 I C02802/EventNormalizeHandler: [K:U:66][HandleKeyEvent:284] See InputTracking-Dict, I:66, KC:<private>, AT:448220076, ET:key, KA:KEY_ACTION_UP, NL:0, CL:<private>, SL:<private>, KIC:<private>, DI:-1, IR:false, SI:true
06-11 09:40:12.903   233   436 I C02802/EventNormalizeHandler: [K:U:66][HandleKeyEvent:284] DN:-1, KC:<private>, DT:0, IP:1,
06-11 09:40:12.903   233   436 I C02802/EventNormalizeHandler: [K:U:66][HandleKeyEvent:284] <private>]
06-11 09:40:12.903   233   436 I C02802/KeyCommandHandler: [K:U:66][HandleRepeatKeys:1554] Handle repeat key, isLaunched:0, waitRepeatKey:0
06-11 09:40:12.903   233   436 E C02802/KeySubscriberHandler: [K:U:66][HandleCallEnded:1158] CallBehaviorState is false
06-11 09:40:12.903   233   436 I C02800/KeyGestureManager: [K:U:66][Intercept:407] enter
06-11 09:40:12.903   233   436 I C02800/KeyGestureManager: [K:U:66][Intercept] leave
06-11 09:40:12.904   233   436 I C02805/EventDispatchHandler: [K:U:66][DispatchKeyEvent:467] InputTracking id:66, SendMsg to dev.makepad.makepad_example_native_text_input:pid:3062
06-11 09:40:12.904  3062  3397 I C02805/ClientMsgHandler: [K:U:66][OnKeyEvent:150] Received.
06-11 09:40:12.904  3062  3397 I C02805/InputManagerImpl: [K:U:66][OnKeyEvent:442] id:66 recv
06-11 09:40:12.904  3062  3397 I C04213/InputKeyFlow: [] OnInputEvent(48): eid:9,InputId:66,wid:36
06-11 09:40:12.904  4820  4820 I C02800/InputManagerImpl: [][SimulateInputEvent:983] action:2
06-11 09:40:12.904  3062  3397 I C04200/InputChannel: (165)isKeyFN: 0, isKeyboard: 1
06-11 09:40:12.904   233   436 I C02802/EventNormalizeHandler: [K:D:67][HandleKeyEvent:284] See InputTracking-Dict, I:67, KC:<private>, AT:448221180, ET:key, KA:KEY_ACTION_DOWN, NL:0, CL:<private>, SL:<private>, KIC:<private>, DI:-1, IR:false, SI:true
06-11 09:40:12.904   233   436 I C02802/EventNormalizeHandler: [K:D:67][HandleKeyEvent:284] DN:-1, KC:<private>, DT:0, IP:1,
06-11 09:40:12.904   233   436 I C02802/EventNormalizeHandler: [K:D:67][HandleKeyEvent:284] <private>]
06-11 09:40:12.904   233   436 I C02802/KeyCommandHandler: [K:D:67][HandleEvent:1419] Combination key currentKey:2050, repeatKey:-1
06-11 09:40:12.904   233   436 I C02802/KeyCommandHandler: [K:D:67][HandleRepeatKeys:1554] Handle repeat key, isLaunched:0, waitRepeatKey:0
06-11 09:40:12.904   233   436 E C02802/KeySubscriberHandler: [K:D:67][HandleCallEnded:1158] CallBehaviorState is false
06-11 09:40:12.904   233   436 I C02800/KeyGestureManager: [K:D:67][Intercept:407] enter
06-11 09:40:12.904   233   436 I C02800/KeyGestureManager: [K:D:67][Intercept] leave
06-11 09:40:12.904   233   436 I C02802/KeySubscriberHandler: [K:D:67][HandleKeyDown:828] Foreground pid size:4
06-11 09:40:12.904   233   436 E C02802/KeySubscriberHandler: [K:D:67][IsPreKeysMatch:553] The size of preKeys is not match
06-11 09:40:12.904   233   436 E C02802/KeySubscriberHandler: [K:D:67][IsPreKeysMatch:553] The size of preKeys is not match
06-11 09:40:12.905  2781  2781 I A000ff/HMKeyboard_HardwareInputManager: onKeyEventNew. the action is Action.UP
06-11 09:40:12.905  2781  2781 W A000ff/HMKeyboard_HardInputShortCutKey: isShortCutForSwitchZhEn. isSingleShiftKeyUp is false. isSingleCtrlKeyUp is false.
06-11 09:40:12.905  2781  2781 I A000ff/HMKeyboard_HardwareInputManager: onKeyUp. isShortCutForSwitchZhEn: false
06-11 09:40:12.905  2781  2781 I A000ff/HMKeyboard_TradZhInputHelper: isZYMainKeyboard subtypeId: Input_ZH_26Menu
06-11 09:40:12.905   233   436 I C02805/EventDispatchHandler: [K:D:67][DispatchKeyEvent:467] InputTracking id:67, SendMsg to dev.makepad.makepad_example_native_text_input:pid:3062
06-11 09:40:12.905  3062  3397 I C02805/ClientMsgHandler: [K:D:67][OnKeyEvent:150] Received.
06-11 09:40:12.905  3062  3397 I C02805/InputManagerImpl: [K:D:67][OnKeyEvent:442] id:67 recv
06-11 09:40:12.905  3062  3397 I C04213/InputKeyFlow: [] OnInputEvent(48): eid:10,InputId:67,wid:36
06-11 09:40:12.905  3062  3773 I C0420c/WMSEvent: [] DispatchKeyEventCallback(3916): Start to process keyEvent, id: 66
06-11 09:40:12.905  3062  3062 I C0391c/AceFocus: [(100000:100000:scope)] OnKeyEventInteral: Node TextInput/11 handle KeyEvent(secure_field, 1) return: 0
06-11 09:40:12.905  3062  3397 I C04200/InputChannel: (165)isKeyFN: 0, isKeyboard: 1
06-11 09:40:12.905  2781  2781 W C01c10/ImsaKit: line: 367, function: DealKeyEvent,ime is not consumed, result: 0.
06-11 09:40:12.905  3062  3773 I C057c1/ProcessSkeleton: DetachObject 141: can not erase it because addr if different, desc:*.IKeyEventConsumer, recorded object:2057598688, detach object:2057598240
06-11 09:40:12.905  2781  2781 I A000ff/HMKeyboard_HardwareInputManager: onKeyEventNew. the action is Action.DOWN
06-11 09:40:12.905  2781  2781 I A000ff/HMKeyboard_HardwareInputManager: onKeyDown, isShift:false, isCapsLock:false, isAlt:false, isNumLock:false, isAlphaKeyboardExist: false, isSoftKeyboardShow: true, isfull:false, isSpace:true, keysLenght: 1
06-11 09:40:12.905  2781  2781 W A000ff/HMKeyboard_HardInputShortCutKey: isShortCutForSwitchSimpAndTradi. because isNotValidScene. so ignore.
06-11 09:40:12.905  2781  2781 W A000ff/HMKeyboard_HardInputShortCutKey: isShortCutForOpenEmojiSymbol. because isNotValidScene. so ignore.
06-11 09:40:12.905  2781  2781 W A000ff/HMKeyboard_HardInputShortCutKey: isShortCutForOpenVoiceInput. because isNotValidScene. so ignore.
06-11 09:40:12.905  2781  2781 W A000ff/HMKeyboard_HardInputShortCutKey: isShortCutForOpenInputMethodMenu. because isNotValidScene. so ignore.
06-11 09:40:12.905  2781  2781 I A000ff/HMKeyboard_HardwareInputManager: onKeyDown. isZh: true, isInputStateZH: false,true,local:zh_CN}
06-11 09:40:12.905  2781  2781 I A000ff/HMKeyboard_PairSymbolInputManag: inputPattern:-1
06-11 09:40:12.905  2781  2781 I A000ff/HMKeyboard_TradZhInputHelper: isZYMainKeyboard subtypeId: Input_ZH_26Menu
06-11 09:40:12.905  2781  2781 I A000ff/HMKeyboard_HardwareInputManager: onKeyDown by script, just return, isAlphaKeyboardExist: false
06-11 09:40:12.905  3062  3773 I C0420c/WMSEvent: [] DispatchKeyEventCallback(3916): Start to process keyEvent, id: 67
06-11 09:40:12.905  2781  2781 W C01c10/ImsaKit: line: 367, function: DealKeyEvent,ime is not consumed, result: 0.
06-11 09:40:12.906  3062  3062 I C0391c/AceFocus: [(100000:100000:scope)] OnKeyEventInteral: Node TextInput/11 handle KeyEvent(secure_field, 0) return: 1
06-11 09:40:12.906  3062  3062 I C0391c/AceFocus: [(100000:100000:scope)] Focus system handled the key event: code:secure_field/action:0
06-11 09:40:12.908  3062  3062 I C03914/AceTextField: [(100000:100000:scope)] BeforeIMEInsertValue len:<private>,offset:<private>
06-11 09:40:12.908  3062  3062 I C03914/AceTextField: [(100000:100000:scope)] AfterIMEInsertValue len:<private>,offset:<private>
06-11 09:40:12.908  3062  3062 I C03912/AceTextInput: [(100000:100000:scope)] before move, handleRect.GetX():180.232117,handleRect.GetY():28.056004
06-11 09:40:12.908  3062  3062 I C03912/AceTextInput: [(100000:100000:scope)] after move, handleRect.GetX():176.982117,handleRect.GetY():28.056004
06-11 09:40:12.908  3062  3062 I C03914/AceTextField: [(100000:100000:scope)] textfield 11 positionY: 653.000000, height: 167.000000,paintOffset: Offset (124.00, 653.00), windowRect: 0.000000
06-11 09:40:12.908  3062  3062 I C01c10/ImsaKit: line: 718, function: OnCursorUpdate,left: 300, top: 681, height: 60.
06-11 09:40:12.908  3062  3062 I C01c10/ImsaKit: line: 752, function: OnSelectionChange,IMC size: 6, range: 5/5/6/6.
06-11 09:40:12.908  2781  2837 I C01c10/ImsaKit: line: 255, function: ExecuteCurrentTask,curTask_ completed
06-11 09:40:12.908  3062  3062 I C03914/AceTextField: [(100000:100000:scope)] UpdateCaretInfoToController, left 300.982117, top 681.056004, width 6.500000, height 60.943996, selectController_ Start 6, end 6
06-11 09:40:12.908  2781  2781 I A000ff/HMKeyboard_KBDDelegateEventRegi: onCursorContextChange,x:300,y:681,h:60
06-11 09:40:12.908  2781  2837 I C01c10/ImsaKit: line: 255, function: ExecuteCurrentTask,curTask_ completed
06-11 09:40:12.908  2781  2781 I A000ff/HMKeyboard_TextBeforeCursorGett: do getForward
06-11 09:40:12.908  3062  3062 I C03914/AceTextField: [(100000:100000:scope)] On change previewText, len:0, index:<private>
06-11 09:40:12.909  2781  2781 I A000ff/HMKeyboard_KBDDelegateEventRegi: onTextChange, len:6
06-11 09:40:12.909  2781  2781 I A000ff/HMKeyboard_InputManager: this.inputTextLength = 6
06-11 09:40:12.909  2781  2781 I A000ff/HMKeyboard_KeyboardModeManager: isHandWriteOnKbd isInputStatus false
06-11 09:40:12.909  2781  2781 I A000ff/HMKeyboard_KBDDelegateEventRegi: onSelectionChange, ob: 5, oe: 5, nb: 6, ne: 6
06-11 09:40:12.909  3062  3062 I A03d00/JSAPP: [MakepadNTI] changed id=23 programmatic_echo=false len=6
06-11 09:40:12.909  2781  2781 I A000ff/HMKeyboard_KeyboardModeManager: isHandWriteOnKbd isInputStatus false
06-11 09:40:12.909  3062  3062 I C03914/AceTextField: [(100000:100000:scope)] On selection change start <private>, end <private>
06-11 09:40:12.909  2781  2781 I A000ff/HMKeyboard_AutoCalcUtil: No calc character.
06-11 09:40:12.909  2781  2781 I A000ff/HMKeyboard_TextBeforeCursorGett: updateTextBeforeCursor end
06-11 09:40:12.927  3062  3383 I A03d00/makepad-ohos: [I] examples/native_text_input/src/main.rs:422:12 - NativeTextInput smoke: changed action received: hello 
06-11 09:40:12.927  3062  3383 I A03d00/makepad-ohos: [I] examples/native_text_input/src/main.rs:498:12 - NativeTextInput smoke: selection 6..6
06-11 09:40:12.929   664   723 E C01400/OHOS::RS: RsFrameReport:[loadSymbol]Get RSRenderStart symbol failed: do_dlsym failed: Symbol not found: RSRenderStart, version: null so=/system/lib64/platformsdk/libframe_ui_intf.z.so
06-11 09:40:12.929   664   723 E C01400/OHOS::RS: RsFrameReport:[RSRenderStart]load RSRenderStart function failed!
06-11 09:40:12.938   664   723 E C01400/OHOS::RS: RsFrameReport:[loadSymbol]Get RSRenderEnd symbol failed: do_dlsym failed: Symbol not found: RSRenderEnd, version: null so=/system/lib64/platformsdk/libframe_ui_intf.z.so
06-11 09:40:12.938   664   723 E C01400/OHOS::RS: RsFrameReport:[RSRenderEnd]load RSRenderEnd function failed!
06-11 09:40:12.939   503  3425 W C02510/DISP: [SetLayerMaskInfo:437] <private> is not supported
06-11 09:40:12.940   664   723 E C01400/OHOS::RS: RsFrameReport:[loadSymbol]Get RSRenderStart symbol failed: do_dlsym failed: Symbol not found: RSRenderStart, version: null so=/system/lib64/platformsdk/libframe_ui_intf.z.so
06-11 09:40:12.940   664   723 E C01400/OHOS::RS: RsFrameReport:[RSRenderStart]load RSRenderStart function failed!
06-11 09:40:12.941  3062  3062 I A03d00/JSAPP: [MakepadNTI] layout id=21 makepad_rect=38,102,311.69232177734375,28 applied_size=311.69232177734375x28 visible=true vp_px=3.25
06-11 09:40:12.941   664   723 E C02515/DGLES: [d_eglCreateImage_special@egl_gpu.cpp:283] createimage with ctx null opengl_context 7f89697000
06-11 09:40:12.941   664   723 E C02515/DGLES: [d_glBindTexture_special@glv3_status.cpp:692] bind external with nullptr gbuffer 0
06-11 09:40:12.944  3062  3062 I A03d00/JSAPP: [MakepadNTI] layout id=23 makepad_rect=38,162,311.69232177734375,36 applied_size=311.69232177734375x36 visible=true vp_px=3.25
06-11 09:40:12.946  3062  3062 I A03d00/JSAPP: [MakepadNTI] layout id=25 makepad_rect=38,230,311.69232177734375,36 applied_size=311.69232177734375x36 visible=true vp_px=3.25
06-11 09:40:12.947  3062  3062 I A03d00/JSAPP: [MakepadNTI] layout id=58 makepad_rect=46,668,295.69232177734375,36 applied_size=295.69232177734375x36 visible=true vp_px=3.25
06-11 09:40:12.955   664   723 E C01400/OHOS::RS: RsFrameReport:[loadSymbol]Get RSRenderEnd symbol failed: do_dlsym failed: Symbol not found: RSRenderEnd, version: null so=/system/lib64/platformsdk/libframe_ui_intf.z.so
06-11 09:40:12.955   664   723 E C01400/OHOS::RS: RsFrameReport:[RSRenderEnd]load RSRenderEnd function failed!
06-11 09:40:12.955  4820  4820 I C02800/InputManagerImpl: [][SimulateInputEvent:983] action:3
06-11 09:40:12.955   503  3425 W C02510/DISP: [SetLayerMaskInfo:437] <private> is not supported
06-11 09:40:12.956   233   436 I C02802/EventNormalizeHandler: [K:U:68][HandleKeyEvent:284] See InputTracking-Dict, I:68, KC:<private>, AT:448272463, ET:key, KA:KEY_ACTION_UP, NL:0, CL:<private>, SL:<private>, KIC:<private>, DI:-1, IR:false, SI:true
06-11 09:40:12.956   233   436 I C02802/EventNormalizeHandler: [K:U:68][HandleKeyEvent:284] DN:-1, KC:<private>, DT:0, IP:1,
06-11 09:40:12.956   233   436 I C02802/EventNormalizeHandler: [K:U:68][HandleKeyEvent:284] <private>]
06-11 09:40:12.956   233   436 I C02802/KeyCommandHandler: [K:U:68][HandleRepeatKeys:1554] Handle repeat key, isLaunched:0, waitRepeatKey:0
06-11 09:40:12.956   233   436 E C02802/KeySubscriberHandler: [K:U:68][HandleCallEnded:1158] CallBehaviorState is false
06-11 09:40:12.956   233   436 I C02800/KeyGestureManager: [K:U:68][Intercept:407] enter
06-11 09:40:12.956   233   436 I C02800/KeyGestureManager: [K:U:68][Intercept] leave
06-11 09:40:12.959   233   436 I C02805/EventDispatchHandler: [K:U:68][DispatchKeyEvent:467] InputTracking id:68, SendMsg to dev.makepad.makepad_example_native_text_input:pid:3062
06-11 09:40:12.959  3062  3397 I C02805/ClientMsgHandler: [K:U:68][OnKeyEvent:150] Received.
06-11 09:40:12.959  3062  3397 I C02805/InputManagerImpl: [K:U:68][OnKeyEvent:442] id:68 recv
06-11 09:40:12.959  3062  3397 I C04213/InputKeyFlow: [] OnInputEvent(48): eid:11,InputId:68,wid:36
06-11 09:40:12.959  4820  4820 I C02800/InputManagerImpl: [][SimulateInputEvent:983] action:2
06-11 09:40:12.959  3062  3397 I C04200/InputChannel: (165)isKeyFN: 0, isKeyboard: 1
06-11 09:40:12.960   233   436 I C02802/EventNormalizeHandler: [K:D:69][HandleKeyEvent:284] See InputTracking-Dict, I:69, KC:<private>, AT:448276239, ET:key, KA:KEY_ACTION_DOWN, NL:0, CL:<private>, SL:<private>, KIC:<private>, DI:-1, IR:false, SI:true
06-11 09:40:12.960   233   436 I C02802/EventNormalizeHandler: [K:D:69][HandleKeyEvent:284] DN:-1, KC:<private>, DT:0, IP:1,
06-11 09:40:12.960   233   436 I C02802/EventNormalizeHandler: [K:D:69][HandleKeyEvent:284] <private>]
06-11 09:40:12.960   233   436 I C02802/KeyCommandHandler: [K:D:69][HandleEvent:1419] Combination key currentKey:2031, repeatKey:-1
06-11 09:40:12.960   233   436 I C02802/KeyCommandHandler: [K:D:69][HandleRepeatKeys:1554] Handle repeat key, isLaunched:0, waitRepeatKey:0
06-11 09:40:12.960   233   436 E C02802/KeySubscriberHandler: [K:D:69][HandleCallEnded:1158] CallBehaviorState is false
06-11 09:40:12.960   233   436 I C02800/KeyGestureManager: [K:D:69][Intercept:407] enter
06-11 09:40:12.960   233   436 I C02800/KeyGestureManager: [K:D:69][Intercept] leave
06-11 09:40:12.960   233   436 I C02802/KeySubscriberHandler: [K:D:69][HandleKeyDown:828] Foreground pid size:4
06-11 09:40:12.960  2781  2781 I A000ff/HMKeyboard_HardwareInputManager: onKeyEventNew. the action is Action.UP
06-11 09:40:12.960  2781  2781 W A000ff/HMKeyboard_HardInputShortCutKey: isShortCutForSwitchZhEn. isSingleShiftKeyUp is false. isSingleCtrlKeyUp is false.
06-11 09:40:12.960  2781  2781 I A000ff/HMKeyboard_HardwareInputManager: onKeyUp. isShortCutForSwitchZhEn: false
06-11 09:40:12.960   233   436 I C02805/EventDispatchHandler: [K:D:69][DispatchKeyEvent:467] InputTracking id:69, SendMsg to dev.makepad.makepad_example_native_text_input:pid:3062
06-11 09:40:12.960  2781  2781 I A000ff/HMKeyboard_TradZhInputHelper: isZYMainKeyboard subtypeId: Input_ZH_26Menu
06-11 09:40:12.960  3062  3397 I C02805/ClientMsgHandler: [K:D:69][OnKeyEvent:150] Received.
06-11 09:40:12.960  3062  3397 I C02805/InputManagerImpl: [K:D:69][OnKeyEvent:442] id:69 recv
06-11 09:40:12.960  3062  3397 I C04213/InputKeyFlow: [] OnInputEvent(48): eid:12,InputId:69,wid:36
06-11 09:40:12.961  2781  2781 W C01c10/ImsaKit: line: 367, function: DealKeyEvent,ime is not consumed, result: 0.
06-11 09:40:12.961  3062  3407 I C0420c/WMSEvent: [] DispatchKeyEventCallback(3916): Start to process keyEvent, id: 68
06-11 09:40:12.961  3062  3062 I C0391c/AceFocus: [(100000:100000:scope)] OnKeyEventInteral: Node TextInput/11 handle KeyEvent(secure_field, 1) return: 0
06-11 09:40:12.961  3062  3397 I C04200/InputChannel: (165)isKeyFN: 0, isKeyboard: 1
06-11 09:40:12.961  3062  3407 I C057c1/ProcessSkeleton: DetachObject 141: can not erase it because addr if different, desc:*.IKeyEventConsumer, recorded object:2057600256, detach object:2057599808
06-11 09:40:12.961  2781  2781 I A000ff/HMKeyboard_HardwareInputManager: onKeyEventNew. the action is Action.DOWN
06-11 09:40:12.962  2781  2781 I A000ff/HMKeyboard_HardwareInputManager: onKeyDown, isShift:false, isCapsLock:false, isAlt:false, isNumLock:false, isAlphaKeyboardExist: false, isSoftKeyboardShow: true, isfull:false, isSpace:false, keysLenght: 1
06-11 09:40:12.962  2781  2781 W A000ff/HMKeyboard_HardInputShortCutKey: isShortCutForSwitchSimpAndTradi. because isNotValidScene. so ignore.
06-11 09:40:12.962  2781  2781 W A000ff/HMKeyboard_HardInputShortCutKey: isShortCutForOpenEmojiSymbol. because isNotValidScene. so ignore.
06-11 09:40:12.962  2781  2781 W A000ff/HMKeyboard_HardInputShortCutKey: isShortCutForOpenVoiceInput. because isNotValidScene. so ignore.
06-11 09:40:12.962  2781  2781 W A000ff/HMKeyboard_HardInputShortCutKey: isShortCutForOpenInputMethodMenu. because isNotValidScene. so ignore.
06-11 09:40:12.962  2781  2781 I A000ff/HMKeyboard_HardwareInputManager: onKeyDown. isZh: true, isInputStateZH: false,true,local:zh_CN}
06-11 09:40:12.962  2781  2781 I A000ff/HMKeyboard_PairSymbolInputManag: inputPattern:-1
06-11 09:40:12.962  2781  2781 I A000ff/HMKeyboard_TradZhInputHelper: isZYMainKeyboard subtypeId: Input_ZH_26Menu
06-11 09:40:12.962  2781  2781 I A000ff/HMKeyboard_HardwareInputManager: onKeyDown by script, just return, isAlphaKeyboardExist: false
06-11 09:40:12.962  3062  3773 I C0420c/WMSEvent: [] DispatchKeyEventCallback(3916): Start to process keyEvent, id: 69
06-11 09:40:12.962  2781  2781 W C01c10/ImsaKit: line: 367, function: DealKeyEvent,ime is not consumed, result: 0.
06-11 09:40:12.963  3062  3062 I C0391c/AceFocus: [(100000:100000:scope)] OnKeyEventInteral: Node TextInput/11 handle KeyEvent(secure_field, 0) return: 1
06-11 09:40:12.963  3062  3062 I C0391c/AceFocus: [(100000:100000:scope)] Focus system handled the key event: code:secure_field/action:0
06-11 09:40:12.973  3062  3062 I C03914/AceTextField: [(100000:100000:scope)] BeforeIMEInsertValue len:<private>,offset:<private>
06-11 09:40:12.973  3062  3062 I C03914/AceTextField: [(100000:100000:scope)] AfterIMEInsertValue len:<private>,offset:<private>
06-11 09:40:12.973  3062  3062 I C03912/AceTextInput: [(100000:100000:scope)] before move, handleRect.GetX():210.964142,handleRect.GetY():28.056004
06-11 09:40:12.973  3062  3062 I C03912/AceTextInput: [(100000:100000:scope)] after move, handleRect.GetX():207.714142,handleRect.GetY():28.056004
06-11 09:40:12.973  3062  3062 I C03914/AceTextField: [(100000:100000:scope)] textfield 11 positionY: 653.000000, height: 167.000000,paintOffset: Offset (124.00, 653.00), windowRect: 0.000000
06-11 09:40:12.973  3062  3062 I C01c10/ImsaKit: line: 718, function: OnCursorUpdate,left: 331, top: 681, height: 60.
06-11 09:40:12.974  3062  3062 I C01c10/ImsaKit: line: 752, function: OnSelectionChange,IMC size: 7, range: 6/6/7/7.
06-11 09:40:12.974  3062  3062 I C03914/AceTextField: [(100000:100000:scope)] UpdateCaretInfoToController, left 331.714142, top 681.056004, width 6.500000, height 60.943996, selectController_ Start 7, end 7
06-11 09:40:12.974  3062  3062 I C03914/AceTextField: [(100000:100000:scope)] On change previewText, len:0, index:<private>
06-11 09:40:12.974  2781  2837 I C01c10/ImsaKit: line: 255, function: ExecuteCurrentTask,curTask_ completed
06-11 09:40:12.974  2781  2837 I C01c10/ImsaKit: line: 255, function: ExecuteCurrentTask,curTask_ completed
06-11 09:40:12.974  2781  2781 I A000ff/HMKeyboard_KBDDelegateEventRegi: onCursorContextChange,x:331,y:681,h:60
06-11 09:40:12.974  2781  2781 I A000ff/HMKeyboard_TextBeforeCursorGett: do getForward
06-11 09:40:12.974  2781  2781 I A000ff/HMKeyboard_KBDDelegateEventRegi: onTextChange, len:7
06-11 09:40:12.974  2781  2781 I A000ff/HMKeyboard_InputManager: this.inputTextLength = 7
06-11 09:40:12.974  3062  3062 I A03d00/JSAPP: [MakepadNTI] changed id=23 programmatic_echo=false len=7
06-11 09:40:12.974  2781  2781 I A000ff/HMKeyboard_KeyboardModeManager: isHandWriteOnKbd isInputStatus false
06-11 09:40:12.974  3062  3062 I C03914/AceTextField: [(100000:100000:scope)] On selection change start <private>, end <private>
06-11 09:40:12.974  2781  2781 I A000ff/HMKeyboard_KBDDelegateEventRegi: onSelectionChange, ob: 6, oe: 6, nb: 7, ne: 7
06-11 09:40:12.974  2781  2781 I A000ff/HMKeyboard_KeyboardModeManager: isHandWriteOnKbd isInputStatus false
06-11 09:40:12.974  2781  2781 I A000ff/HMKeyboard_AutoCalcUtil: No calc character.
06-11 09:40:12.975  2781  2781 I A000ff/HMKeyboard_TextBeforeCursorGett: updateTextBeforeCursor end
06-11 09:40:12.988  3062  3383 I A03d00/makepad-ohos: [I] examples/native_text_input/src/main.rs:422:12 - NativeTextInput smoke: changed action received: hello o
06-11 09:40:12.988  3062  3383 I A03d00/makepad-ohos: [I] examples/native_text_input/src/main.rs:498:12 - NativeTextInput smoke: selection 7..7
06-11 09:40:12.988   664   723 E C01400/OHOS::RS: RsFrameReport:[loadSymbol]Get RSRenderStart symbol failed: do_dlsym failed: Symbol not found: RSRenderStart, version: null so=/system/lib64/platformsdk/libframe_ui_intf.z.so
06-11 09:40:12.988   664   723 E C01400/OHOS::RS: RsFrameReport:[RSRenderStart]load RSRenderStart function failed!
06-11 09:40:12.991   125  4771 W C01719/ffrt: 469:~WorkerThread:72 to exit, qos[2]
06-11 09:40:12.999   664   723 E C01400/OHOS::RS: RsFrameReport:[loadSymbol]Get RSRenderEnd symbol failed: do_dlsym failed: Symbol not found: RSRenderEnd, version: null so=/system/lib64/platformsdk/libframe_ui_intf.z.so
06-11 09:40:12.999   664   723 E C01400/OHOS::RS: RsFrameReport:[RSRenderEnd]load RSRenderEnd function failed!
06-11 09:40:12.999   503  3425 W C02510/DISP: [SetLayerMaskInfo:437] <private> is not supported
06-11 09:40:13.004   664   723 E C01400/OHOS::RS: RsFrameReport:[loadSymbol]Get RSRenderStart symbol failed: do_dlsym failed: Symbol not found: RSRenderStart, version: null so=/system/lib64/platformsdk/libframe_ui_intf.z.so
06-11 09:40:13.004   664   723 E C01400/OHOS::RS: RsFrameReport:[RSRenderStart]load RSRenderStart function failed!
06-11 09:40:13.004  3062  3062 I A03d00/JSAPP: [MakepadNTI] layout id=21 makepad_rect=38,102,311.69232177734375,28 applied_size=311.69232177734375x28 visible=true vp_px=3.25
06-11 09:40:13.005   664   723 E C02515/DGLES: [d_eglCreateImage_special@egl_gpu.cpp:283] createimage with ctx null opengl_context 7f89697000
06-11 09:40:13.005  3062  3062 I A03d00/JSAPP: [MakepadNTI] layout id=23 makepad_rect=38,162,311.69232177734375,36 applied_size=311.69232177734375x36 visible=true vp_px=3.25
06-11 09:40:13.005   664   723 E C02515/DGLES: [d_glBindTexture_special@glv3_status.cpp:692] bind external with nullptr gbuffer 0
06-11 09:40:13.006  3062  3062 I A03d00/JSAPP: [MakepadNTI] layout id=25 makepad_rect=38,230,311.69232177734375,36 applied_size=311.69232177734375x36 visible=true vp_px=3.25
06-11 09:40:13.007  3062  3062 I A03d00/JSAPP: [MakepadNTI] layout id=58 makepad_rect=46,668,295.69232177734375,36 applied_size=295.69232177734375x36 visible=true vp_px=3.25
06-11 09:40:13.011  4820  4820 I C02800/InputManagerImpl: [][SimulateInputEvent:983] action:3
06-11 09:40:13.011   233   436 I C02802/EventNormalizeHandler: [K:U:70][HandleKeyEvent:284] See InputTracking-Dict, I:70, KC:<private>, AT:448328145, ET:key, KA:KEY_ACTION_UP, NL:0, CL:<private>, SL:<private>, KIC:<private>, DI:-1, IR:false, SI:true
06-11 09:40:13.011   233   436 I C02802/EventNormalizeHandler: [K:U:70][HandleKeyEvent:284] DN:-1, KC:<private>, DT:0, IP:1,
06-11 09:40:13.011   233   436 I C02802/EventNormalizeHandler: [K:U:70][HandleKeyEvent:284] <private>]
06-11 09:40:13.011   233   436 I C02802/KeyCommandHandler: [K:U:70][HandleRepeatKeys:1554] Handle repeat key, isLaunched:0, waitRepeatKey:0
06-11 09:40:13.011   233   436 E C02802/KeySubscriberHandler: [K:U:70][HandleCallEnded:1158] CallBehaviorState is false
06-11 09:40:13.011   233   436 I C02800/KeyGestureManager: [K:U:70][Intercept:407] enter
06-11 09:40:13.011   233   436 I C02800/KeyGestureManager: [K:U:70][Intercept] leave
06-11 09:40:13.012   233   436 I C02805/EventDispatchHandler: [K:U:70][DispatchKeyEvent:467] InputTracking id:70, SendMsg to dev.makepad.makepad_example_native_text_input:pid:3062
06-11 09:40:13.012  3062  3397 I C02805/ClientMsgHandler: [K:U:70][OnKeyEvent:150] Received.
06-11 09:40:13.012  3062  3397 I C02805/InputManagerImpl: [K:U:70][OnKeyEvent:442] id:70 recv
06-11 09:40:13.012  3062  3397 I C04213/InputKeyFlow: [] OnInputEvent(48): eid:13,InputId:70,wid:36
06-11 09:40:13.012  4820  4820 I C02800/InputManagerImpl: [][SimulateInputEvent:983] action:2
06-11 09:40:13.012  3062  3397 I C04200/InputChannel: (165)isKeyFN: 0, isKeyboard: 1
06-11 09:40:13.013   233   436 I C02802/EventNormalizeHandler: [K:D:71][HandleKeyEvent:284] See InputTracking-Dict, I:71, KC:<private>, AT:448329547, ET:key, KA:KEY_ACTION_DOWN, NL:0, CL:<private>, SL:<private>, KIC:<private>, DI:-1, IR:false, SI:true
06-11 09:40:13.013   233   436 I C02802/EventNormalizeHandler: [K:D:71][HandleKeyEvent:284] DN:-1, KC:<private>, DT:0, IP:1,
06-11 09:40:13.013   233   436 I C02802/EventNormalizeHandler: [K:D:71][HandleKeyEvent:284] <private>]
06-11 09:40:13.013  2781  2781 I A000ff/HMKeyboard_HardwareInputManager: onKeyEventNew. the action is Action.UP
06-11 09:40:13.013  2781  2781 W A000ff/HMKeyboard_HardInputShortCutKey: isShortCutForSwitchZhEn. isSingleShiftKeyUp is false. isSingleCtrlKeyUp is false.
06-11 09:40:13.013  2781  2781 I A000ff/HMKeyboard_HardwareInputManager: onKeyUp. isShortCutForSwitchZhEn: false
06-11 09:40:13.013  2781  2781 I A000ff/HMKeyboard_TradZhInputHelper: isZYMainKeyboard subtypeId: Input_ZH_26Menu
06-11 09:40:13.013   233   436 I C02802/KeyCommandHandler: [K:D:71][HandleEvent:1419] Combination key currentKey:2024, repeatKey:-1
06-11 09:40:13.013   233   436 I C02802/KeyCommandHandler: [K:D:71][HandleRepeatKeys:1554] Handle repeat key, isLaunched:0, waitRepeatKey:0
06-11 09:40:13.013   233   436 E C02802/KeySubscriberHandler: [K:D:71][HandleCallEnded:1158] CallBehaviorState is false
06-11 09:40:13.013   233   436 I C02800/KeyGestureManager: [K:D:71][Intercept:407] enter
06-11 09:40:13.013   233   436 I C02800/KeyGestureManager: [K:D:71][Intercept] leave
06-11 09:40:13.013  2781  2781 W C01c10/ImsaKit: line: 367, function: DealKeyEvent,ime is not consumed, result: 0.
06-11 09:40:13.013   233   436 I C02802/KeySubscriberHandler: [K:D:71][HandleKeyDown:828] Foreground pid size:4
06-11 09:40:13.013  3062  3407 I C0420c/WMSEvent: [] DispatchKeyEventCallback(3916): Start to process keyEvent, id: 70
06-11 09:40:13.014  3062  3062 I C0391c/AceFocus: [(100000:100000:scope)] OnKeyEventInteral: Node TextInput/11 handle KeyEvent(secure_field, 1) return: 0
06-11 09:40:13.014   233   436 I C02805/EventDispatchHandler: [K:D:71][DispatchKeyEvent:467] InputTracking id:71, SendMsg to dev.makepad.makepad_example_native_text_input:pid:3062
06-11 09:40:13.014  3062  3397 I C02805/ClientMsgHandler: [K:D:71][OnKeyEvent:150] Received.
06-11 09:40:13.014  3062  3397 I C02805/InputManagerImpl: [K:D:71][OnKeyEvent:442] id:71 recv
06-11 09:40:13.014  3062  3397 I C04213/InputKeyFlow: [] OnInputEvent(48): eid:14,InputId:71,wid:36
06-11 09:40:13.015  3062  3397 I C04200/InputChannel: (165)isKeyFN: 0, isKeyboard: 1
06-11 09:40:13.015  2781  2781 I A000ff/HMKeyboard_HardwareInputManager: onKeyEventNew. the action is Action.DOWN
06-11 09:40:13.015  2781  2781 I A000ff/HMKeyboard_HardwareInputManager: onKeyDown, isShift:false, isCapsLock:false, isAlt:false, isNumLock:false, isAlphaKeyboardExist: false, isSoftKeyboardShow: true, isfull:false, isSpace:false, keysLenght: 1
06-11 09:40:13.016   664   723 E C01400/OHOS::RS: RsFrameReport:[loadSymbol]Get RSRenderEnd symbol failed: do_dlsym failed: Symbol not found: RSRenderEnd, version: null so=/system/lib64/platformsdk/libframe_ui_intf.z.so
06-11 09:40:13.016   664   723 E C01400/OHOS::RS: RsFrameReport:[RSRenderEnd]load RSRenderEnd function failed!
06-11 09:40:13.016  2781  2781 W A000ff/HMKeyboard_HardInputShortCutKey: isShortCutForSwitchSimpAndTradi. because isNotValidScene. so ignore.
06-11 09:40:13.016  2781  2781 W A000ff/HMKeyboard_HardInputShortCutKey: isShortCutForOpenEmojiSymbol. because isNotValidScene. so ignore.
06-11 09:40:13.016  2781  2781 W A000ff/HMKeyboard_HardInputShortCutKey: isShortCutForOpenVoiceInput. because isNotValidScene. so ignore.
06-11 09:40:13.016  2781  2781 W A000ff/HMKeyboard_HardInputShortCutKey: isShortCutForOpenInputMethodMenu. because isNotValidScene. so ignore.
06-11 09:40:13.016   503  3425 W C02510/DISP: [SetLayerMaskInfo:437] <private> is not supported
06-11 09:40:13.016  2781  2781 I A000ff/HMKeyboard_HardwareInputManager: onKeyDown. isZh: true, isInputStateZH: false,true,local:zh_CN}
06-11 09:40:13.016  2781  2781 I A000ff/HMKeyboard_PairSymbolInputManag: inputPattern:-1
06-11 09:40:13.016  2781  2781 I A000ff/HMKeyboard_TradZhInputHelper: isZYMainKeyboard subtypeId: Input_ZH_26Menu
06-11 09:40:13.016  2781  2781 I A000ff/HMKeyboard_HardwareInputManager: onKeyDown by script, just return, isAlphaKeyboardExist: false
06-11 09:40:13.016  3062  3773 I C0420c/WMSEvent: [] DispatchKeyEventCallback(3916): Start to process keyEvent, id: 71
06-11 09:40:13.016  2781  2781 W C01c10/ImsaKit: line: 367, function: DealKeyEvent,ime is not consumed, result: 0.
06-11 09:40:13.016  3062  3062 I C0391c/AceFocus: [(100000:100000:scope)] OnKeyEventInteral: Node TextInput/11 handle KeyEvent(secure_field, 0) return: 1
06-11 09:40:13.016  3062  3062 I C0391c/AceFocus: [(100000:100000:scope)] Focus system handled the key event: code:secure_field/action:0
06-11 09:40:13.020  3062  3062 I C03914/AceTextField: [(100000:100000:scope)] BeforeIMEInsertValue len:<private>,offset:<private>
06-11 09:40:13.020  3062  3062 I C03914/AceTextField: [(100000:100000:scope)] AfterIMEInsertValue len:<private>,offset:<private>
06-11 09:40:13.020  3062  3062 I C03912/AceTextInput: [(100000:100000:scope)] before move, handleRect.GetX():241.124176,handleRect.GetY():28.056004
06-11 09:40:13.020  3062  3062 I C03912/AceTextInput: [(100000:100000:scope)] after move, handleRect.GetX():237.874176,handleRect.GetY():28.056004
06-11 09:40:13.020  3062  3062 I C03914/AceTextField: [(100000:100000:scope)] textfield 11 positionY: 653.000000, height: 167.000000,paintOffset: Offset (124.00, 653.00), windowRect: 0.000000
06-11 09:40:13.020  3062  3062 I C01c10/ImsaKit: line: 718, function: OnCursorUpdate,left: 361, top: 681, height: 60.
06-11 09:40:13.020  3062  3062 I C01c10/ImsaKit: line: 752, function: OnSelectionChange,IMC size: 8, range: 7/7/8/8.
06-11 09:40:13.020  2781  2837 I C01c10/ImsaKit: line: 255, function: ExecuteCurrentTask,curTask_ completed
06-11 09:40:13.020  2781  2837 I C01c10/ImsaKit: line: 255, function: ExecuteCurrentTask,curTask_ completed
06-11 09:40:13.020  3062  3062 I C03914/AceTextField: [(100000:100000:scope)] UpdateCaretInfoToController, left 361.874176, top 681.056004, width 6.500000, height 60.943996, selectController_ Start 8, end 8
06-11 09:40:13.020  2781  2781 I A000ff/HMKeyboard_KBDDelegateEventRegi: onCursorContextChange,x:361,y:681,h:60
06-11 09:40:13.020  3062  3062 I C03914/AceTextField: [(100000:100000:scope)] On change previewText, len:0, index:<private>
06-11 09:40:13.021  2781  2781 I A000ff/HMKeyboard_TextBeforeCursorGett: do getForward
06-11 09:40:13.021  2781  2781 I A000ff/HMKeyboard_KBDDelegateEventRegi: onTextChange, len:8
06-11 09:40:13.021  2781  2781 I A000ff/HMKeyboard_InputManager: this.inputTextLength = 8
06-11 09:40:13.021  2781  2781 I A000ff/HMKeyboard_KeyboardModeManager: isHandWriteOnKbd isInputStatus false
06-11 09:40:13.021  3062  3062 I A03d00/JSAPP: [MakepadNTI] changed id=23 programmatic_echo=false len=8
06-11 09:40:13.021  2781  2781 I A000ff/HMKeyboard_KBDDelegateEventRegi: onSelectionChange, ob: 7, oe: 7, nb: 8, ne: 8
06-11 09:40:13.021  2781  2781 I A000ff/HMKeyboard_KeyboardModeManager: isHandWriteOnKbd isInputStatus false
06-11 09:40:13.021  3062  3062 I C03914/AceTextField: [(100000:100000:scope)] On selection change start <private>, end <private>
06-11 09:40:13.021  2781  2781 I A000ff/HMKeyboard_AutoCalcUtil: No calc character.
06-11 09:40:13.022  2781  2781 I A000ff/HMKeyboard_TextBeforeCursorGett: updateTextBeforeCursor end
06-11 09:40:13.035  3062  3383 I A03d00/makepad-ohos: [I] examples/native_text_input/src/main.rs:422:12 - NativeTextInput smoke: changed action received: hello oh
06-11 09:40:13.035  3062  3383 I A03d00/makepad-ohos: [I] examples/native_text_input/src/main.rs:498:12 - NativeTextInput smoke: selection 8..8
06-11 09:40:13.047   664   723 E C01400/OHOS::RS: RsFrameReport:[loadSymbol]Get RSRenderStart symbol failed: do_dlsym failed: Symbol not found: RSRenderStart, version: null so=/system/lib64/platformsdk/libframe_ui_intf.z.so
06-11 09:40:13.047   664   723 E C01400/OHOS::RS: RsFrameReport:[RSRenderStart]load RSRenderStart function failed!
06-11 09:40:13.054  3062  3062 I A03d00/JSAPP: [MakepadNTI] layout id=21 makepad_rect=38,102,311.69232177734375,28 applied_size=311.69232177734375x28 visible=true vp_px=3.25
06-11 09:40:13.054  3062  3062 I A03d00/JSAPP: [MakepadNTI] layout id=23 makepad_rect=38,162,311.69232177734375,36 applied_size=311.69232177734375x36 visible=true vp_px=3.25
06-11 09:40:13.055  3062  3062 I A03d00/JSAPP: [MakepadNTI] layout id=25 makepad_rect=38,230,311.69232177734375,36 applied_size=311.69232177734375x36 visible=true vp_px=3.25
06-11 09:40:13.056   664   723 E C01400/OHOS::RS: RsFrameReport:[loadSymbol]Get RSRenderEnd symbol failed: do_dlsym failed: Symbol not found: RSRenderEnd, version: null so=/system/lib64/platformsdk/libframe_ui_intf.z.so
06-11 09:40:13.056   664   723 E C01400/OHOS::RS: RsFrameReport:[RSRenderEnd]load RSRenderEnd function failed!
06-11 09:40:13.056   664   723 E C01400/OHOS::RS: RsFrameReport:[loadSymbol]Get RSRenderStart symbol failed: do_dlsym failed: Symbol not found: RSRenderStart, version: null so=/system/lib64/platformsdk/libframe_ui_intf.z.so
06-11 09:40:13.056   664   723 E C01400/OHOS::RS: RsFrameReport:[RSRenderStart]load RSRenderStart function failed!
06-11 09:40:13.056  3062  3062 I A03d00/JSAPP: [MakepadNTI] layout id=58 makepad_rect=46,668,295.69232177734375,36 applied_size=295.69232177734375x36 visible=true vp_px=3.25
06-11 09:40:13.056   503  3425 W C02510/DISP: [SetLayerMaskInfo:437] <private> is not supported
06-11 09:40:13.056   664   723 E C02515/DGLES: [d_eglCreateImage_special@egl_gpu.cpp:283] createimage with ctx null opengl_context 7f89697000
06-11 09:40:13.058   664   723 E C02515/DGLES: [d_glBindTexture_special@glv3_status.cpp:692] bind external with nullptr gbuffer 0
06-11 09:40:13.065  4820  4820 I C02800/InputManagerImpl: [][SimulateInputEvent:983] action:3
06-11 09:40:13.066   233   436 I C02802/EventNormalizeHandler: [K:U:72][HandleKeyEvent:284] See InputTracking-Dict, I:72, KC:<private>, AT:448381975, ET:key, KA:KEY_ACTION_UP, NL:0, CL:<private>, SL:<private>, KIC:<private>, DI:-1, IR:false, SI:true
06-11 09:40:13.066   233   436 I C02802/EventNormalizeHandler: [K:U:72][HandleKeyEvent:284] DN:-1, KC:<private>, DT:0, IP:1,
06-11 09:40:13.066   233   436 I C02802/EventNormalizeHandler: [K:U:72][HandleKeyEvent:284] <private>]
06-11 09:40:13.066   233   436 I C02802/KeyCommandHandler: [K:U:72][HandleRepeatKeys:1554] Handle repeat key, isLaunched:0, waitRepeatKey:0
06-11 09:40:13.066   233   436 E C02802/KeySubscriberHandler: [K:U:72][HandleCallEnded:1158] CallBehaviorState is false
06-11 09:40:13.066   233   436 I C02800/KeyGestureManager: [K:U:72][Intercept:407] enter
06-11 09:40:13.066   233   436 I C02800/KeyGestureManager: [K:U:72][Intercept] leave
06-11 09:40:13.067   233   436 I C02805/EventDispatchHandler: [K:U:72][DispatchKeyEvent:467] InputTracking id:72, SendMsg to dev.makepad.makepad_example_native_text_input:pid:3062
06-11 09:40:13.067  4820  4820 I C02800/InputManagerImpl: [][SimulateInputEvent:983] action:2
06-11 09:40:13.067  3062  3397 I C02805/ClientMsgHandler: [K:U:72][OnKeyEvent:150] Received.
06-11 09:40:13.067  3062  3397 I C02805/InputManagerImpl: [K:U:72][OnKeyEvent:442] id:72 recv
06-11 09:40:13.067  3062  3397 I C04213/InputKeyFlow: [] OnInputEvent(48): eid:15,InputId:72,wid:36
06-11 09:40:13.068  3062  3397 I C04200/InputChannel: (165)isKeyFN: 0, isKeyboard: 1
06-11 09:40:13.068   233   436 I C02802/EventNormalizeHandler: [K:D:73][HandleKeyEvent:284] See InputTracking-Dict, I:73, KC:<private>, AT:448384376, ET:key, KA:KEY_ACTION_DOWN, NL:0, CL:<private>, SL:<private>, KIC:<private>, DI:-1, IR:false, SI:true
06-11 09:40:13.068   233   436 I C02802/EventNormalizeHandler: [K:D:73][HandleKeyEvent:284] DN:-1, KC:<private>, DT:0, IP:1,
06-11 09:40:13.068   233   436 I C02802/EventNormalizeHandler: [K:D:73][HandleKeyEvent:284] <private>]
06-11 09:40:13.068   233   436 I C02802/KeyCommandHandler: [K:D:73][HandleEvent:1419] Combination key currentKey:2031, repeatKey:-1
06-11 09:40:13.068   233   436 I C02802/KeyCommandHandler: [K:D:73][HandleRepeatKeys:1554] Handle repeat key, isLaunched:0, waitRepeatKey:0
06-11 09:40:13.068   233   436 E C02802/KeySubscriberHandler: [K:D:73][HandleCallEnded:1158] CallBehaviorState is false
06-11 09:40:13.068   233   436 I C02800/KeyGestureManager: [K:D:73][Intercept:407] enter
06-11 09:40:13.068   233   436 I C02800/KeyGestureManager: [K:D:73][Intercept] leave
06-11 09:40:13.068   233   436 I C02802/KeySubscriberHandler: [K:D:73][HandleKeyDown:828] Foreground pid size:4
06-11 09:40:13.069  2781  2781 I A000ff/HMKeyboard_HardwareInputManager: onKeyEventNew. the action is Action.UP
06-11 09:40:13.069  2781  2781 W A000ff/HMKeyboard_HardInputShortCutKey: isShortCutForSwitchZhEn. isSingleShiftKeyUp is false. isSingleCtrlKeyUp is false.
06-11 09:40:13.069  2781  2781 I A000ff/HMKeyboard_HardwareInputManager: onKeyUp. isShortCutForSwitchZhEn: false
06-11 09:40:13.069  2781  2781 I A000ff/HMKeyboard_TradZhInputHelper: isZYMainKeyboard subtypeId: Input_ZH_26Menu
06-11 09:40:13.069  2781  2781 W C01c10/ImsaKit: line: 367, function: DealKeyEvent,ime is not consumed, result: 0.
06-11 09:40:13.069  3062  3407 I C0420c/WMSEvent: [] DispatchKeyEventCallback(3916): Start to process keyEvent, id: 72
06-11 09:40:13.069   233   436 I C02805/EventDispatchHandler: [K:D:73][DispatchKeyEvent:467] InputTracking id:73, SendMsg to dev.makepad.makepad_example_native_text_input:pid:3062
06-11 09:40:13.069  3062  3062 I C0391c/AceFocus: [(100000:100000:scope)] OnKeyEventInteral: Node TextInput/11 handle KeyEvent(secure_field, 1) return: 0
06-11 09:40:13.069  3062  3397 I C02805/ClientMsgHandler: [K:D:73][OnKeyEvent:150] Received.
06-11 09:40:13.069  3062  3397 I C02805/InputManagerImpl: [K:D:73][OnKeyEvent:442] id:73 recv
06-11 09:40:13.069  3062  3397 I C04213/InputKeyFlow: [] OnInputEvent(48): eid:16,InputId:73,wid:36
06-11 09:40:13.070  3062  3397 I C04200/InputChannel: (165)isKeyFN: 0, isKeyboard: 1
06-11 09:40:13.070  2781  2781 I A000ff/HMKeyboard_HardwareInputManager: onKeyEventNew. the action is Action.DOWN
06-11 09:40:13.070  2781  2781 I A000ff/HMKeyboard_HardwareInputManager: onKeyDown, isShift:false, isCapsLock:false, isAlt:false, isNumLock:false, isAlphaKeyboardExist: false, isSoftKeyboardShow: true, isfull:false, isSpace:false, keysLenght: 1
06-11 09:40:13.070  2781  2781 W A000ff/HMKeyboard_HardInputShortCutKey: isShortCutForSwitchSimpAndTradi. because isNotValidScene. so ignore.
06-11 09:40:13.070  2781  2781 W A000ff/HMKeyboard_HardInputShortCutKey: isShortCutForOpenEmojiSymbol. because isNotValidScene. so ignore.
06-11 09:40:13.070  2781  2781 W A000ff/HMKeyboard_HardInputShortCutKey: isShortCutForOpenVoiceInput. because isNotValidScene. so ignore.
06-11 09:40:13.070  2781  2781 W A000ff/HMKeyboard_HardInputShortCutKey: isShortCutForOpenInputMethodMenu. because isNotValidScene. so ignore.
06-11 09:40:13.070  2781  2781 I A000ff/HMKeyboard_HardwareInputManager: onKeyDown. isZh: true, isInputStateZH: false,true,local:zh_CN}
06-11 09:40:13.071  2781  2781 I A000ff/HMKeyboard_PairSymbolInputManag: inputPattern:-1
06-11 09:40:13.071  2781  2781 I A000ff/HMKeyboard_TradZhInputHelper: isZYMainKeyboard subtypeId: Input_ZH_26Menu
06-11 09:40:13.071  2781  2781 I A000ff/HMKeyboard_HardwareInputManager: onKeyDown by script, just return, isAlphaKeyboardExist: false
06-11 09:40:13.071  3062  3773 I C0420c/WMSEvent: [] DispatchKeyEventCallback(3916): Start to process keyEvent, id: 73
06-11 09:40:13.071  2781  2781 W C01c10/ImsaKit: line: 367, function: DealKeyEvent,ime is not consumed, result: 0.
06-11 09:40:13.072  3062  3062 I C0391c/AceFocus: [(100000:100000:scope)] OnKeyEventInteral: Node TextInput/11 handle KeyEvent(secure_field, 0) return: 1
06-11 09:40:13.072  3062  3062 I C0391c/AceFocus: [(100000:100000:scope)] Focus system handled the key event: code:secure_field/action:0
06-11 09:40:13.072   664   723 E C02515/DGLES: [d_eglSwapBuffers_special@egl_gpu.cpp:729] thread output size 13741432 speed 13335k/s API_num 10109
06-11 09:40:13.073   664   723 E C01400/OHOS::RS: RsFrameReport:[loadSymbol]Get RSRenderEnd symbol failed: do_dlsym failed: Symbol not found: RSRenderEnd, version: null so=/system/lib64/platformsdk/libframe_ui_intf.z.so
06-11 09:40:13.073   664   723 E C01400/OHOS::RS: RsFrameReport:[RSRenderEnd]load RSRenderEnd function failed!
06-11 09:40:13.074   503  3425 W C02510/DISP: [SetLayerMaskInfo:437] <private> is not supported
06-11 09:40:13.084  3062  3062 I C03914/AceTextField: [(100000:100000:scope)] BeforeIMEInsertValue len:<private>,offset:<private>
06-11 09:40:13.084  3062  3062 I C03914/AceTextField: [(100000:100000:scope)] AfterIMEInsertValue len:<private>,offset:<private>
06-11 09:40:13.085  3062  3062 I C03912/AceTextInput: [(100000:100000:scope)] before move, handleRect.GetX():271.856201,handleRect.GetY():28.056004
06-11 09:40:13.085  3062  3062 I C03912/AceTextInput: [(100000:100000:scope)] after move, handleRect.GetX():268.606201,handleRect.GetY():28.056004
06-11 09:40:13.085  3062  3062 I C03914/AceTextField: [(100000:100000:scope)] textfield 11 positionY: 653.000000, height: 167.000000,paintOffset: Offset (124.00, 653.00), windowRect: 0.000000
06-11 09:40:13.085  3062  3062 I C01c10/ImsaKit: line: 718, function: OnCursorUpdate,left: 392, top: 681, height: 60.
06-11 09:40:13.085  3062  3062 I C01c10/ImsaKit: line: 752, function: OnSelectionChange,IMC size: 9, range: 8/8/9/9.
06-11 09:40:13.085  3062  3062 I C03914/AceTextField: [(100000:100000:scope)] UpdateCaretInfoToController, left 392.606201, top 681.056004, width 6.500000, height 60.943996, selectController_ Start 9, end 9
06-11 09:40:13.085  2781  2837 I C01c10/ImsaKit: line: 255, function: ExecuteCurrentTask,curTask_ completed
06-11 09:40:13.086  2781  2837 I C01c10/ImsaKit: line: 255, function: ExecuteCurrentTask,curTask_ completed
06-11 09:40:13.086  3062  3062 I C03914/AceTextField: [(100000:100000:scope)] On change previewText, len:0, index:<private>
06-11 09:40:13.086  2781  2781 I A000ff/HMKeyboard_KBDDelegateEventRegi: onCursorContextChange,x:392,y:681,h:60
06-11 09:40:13.086  2781  2781 I A000ff/HMKeyboard_TextBeforeCursorGett: do getForward
06-11 09:40:13.086  2781  2781 I A000ff/HMKeyboard_KBDDelegateEventRegi: onTextChange, len:9
06-11 09:40:13.086  2781  2781 I A000ff/HMKeyboard_InputManager: this.inputTextLength = 9
06-11 09:40:13.086  2781  2781 I A000ff/HMKeyboard_KeyboardModeManager: isHandWriteOnKbd isInputStatus false
06-11 09:40:13.086  2781  2781 I A000ff/HMKeyboard_KBDDelegateEventRegi: onSelectionChange, ob: 8, oe: 8, nb: 9, ne: 9
06-11 09:40:13.086  3062  3062 I A03d00/JSAPP: [MakepadNTI] changed id=23 programmatic_echo=false len=9
06-11 09:40:13.086  2781  2781 I A000ff/HMKeyboard_KeyboardModeManager: isHandWriteOnKbd isInputStatus false
06-11 09:40:13.086  3062  3062 I C03914/AceTextField: [(100000:100000:scope)] On selection change start <private>, end <private>
06-11 09:40:13.086  2781  2781 I A000ff/HMKeyboard_AutoCalcUtil: No calc character.
06-11 09:40:13.087  2781  2781 I A000ff/HMKeyboard_TextBeforeCursorGett: updateTextBeforeCursor end
06-11 09:40:13.100  3062  3383 I A03d00/makepad-ohos: [I] examples/native_text_input/src/main.rs:422:12 - NativeTextInput smoke: changed action received: hello oho
06-11 09:40:13.100  3062  3383 I A03d00/makepad-ohos: [I] examples/native_text_input/src/main.rs:498:12 - NativeTextInput smoke: selection 9..9
06-11 09:40:13.100   664   723 E C01400/OHOS::RS: RsFrameReport:[loadSymbol]Get RSRenderStart symbol failed: do_dlsym failed: Symbol not found: RSRenderStart, version: null so=/system/lib64/platformsdk/libframe_ui_intf.z.so
06-11 09:40:13.100   664   723 E C01400/OHOS::RS: RsFrameReport:[RSRenderStart]load RSRenderStart function failed!
06-11 09:40:13.108   664   723 E C01400/OHOS::RS: RsFrameReport:[loadSymbol]Get RSRenderEnd symbol failed: do_dlsym failed: Symbol not found: RSRenderEnd, version: null so=/system/lib64/platformsdk/libframe_ui_intf.z.so
06-11 09:40:13.108   664   723 E C01400/OHOS::RS: RsFrameReport:[RSRenderEnd]load RSRenderEnd function failed!
06-11 09:40:13.109   503  3425 W C02510/DISP: [SetLayerMaskInfo:437] <private> is not supported
06-11 09:40:13.117   664   723 E C01400/OHOS::RS: RsFrameReport:[loadSymbol]Get RSRenderStart symbol failed: do_dlsym failed: Symbol not found: RSRenderStart, version: null so=/system/lib64/platformsdk/libframe_ui_intf.z.so
06-11 09:40:13.117   664   723 E C01400/OHOS::RS: RsFrameReport:[RSRenderStart]load RSRenderStart function failed!
06-11 09:40:13.118  3062  3062 I A03d00/JSAPP: [MakepadNTI] layout id=21 makepad_rect=38,102,311.69232177734375,28 applied_size=311.69232177734375x28 visible=true vp_px=3.25
06-11 09:40:13.118   664   723 E C02515/DGLES: [d_eglCreateImage_special@egl_gpu.cpp:283] createimage with ctx null opengl_context 7f89697000
06-11 09:40:13.118  3062  3062 I A03d00/JSAPP: [MakepadNTI] layout id=23 makepad_rect=38,162,311.69232177734375,36 applied_size=311.69232177734375x36 visible=true vp_px=3.25
06-11 09:40:13.118   664   723 E C02515/DGLES: [d_glBindTexture_special@glv3_status.cpp:692] bind external with nullptr gbuffer 0
06-11 09:40:13.118  3062  3062 I A03d00/JSAPP: [MakepadNTI] layout id=25 makepad_rect=38,230,311.69232177734375,36 applied_size=311.69232177734375x36 visible=true vp_px=3.25
06-11 09:40:13.119  3062  3062 I A03d00/JSAPP: [MakepadNTI] layout id=58 makepad_rect=46,668,295.69232177734375,36 applied_size=295.69232177734375x36 visible=true vp_px=3.25
06-11 09:40:13.120  4820  4820 I C02800/InputManagerImpl: [][SimulateInputEvent:983] action:3
06-11 09:40:13.120   233   436 I C02802/EventNormalizeHandler: [K:U:74][HandleKeyEvent:284] See InputTracking-Dict, I:74, KC:<private>, AT:448437027, ET:key, KA:KEY_ACTION_UP, NL:0, CL:<private>, SL:<private>, KIC:<private>, DI:-1, IR:false, SI:true
06-11 09:40:13.120   233   436 I C02802/EventNormalizeHandler: [K:U:74][HandleKeyEvent:284] DN:-1, KC:<private>, DT:0, IP:1,
06-11 09:40:13.120   233   436 I C02802/EventNormalizeHandler: [K:U:74][HandleKeyEvent:284] <private>]
06-11 09:40:13.120   233   436 I C02802/KeyCommandHandler: [K:U:74][HandleRepeatKeys:1554] Handle repeat key, isLaunched:0, waitRepeatKey:0
06-11 09:40:13.120   233   436 E C02802/KeySubscriberHandler: [K:U:74][HandleCallEnded:1158] CallBehaviorState is false
06-11 09:40:13.120   233   436 I C02800/KeyGestureManager: [K:U:74][Intercept:407] enter
06-11 09:40:13.120   233   436 I C02800/KeyGestureManager: [K:U:74][Intercept] leave
06-11 09:40:13.121   233   436 I C02805/EventDispatchHandler: [K:U:74][DispatchKeyEvent:467] InputTracking id:74, SendMsg to dev.makepad.makepad_example_native_text_input:pid:3062
06-11 09:40:13.121  4820  4820 I C02800/InputManagerImpl: [][SimulateInputEvent:983] action:2
06-11 09:40:13.121   233   436 I C02802/EventNormalizeHandler: [K:D:75][HandleKeyEvent:284] See InputTracking-Dict, I:75, KC:<private>, AT:448438091, ET:key, KA:KEY_ACTION_DOWN, NL:0, CL:<private>, SL:<private>, KIC:<private>, DI:-1, IR:false, SI:true
06-11 09:40:13.121   233   436 I C02802/EventNormalizeHandler: [K:D:75][HandleKeyEvent:284] DN:-1, KC:<private>, DT:0, IP:1,
06-11 09:40:13.121   233   436 I C02802/EventNormalizeHandler: [K:D:75][HandleKeyEvent:284] <private>]
06-11 09:40:13.121   233   436 I C02802/KeyCommandHandler: [K:D:75][HandleEvent:1419] Combination key currentKey:2035, repeatKey:-1
06-11 09:40:13.121   233   436 I C02802/KeyCommandHandler: [K:D:75][HandleRepeatKeys:1554] Handle repeat key, isLaunched:0, waitRepeatKey:0
06-11 09:40:13.121   233   436 E C02802/KeySubscriberHandler: [K:D:75][HandleCallEnded:1158] CallBehaviorState is false
06-11 09:40:13.121   233   436 I C02800/KeyGestureManager: [K:D:75][Intercept:407] enter
06-11 09:40:13.121   233   436 I C02800/KeyGestureManager: [K:D:75][Intercept] leave
06-11 09:40:13.121   233   436 I C02802/KeySubscriberHandler: [K:D:75][HandleKeyDown:828] Foreground pid size:4
06-11 09:40:13.122   233   436 I C02805/EventDispatchHandler: [K:D:75][DispatchKeyEvent:467] InputTracking id:75, SendMsg to dev.makepad.makepad_example_native_text_input:pid:3062
06-11 09:40:13.122  3062  3397 I C02805/ClientMsgHandler: [K:U:74][OnKeyEvent:150] Received.
06-11 09:40:13.122  3062  3397 I C02805/InputManagerImpl: [K:U:74][OnKeyEvent:442] id:74 recv
06-11 09:40:13.122  3062  3397 I C04213/InputKeyFlow: [] OnInputEvent(48): eid:17,InputId:74,wid:36
06-11 09:40:13.123  3062  3397 I C04200/InputChannel: (165)isKeyFN: 0, isKeyboard: 1
06-11 09:40:13.124   664   723 E C01400/OHOS::RS: RsFrameReport:[loadSymbol]Get RSRenderEnd symbol failed: do_dlsym failed: Symbol not found: RSRenderEnd, version: null so=/system/lib64/platformsdk/libframe_ui_intf.z.so
06-11 09:40:13.124   664   723 E C01400/OHOS::RS: RsFrameReport:[RSRenderEnd]load RSRenderEnd function failed!
06-11 09:40:13.124  3062  3397 I C02805/ClientMsgHandler: [K:D:75][OnKeyEvent:150] Received.
06-11 09:40:13.124  3062  3397 I C02805/InputManagerImpl: [K:D:75][OnKeyEvent:442] id:75 recv
06-11 09:40:13.124  3062  3397 I C04213/InputKeyFlow: [] OnInputEvent(48): eid:18,InputId:75,wid:36
06-11 09:40:13.124  2781  2781 I A000ff/HMKeyboard_HardwareInputManager: onKeyEventNew. the action is Action.UP
06-11 09:40:13.124  2781  2781 W A000ff/HMKeyboard_HardInputShortCutKey: isShortCutForSwitchZhEn. isSingleShiftKeyUp is false. isSingleCtrlKeyUp is false.
06-11 09:40:13.124  2781  2781 I A000ff/HMKeyboard_HardwareInputManager: onKeyUp. isShortCutForSwitchZhEn: false
06-11 09:40:13.124  2781  2781 I A000ff/HMKeyboard_TradZhInputHelper: isZYMainKeyboard subtypeId: Input_ZH_26Menu
06-11 09:40:13.124  2781  2781 W C01c10/ImsaKit: line: 367, function: DealKeyEvent,ime is not consumed, result: 0.
06-11 09:40:13.124  3062  3407 I C0420c/WMSEvent: [] DispatchKeyEventCallback(3916): Start to process keyEvent, id: 74
06-11 09:40:13.124   503  3425 W C02510/DISP: [SetLayerMaskInfo:437] <private> is not supported
06-11 09:40:13.125  3062  3062 I C0391c/AceFocus: [(100000:100000:scope)] OnKeyEventInteral: Node TextInput/11 handle KeyEvent(secure_field, 1) return: 0
06-11 09:40:13.125  3062  3397 I C04200/InputChannel: (165)isKeyFN: 0, isKeyboard: 1
06-11 09:40:13.126  2781  2781 I A000ff/HMKeyboard_HardwareInputManager: onKeyEventNew. the action is Action.DOWN
06-11 09:40:13.126  2781  2781 I A000ff/HMKeyboard_HardwareInputManager: onKeyDown, isShift:false, isCapsLock:false, isAlt:false, isNumLock:false, isAlphaKeyboardExist: false, isSoftKeyboardShow: true, isfull:false, isSpace:false, keysLenght: 1
06-11 09:40:13.126  2781  2781 W A000ff/HMKeyboard_HardInputShortCutKey: isShortCutForSwitchSimpAndTradi. because isNotValidScene. so ignore.
06-11 09:40:13.126  2781  2781 W A000ff/HMKeyboard_HardInputShortCutKey: isShortCutForOpenEmojiSymbol. because isNotValidScene. so ignore.
06-11 09:40:13.126  2781  2781 W A000ff/HMKeyboard_HardInputShortCutKey: isShortCutForOpenVoiceInput. because isNotValidScene. so ignore.
06-11 09:40:13.126  2781  2781 W A000ff/HMKeyboard_HardInputShortCutKey: isShortCutForOpenInputMethodMenu. because isNotValidScene. so ignore.
06-11 09:40:13.126  2781  2781 I A000ff/HMKeyboard_HardwareInputManager: onKeyDown. isZh: true, isInputStateZH: false,true,local:zh_CN}
06-11 09:40:13.127  2781  2781 I A000ff/HMKeyboard_PairSymbolInputManag: inputPattern:-1
06-11 09:40:13.127  2781  2781 I A000ff/HMKeyboard_TradZhInputHelper: isZYMainKeyboard subtypeId: Input_ZH_26Menu
06-11 09:40:13.127  2781  2781 I A000ff/HMKeyboard_HardwareInputManager: onKeyDown by script, just return, isAlphaKeyboardExist: false
06-11 09:40:13.127  3062  3773 I C0420c/WMSEvent: [] DispatchKeyEventCallback(3916): Start to process keyEvent, id: 75
06-11 09:40:13.127  2781  2781 W C01c10/ImsaKit: line: 367, function: DealKeyEvent,ime is not consumed, result: 0.
06-11 09:40:13.128  3062  3062 I C0391c/AceFocus: [(100000:100000:scope)] OnKeyEventInteral: Node TextInput/11 handle KeyEvent(secure_field, 0) return: 1
06-11 09:40:13.128  3062  3062 I C0391c/AceFocus: [(100000:100000:scope)] Focus system handled the key event: code:secure_field/action:0
06-11 09:40:13.134  3062  3062 I C03914/AceTextField: [(100000:100000:scope)] BeforeIMEInsertValue len:<private>,offset:<private>
06-11 09:40:13.134  3062  3062 I C03914/AceTextField: [(100000:100000:scope)] AfterIMEInsertValue len:<private>,offset:<private>
06-11 09:40:13.134  3062  3062 I C03912/AceTextInput: [(100000:100000:scope)] before move, handleRect.GetX():295.516235,handleRect.GetY():28.056004
06-11 09:40:13.134  3062  3062 I C03912/AceTextInput: [(100000:100000:scope)] after move, handleRect.GetX():292.266235,handleRect.GetY():28.056004
06-11 09:40:13.135  3062  3062 I C03914/AceTextField: [(100000:100000:scope)] textfield 11 positionY: 653.000000, height: 167.000000,paintOffset: Offset (124.00, 653.00), windowRect: 0.000000
06-11 09:40:13.135  3062  3062 I C01c10/ImsaKit: line: 718, function: OnCursorUpdate,left: 416, top: 681, height: 60.
06-11 09:40:13.135  3062  3062 I C01c10/ImsaKit: line: 752, function: OnSelectionChange,IMC size: 10, range: 9/9/10/10.
06-11 09:40:13.135  3062  3062 I C03914/AceTextField: [(100000:100000:scope)] UpdateCaretInfoToController, left 416.266235, top 681.056004, width 6.500000, height 60.943996, selectController_ Start 10, end 10
06-11 09:40:13.136  2781  2837 I C01c10/ImsaKit: line: 255, function: ExecuteCurrentTask,curTask_ completed
06-11 09:40:13.136  2781  2837 I C01c10/ImsaKit: line: 255, function: ExecuteCurrentTask,curTask_ completed
06-11 09:40:13.137  3062  3062 I C03914/AceTextField: [(100000:100000:scope)] On change previewText, len:0, index:<private>
06-11 09:40:13.137  3062  3062 I A03d00/JSAPP: [MakepadNTI] changed id=23 programmatic_echo=false len=10
06-11 09:40:13.137  2781  2781 I A000ff/HMKeyboard_KBDDelegateEventRegi: onCursorContextChange,x:416,y:681,h:60
06-11 09:40:13.137  3062  3062 I C03914/AceTextField: [(100000:100000:scope)] On selection change start <private>, end <private>
06-11 09:40:13.138  2781  2781 I A000ff/HMKeyboard_TextBeforeCursorGett: do getForward
06-11 09:40:13.138  2781  2781 I A000ff/HMKeyboard_KBDDelegateEventRegi: onTextChange, len:10
06-11 09:40:13.138  2781  2781 I A000ff/HMKeyboard_InputManager: this.inputTextLength = 10
06-11 09:40:13.138  2781  2781 I A000ff/HMKeyboard_KeyboardModeManager: isHandWriteOnKbd isInputStatus false
06-11 09:40:13.138  2781  2781 I A000ff/HMKeyboard_KBDDelegateEventRegi: onSelectionChange, ob: 9, oe: 9, nb: 10, ne: 10
06-11 09:40:13.139  2781  2781 I A000ff/HMKeyboard_KeyboardModeManager: isHandWriteOnKbd isInputStatus false
06-11 09:40:13.139  2781  2781 I A000ff/HMKeyboard_AutoCalcUtil: No calc character.
06-11 09:40:13.140  2781  2781 I A000ff/HMKeyboard_TextBeforeCursorGett: updateTextBeforeCursor end
06-11 09:40:13.148  3062  3383 I A03d00/makepad-ohos: [I] examples/native_text_input/src/main.rs:422:12 - NativeTextInput smoke: changed action received: hello ohos
06-11 09:40:13.148  3062  3383 I A03d00/makepad-ohos: [I] examples/native_text_input/src/main.rs:498:12 - NativeTextInput smoke: selection 10..10
06-11 09:40:13.149   664   723 E C01400/OHOS::RS: RsFrameReport:[loadSymbol]Get RSRenderStart symbol failed: do_dlsym failed: Symbol not found: RSRenderStart, version: null so=/system/lib64/platformsdk/libframe_ui_intf.z.so
06-11 09:40:13.149   664   723 E C01400/OHOS::RS: RsFrameReport:[RSRenderStart]load RSRenderStart function failed!
06-11 09:40:13.152   664   723 E C01400/OHOS::RS: RsFrameReport:[loadSymbol]Get RSRenderEnd symbol failed: do_dlsym failed: Symbol not found: RSRenderEnd, version: null so=/system/lib64/platformsdk/libframe_ui_intf.z.so
06-11 09:40:13.152   664   723 E C01400/OHOS::RS: RsFrameReport:[RSRenderEnd]load RSRenderEnd function failed!
06-11 09:40:13.153   503  3425 W C02510/DISP: [SetLayerMaskInfo:437] <private> is not supported
06-11 09:40:13.167   664   723 E C01400/OHOS::RS: RsFrameReport:[loadSymbol]Get RSRenderStart symbol failed: do_dlsym failed: Symbol not found: RSRenderStart, version: null so=/system/lib64/platformsdk/libframe_ui_intf.z.so
06-11 09:40:13.168   664   723 E C01400/OHOS::RS: RsFrameReport:[RSRenderStart]load RSRenderStart function failed!
06-11 09:40:13.168  3062  3062 I A03d00/JSAPP: [MakepadNTI] layout id=21 makepad_rect=38,102,311.69232177734375,28 applied_size=311.69232177734375x28 visible=true vp_px=3.25
06-11 09:40:13.169  3062  3062 I A03d00/JSAPP: [MakepadNTI] layout id=23 makepad_rect=38,162,311.69232177734375,36 applied_size=311.69232177734375x36 visible=true vp_px=3.25
06-11 09:40:13.169   664   723 E C02515/DGLES: [d_eglCreateImage_special@egl_gpu.cpp:283] createimage with ctx null opengl_context 7f89697000
06-11 09:40:13.170  3062  3062 I A03d00/JSAPP: [MakepadNTI] layout id=25 makepad_rect=38,230,311.69232177734375,36 applied_size=311.69232177734375x36 visible=true vp_px=3.25
06-11 09:40:13.170   664   723 E C02515/DGLES: [d_glBindTexture_special@glv3_status.cpp:692] bind external with nullptr gbuffer 0
06-11 09:40:13.171  3062  3062 I A03d00/JSAPP: [MakepadNTI] layout id=58 makepad_rect=46,668,295.69232177734375,36 applied_size=295.69232177734375x36 visible=true vp_px=3.25
06-11 09:40:13.173  4820  4820 I C02800/InputManagerImpl: [][SimulateInputEvent:983] action:3
06-11 09:40:13.175   233   436 I C02802/EventNormalizeHandler: [K:U:76][HandleKeyEvent:284] See InputTracking-Dict, I:76, KC:<private>, AT:448490051, ET:key, KA:KEY_ACTION_UP, NL:0, CL:<private>, SL:<private>, KIC:<private>, DI:-1, IR:false, SI:true
06-11 09:40:13.175   233   436 I C02802/EventNormalizeHandler: [K:U:76][HandleKeyEvent:284] DN:-1, KC:<private>, DT:0, IP:1,
06-11 09:40:13.175   233   436 I C02802/EventNormalizeHandler: [K:U:76][HandleKeyEvent:284] <private>]
06-11 09:40:13.175   233   436 I C02802/KeyCommandHandler: [K:U:76][HandleRepeatKeys:1554] Handle repeat key, isLaunched:0, waitRepeatKey:0
06-11 09:40:13.175   233   436 E C02802/KeySubscriberHandler: [K:U:76][HandleCallEnded:1158] CallBehaviorState is false
06-11 09:40:13.176   233   436 I C02800/KeyGestureManager: [K:U:76][Intercept:407] enter
06-11 09:40:13.176   233   436 I C02800/KeyGestureManager: [K:U:76][Intercept] leave
06-11 09:40:13.176   233   436 I C02805/EventDispatchHandler: [K:U:76][DispatchKeyEvent:467] InputTracking id:76, SendMsg to dev.makepad.makepad_example_native_text_input:pid:3062
06-11 09:40:13.179   664   723 E C01400/OHOS::RS: RsFrameReport:[loadSymbol]Get RSRenderEnd symbol failed: do_dlsym failed: Symbol not found: RSRenderEnd, version: null so=/system/lib64/platformsdk/libframe_ui_intf.z.so
06-11 09:40:13.179   664   723 E C01400/OHOS::RS: RsFrameReport:[RSRenderEnd]load RSRenderEnd function failed!
06-11 09:40:13.179  3062  3397 I C02805/ClientMsgHandler: [K:U:76][OnKeyEvent:150] Received.
06-11 09:40:13.179  3062  3397 I C02805/InputManagerImpl: [K:U:76][OnKeyEvent:442] id:76 recv
06-11 09:40:13.179   503  3425 W C02510/DISP: [SetLayerMaskInfo:437] <private> is not supported
06-11 09:40:13.179  3062  3397 I C04213/InputKeyFlow: [] OnInputEvent(48): eid:19,InputId:76,wid:36
06-11 09:40:13.180  3062  3397 I C04200/InputChannel: (165)isKeyFN: 0, isKeyboard: 1
06-11 09:40:13.181  2781  2781 I A000ff/HMKeyboard_HardwareInputManager: onKeyEventNew. the action is Action.UP
06-11 09:40:13.181  2781  2781 W A000ff/HMKeyboard_HardInputShortCutKey: isShortCutForSwitchZhEn. isSingleShiftKeyUp is false. isSingleCtrlKeyUp is false.
06-11 09:40:13.181  2781  2781 I A000ff/HMKeyboard_HardwareInputManager: onKeyUp. isShortCutForSwitchZhEn: false
06-11 09:40:13.181  2781  2781 I A000ff/HMKeyboard_TradZhInputHelper: isZYMainKeyboard subtypeId: Input_ZH_26Menu
06-11 09:40:13.181  2781  2781 W C01c10/ImsaKit: line: 367, function: DealKeyEvent,ime is not consumed, result: 0.
06-11 09:40:13.182  3062  3407 I C0420c/WMSEvent: [] DispatchKeyEventCallback(3916): Start to process keyEvent, id: 76
06-11 09:40:13.182  3062  3062 I C0391c/AceFocus: [(100000:100000:scope)] OnKeyEventInteral: Node TextInput/11 handle KeyEvent(secure_field, 1) return: 0
06-11 09:40:13.184   937  4819 I C02d13/HDC_LOG: [FinishShellProc:85] FinishShellProc finish pipeRead fd:39 pid:4818
06-11 09:40:13.184   937  4819 I C02d13/HDC_LOG: [TaskFinish:50] HdcTaskBase::TaskFinish notify begin channelId:3337543613
06-11 09:40:13.184   937  4819 I C02d13/HDC_LOG: [TaskFinish:52] HdcTaskBase::TaskFinish notify end channelId:3337543613
06-11 09:40:13.186   937  1034 I C02d13/HDC_LOG: [FetchCommand:891] FetchCommand channelId:3337543613 command:2
06-11 09:40:13.186   937  1034 W C02d13/HDC_LOG: [BeginRemoveTask:111] BeginRemoveTask taskType:0 channelId:3337543613
06-11 09:40:13.186   937  1034 W C02d13/HDC_LOG: [ClearOwnTasks:172] ClearOwnTasks OP_CLEAR finish, sessionId:237924010 channelIDInput:3337543613
06-11 09:40:13.186   937  1034 I C02d13/HDC_LOG: [FetchCommand:891] FetchCommand channelId:3337543613 command:2
06-11 09:40:13.186   937  1034 W C02d13/HDC_LOG: [operator():119] taskClassDeleteRetry start clear task, taskType:0 cid:3337543613 sid:237924010
06-11 09:40:13.186   937  1034 I C02d13/HDC_LOG: [DoRelease:66] DoRelease pid:4818
06-11 09:40:13.186   937  1034 I C02d13/HDC_LOG: [operator():130] TaskDelay task remove retry count 0/30, taskType:0 channelId:3337543613, sessionId:237924010
06-11 09:40:13.186   937  1034 I C02d13/HDC_LOG: [~HdcDaemonUnity:30] ~HdcDaemonUnity channelId:3337543613
06-11 09:40:13.186   937  1034 I C02d13/HDC_LOG: [~HdcTaskBase:37] ~HdcTaskBase channelId:3337543613
06-11 09:40:13.186   937  1034 W C02d13/HDC_LOG: [operator():138] TaskDelay task remove finish, channelId:3337543613
06-11 09:40:13.186   937  1034 I C02d13/HDC_LOG: [DispUvStreamInfo:624] before uv handle close, the uv handle type is 13
06-11 09:40:13.275   664   771 I C01400/Vsync: ChangeState: StateChange: VSYNC -> VSYNC_TO_DVSYNC
06-11 09:40:13.293   664   771 I C01400/Vsync: ChangeState: StateChange: VSYNC_TO_DVSYNC -> DVSYNC
06-11 09:40:13.300   478   663 W C02943/ThermalHdi: get node failed
06-11 09:40:13.300   478   663 W C02943/ThermalHdi: get node failed
06-11 09:40:13.300   478   663 W C02943/ThermalHdi: get node failed
06-11 09:40:13.358   121   837 I C01800/SAMGR: NF SA:65962,876_820
06-11 09:40:13.390   517   591 I C057ff/nStackXEpoll: DeRegisterEpollTask:[230] :DeRegisterEpollTask
06-11 09:40:13.390   517   591 I C057ff/nStackXEpoll: PrintTaskInfo:[71] :task: 00******a1b418, task->epollfd: 45, task->taskfd: 64, task->readHandle: 00******a1b420
06-11 09:40:13.390   517   591 I C057ff/nStackXEpoll: RegisterEpollTask:[206] :RegisterEpollTask
06-11 09:40:13.390   517   591 I C057ff/nStackXEpoll: PrintTaskInfo:[71] :task: 00******a1b418, task->epollfd: 45, task->taskfd: 64, task->readHandle: 00******a1b420
06-11 09:40:13.559   121   837 I C01800/SAMGR: NF SA:65962,876_821
06-11 09:40:13.569  2856  4775 W C01719/ffrt: 151:~WorkerThread:72 to exit, qos[3]
06-11 09:40:13.659   664   771 I C01400/Vsync: ChangeState: StateChange: VSYNC -> VSYNC_TO_DVSYNC
06-11 09:40:13.660   664   723 E C01400/OHOS::RS: RsFrameReport:[loadSymbol]Get RSRenderStart symbol failed: do_dlsym failed: Symbol not found: RSRenderStart, version: null so=/system/lib64/platformsdk/libframe_ui_intf.z.so
06-11 09:40:13.661   664   723 E C01400/OHOS::RS: RsFrameReport:[RSRenderStart]load RSRenderStart function failed!
06-11 09:40:13.665   664   723 E C01400/OHOS::RS: RsFrameReport:[loadSymbol]Get RSRenderEnd symbol failed: do_dlsym failed: Symbol not found: RSRenderEnd, version: null so=/system/lib64/platformsdk/libframe_ui_intf.z.so
06-11 09:40:13.665   664   723 E C01400/OHOS::RS: RsFrameReport:[RSRenderEnd]load RSRenderEnd function failed!
06-11 09:40:13.666   503  3425 W C02510/DISP: [SetLayerMaskInfo:437] <private> is not supported
06-11 09:40:13.675   664   771 I C01400/Vsync: ChangeState: StateChange: VSYNC_TO_DVSYNC -> DVSYNC
06-11 09:40:13.773   121   837 I C01800/SAMGR: NF SA:65962,876_822
06-11 09:40:13.974   121   837 I C01800/SAMGR: NF SA:65962,876_823
06-11 09:40:13.992   543  1455 I C02986/DisplayPowerBrightness: lux=[0/448801, 0/448904, 0/449005, 0/449105, 0/449207, 0/449309, ], bDelta=5.000000, dDelta=1.000000, size=41
06-11 09:40:14.144   125  4770 E C02d66/Hiview-XPerformance: [InquiryOhImpl::ExtractStringValue] Canonical FilePath: /sys/class/ithermal/lpm/lpm_freq failed.
06-11 09:40:14.144   125  4770 E C02d66/Hiview-XPerformance: [InquiryOhImpl::ExtractStringValue] Canonical FilePath: /sys/class/power_supply/Battery/status failed.
06-11 09:40:14.156   664   723 E C01400/OHOS::RS: RsFrameReport:[loadSymbol]Get RSRenderStart symbol failed: do_dlsym failed: Symbol not found: RSRenderStart, version: null so=/system/lib64/platformsdk/libframe_ui_intf.z.so
06-11 09:40:14.157   664   723 E C01400/OHOS::RS: RsFrameReport:[RSRenderStart]load RSRenderStart function failed!
06-11 09:40:14.162   664   723 E C02515/DGLES: [d_eglSwapBuffers_special@egl_gpu.cpp:729] thread output size 2574443 speed 2307k/s API_num 1696
06-11 09:40:14.162   664   723 E C01400/OHOS::RS: RsFrameReport:[loadSymbol]Get RSRenderEnd symbol failed: do_dlsym failed: Symbol not found: RSRenderEnd, version: null so=/system/lib64/platformsdk/libframe_ui_intf.z.so
06-11 09:40:14.162   664   723 E C01400/OHOS::RS: RsFrameReport:[RSRenderEnd]load RSRenderEnd function failed!
06-11 09:40:14.162   503  3425 W C02510/DISP: [SetLayerMaskInfo:437] <private> is not supported
06-11 09:40:14.171   664   723 E C01400/OHOS::RS: RsFrameReport:[loadSymbol]Get RSRenderStart symbol failed: do_dlsym failed: Symbol not found: RSRenderStart, version: null so=/system/lib64/platformsdk/libframe_ui_intf.z.so
06-11 09:40:14.171   664   723 E C01400/OHOS::RS: RsFrameReport:[RSRenderStart]load RSRenderStart function failed!
06-11 09:40:14.176   121   837 I C01800/SAMGR: NF SA:65962,876_824
06-11 09:40:14.176   664   723 E C01400/OHOS::RS: RsFrameReport:[loadSymbol]Get RSRenderEnd symbol failed: do_dlsym failed: Symbol not found: RSRenderEnd, version: null so=/system/lib64/platformsdk/libframe_ui_intf.z.so
06-11 09:40:14.176   664   723 E C01400/OHOS::RS: RsFrameReport:[RSRenderEnd]load RSRenderEnd function failed!
06-11 09:40:14.176   503  3425 W C02510/DISP: [SetLayerMaskInfo:437] <private> is not supported
06-11 09:40:14.182   682  4778 W C01719/ffrt: 17863:~WorkerThread:72 to exit, qos[1]
06-11 09:40:14.217   378  4780 W C01719/ffrt: 53:~WorkerThread:72 to exit, qos[2]
06-11 09:40:14.377   121   837 I C01800/SAMGR: NF SA:65962,876_825
06-11 09:40:14.387   517   591 I C057ff/nStackXEpoll: DeRegisterEpollTask:[230] :DeRegisterEpollTask
06-11 09:40:14.387   517   591 I C057ff/nStackXEpoll: PrintTaskInfo:[71] :task: 00******a1b418, task->epollfd: 45, task->taskfd: 64, task->readHandle: 00******a1b420
06-11 09:40:14.387   517   591 I C057ff/nStackXEpoll: RegisterEpollTask:[206] :RegisterEpollTask
06-11 09:40:14.387   517   591 I C057ff/nStackXEpoll: PrintTaskInfo:[71] :task: 00******a1b418, task->epollfd: 45, task->taskfd: 64, task->readHandle: 00******a1b420
06-11 09:40:14.570  2856  4841 W C01719/ffrt: 153:FFRTQosApplyForOther:244 tid 4841, Interrupted system call, ret:-1, eno:4
06-11 09:40:14.578   121   837 I C01800/SAMGR: NF SA:65962,876_826
06-11 09:40:14.578   876   905 E C01810/SA_CLIENT: GetSaWrap SA:65962 not start
06-11 09:40:14.578   876   905 I C01409/APS_MANAGER: request system service object is not ready yet!
06-11 09:40:14.671   664   723 E C01400/OHOS::RS: RsFrameReport:[loadSymbol]Get RSRenderStart symbol failed: do_dlsym failed: Symbol not found: RSRenderStart, version: null so=/system/lib64/platformsdk/libframe_ui_intf.z.so
06-11 09:40:14.671   664   723 E C01400/OHOS::RS: RsFrameReport:[RSRenderStart]load RSRenderStart function failed!
06-11 09:40:14.679   664   723 E C01400/OHOS::RS: RsFrameReport:[loadSymbol]Get RSRenderEnd symbol failed: do_dlsym failed: Symbol not found: RSRenderEnd, version: null so=/system/lib64/platformsdk/libframe_ui_intf.z.so
06-11 09:40:14.679   664   723 E C01400/OHOS::RS: RsFrameReport:[RSRenderEnd]load RSRenderEnd function failed!
06-11 09:40:14.681   503  3425 W C02510/DISP: [SetLayerMaskInfo:437] <private> is not supported
06-11 09:40:15.057  2781  4797 W C01719/ffrt: 101:~WorkerThread:72 to exit, qos[2]
06-11 09:40:15.058  2704  4799 W C01719/ffrt: 4760:~WorkerThread:72 to exit, qos[2]
06-11 09:40:15.067  2781  4796 W C01719/ffrt: 102:~WorkerThread:72 to exit, qos[2]
06-11 09:40:15.068  2704  4800 W C01719/ffrt: 4762:~WorkerThread:72 to exit, qos[2]
06-11 09:40:15.070   174  4798 W C01719/ffrt: 112:~WorkerThread:72 to exit, qos[2]
06-11 09:40:15.072   174  4804 W C01719/ffrt: 113:~WorkerThread:72 to exit, qos[2]
06-11 09:40:15.073   174  4802 W C01719/ffrt: 114:~WorkerThread:72 to exit, qos[2]
06-11 09:40:15.074   174  4801 W C01719/ffrt: 115:~WorkerThread:72 to exit, qos[2]
06-11 09:40:15.082   682  4777 W C01719/ffrt: 17865:~WorkerThread:72 to exit, qos[2]
06-11 09:40:15.083   174  4803 W C01719/ffrt: 116:~WorkerThread:72 to exit, qos[2]
06-11 09:40:15.100   225  4805 W C01719/ffrt: 162:~WorkerThread:72 to exit, qos[2]
06-11 09:40:15.133   719  4766 W C01719/ffrt: 175:~WorkerThread:72 to exit, qos[2]
06-11 09:40:15.134   719  4765 W C01719/ffrt: 176:~WorkerThread:72 to exit, qos[2]
06-11 09:40:15.136   682  4809 W C01719/ffrt: 17867:~WorkerThread:72 to exit, qos[5]
06-11 09:40:15.136   664   723 E C01400/OHOS::RS: RsFrameReport:[loadSymbol]Get RSRenderStart symbol failed: do_dlsym failed: Symbol not found: RSRenderStart, version: null so=/system/lib64/platformsdk/libframe_ui_intf.z.so
06-11 09:40:15.136   664   723 E C01400/OHOS::RS: RsFrameReport:[RSRenderStart]load RSRenderStart function failed!
06-11 09:40:15.140   125  4773 W C01719/ffrt: 470:~WorkerThread:72 to exit, qos[2]
06-11 09:40:15.144   225  4806 W C01719/ffrt: 163:~WorkerThread:72 to exit, qos[2]
06-11 09:40:15.145   682  4779 W C01719/ffrt: 17869:~WorkerThread:72 to exit, qos[2]
06-11 09:40:15.145   225  4807 W C01719/ffrt: 164:~WorkerThread:72 to exit, qos[2]
06-11 09:40:15.147   664   723 E C01400/OHOS::RS: RsFrameReport:[loadSymbol]Get RSRenderEnd symbol failed: do_dlsym failed: Symbol not found: RSRenderEnd, version: null so=/system/lib64/platformsdk/libframe_ui_intf.z.so
06-11 09:40:15.147   664   723 E C01400/OHOS::RS: RsFrameReport:[RSRenderEnd]load RSRenderEnd function failed!
06-11 09:40:15.151   503  3425 W C02510/DISP: [SetLayerMaskInfo:437] <private> is not supported
06-11 09:40:15.167   664   723 E C01400/OHOS::RS: RsFrameReport:[loadSymbol]Get RSRenderStart symbol failed: do_dlsym failed: Symbol not found: RSRenderStart, version: null so=/system/lib64/platformsdk/libframe_ui_intf.z.so
06-11 09:40:15.167   664   723 E C01400/OHOS::RS: RsFrameReport:[RSRenderStart]load RSRenderStart function failed!
06-11 09:40:15.169   544  4810 W C01719/ffrt: 40:~WorkerThread:72 to exit, qos[2]
06-11 09:40:15.175   664   723 E C02515/DGLES: [d_eglSwapBuffers_special@egl_gpu.cpp:729] thread output size 1678480 speed 1617k/s API_num 812
06-11 09:40:15.175   664   723 E C01400/OHOS::RS: RsFrameReport:[loadSymbol]Get RSRenderEnd symbol failed: do_dlsym failed: Symbol not found: RSRenderEnd, version: null so=/system/lib64/platformsdk/libframe_ui_intf.z.so
06-11 09:40:15.176   664   723 E C01400/OHOS::RS: RsFrameReport:[RSRenderEnd]load RSRenderEnd function failed!
06-11 09:40:15.176   503  3425 W C02510/DISP: [SetLayerMaskInfo:437] <private> is not supported
06-11 09:40:15.387   517   591 I C057ff/nStackXEpoll: DeRegisterEpollTask:[230] :DeRegisterEpollTask
06-11 09:40:15.387   517   591 I C057ff/nStackXEpoll: PrintTaskInfo:[71] :task: 00******a1b418, task->epollfd: 45, task->taskfd: 64, task->readHandle: 00******a1b420
06-11 09:40:15.387   517   591 I C057ff/nStackXEpoll: RegisterEpollTask:[206] :RegisterEpollTask
06-11 09:40:15.387   517   591 I C057ff/nStackXEpoll: PrintTaskInfo:[71] :task: 00******a1b418, task->epollfd: 45, task->taskfd: 64, task->readHandle: 00******a1b420
06-11 09:40:15.485   293  4842 W C01719/ffrt: 291:FFRTQosApplyForOther:244 tid 4842, Interrupted system call, ret:-1, eno:4
06-11 09:40:15.486   293  4842 E C01f04/CoreService: [GetSimAccountInfo-(multi_sim_controller.cpp:700)] MultiSimController::GetSimAccountInfo failed by out of range
06-11 09:40:15.486   293  4842 E C01f04/CoreService: [GetSimId-(sim_manager.cpp:623)] GetSimAccountInfo fail!
06-11 09:40:15.487   293  4842 I C01f03/CellularData: [OnStallDetectionTimer-(data_connection_monitor.cpp:97)] stallDetectionPeriod = 10000
06-11 09:40:15.488   293  4843 W C01719/ffrt: 292:FFRTQosApplyForOther:244 tid 4843, Interrupted system call, ret:-1, eno:4
06-11 09:40:15.563   125  4762 W C01719/ffrt: 471:~WorkerThread:72 to exit, qos[2]
06-11 09:40:15.682   664   723 E C01400/OHOS::RS: RsFrameReport:[loadSymbol]Get RSRenderStart symbol failed: do_dlsym failed: Symbol not found: RSRenderStart, version: null so=/system/lib64/platformsdk/libframe_ui_intf.z.so
06-11 09:40:15.683   664   723 E C01400/OHOS::RS: RsFrameReport:[RSRenderStart]load RSRenderStart function failed!
06-11 09:40:15.693   664   723 E C01400/OHOS::RS: RsFrameReport:[loadSymbol]Get RSRenderEnd symbol failed: do_dlsym failed: Symbol not found: RSRenderEnd, version: null so=/system/lib64/platformsdk/libframe_ui_intf.z.so
06-11 09:40:15.693   664   723 E C01400/OHOS::RS: RsFrameReport:[RSRenderEnd]load RSRenderEnd function failed!
06-11 09:40:15.694   503   762 W C02510/DISP: [SetLayerMaskInfo:437] <private> is not supported
06-11 09:40:15.841   788  1784 I C02b02/CAMERA_DPS: {operator()():800} PhotoPostProcessor Watchdog executed, handle: 41
06-11 09:40:15.841   788  1784 I C02b02/CAMERA_DPS: {ConnectServiceIfNecessary():731} entered.
06-11 09:40:15.843   118   122 E C02510/devsvc_manager_stub: StubGetService service camera_image_process_service not found
06-11 09:40:15.843   788  1784 E C02510/hdi_servmgr_client: get hdi service camera_image_process_service failed, -1
06-11 09:40:15.843   788  1784 E C02510/image_process_service_proxy: Get:get remote object failed!
06-11 09:40:15.843   788  1784 I C02b02/CAMERA_DPS: {ConnectServiceIfNecessary():743} Failed to CreateImageProcessSession
06-11 09:40:15.843   788  1784 I C02b02/CAMERA_DPS: {ScheduleConnectService():794} entered.
06-11 09:40:15.843   788  1784 I C02b02/CAMERA_DPS: {StartMonitor():57} (DPSGlobalWatchdog) handle = 42
06-11 09:40:15.843   788  1784 I C02b02/CAMERA_DPS: {ScheduleConnectService():803} PhotoPostProcessor Watchdog registered, handle: 42
06-11 09:40:16.065   543  1455 I C02986/DisplayPowerBrightness: lux=[0/450846, 0/450947, 0/451050, 0/451152, 0/451254, 0/451382, ], bDelta=5.000000, dDelta=1.000000, size=61
06-11 09:40:16.157   225  4808 W C01719/ffrt: 165:~WorkerThread:72 to exit, qos[2]
06-11 09:40:16.189   664   723 E C01400/OHOS::RS: RsFrameReport:[loadSymbol]Get RSRenderStart symbol failed: do_dlsym failed: Symbol not found: RSRenderStart, version: null so=/system/lib64/platformsdk/libframe_ui_intf.z.so
06-11 09:40:16.189   664   723 E C01400/OHOS::RS: RsFrameReport:[RSRenderStart]load RSRenderStart function failed!
06-11 09:40:16.202   664   723 E C02515/DGLES: [d_eglSwapBuffers_special@egl_gpu.cpp:729] thread output size 839240 speed 797k/s API_num 406
06-11 09:40:16.203   664   723 E C01400/OHOS::RS: RsFrameReport:[loadSymbol]Get RSRenderEnd symbol failed: do_dlsym failed: Symbol not found: RSRenderEnd, version: null so=/system/lib64/platformsdk/libframe_ui_intf.z.so
06-11 09:40:16.203   664   723 E C01400/OHOS::RS: RsFrameReport:[RSRenderEnd]load RSRenderEnd function failed!
06-11 09:40:16.204   503   762 W C02510/DISP: [SetLayerMaskInfo:437] <private> is not supported
06-11 09:40:16.210   937  1034 I C02d13/HDC_LOG: [FetchCommand:891] FetchCommand channelId:1627445011 command:1001
06-11 09:40:16.210   937  1034 I C02d13/HDC_LOG: [DispatchTaskData:1392] New HTaskInfo channelId:1627445011 command:1001
06-11 09:40:16.210   937  1034 W C02d13/HDC_LOG: [AdminTask:796] AdminTask add session 237924010, channelId 1627445011, mapTask size: 1
06-11 09:40:16.210   937  1034 I C02d13/HDC_LOG: [HdcTaskBase:32] HdcTaskBase channelId:1627445011
06-11 09:40:16.211   937  1034 W C02d13/HDC_LOG: [GetDevItem:111] GetDevItem false key:persist.hdc.root
06-11 09:40:16.211   937  4844 I C02d13/HDC_LOG: [Popen:219] Popen pipe fds[pipeRead]:39 fds[pipeWrite]:40, mode 0
06-11 09:40:16.214   937  1034 I C02d13/HDC_LOG: [ExecuteCommand:274] ExecuteCommand cmd:hilog -x | grep MakepadNTI | grep changed fd:39 pid:4845
06-11 09:40:16.220  4845  4845 E C02c02/PARAM: [param_base.c:356]Forbid to open workspace for u:object_r:startup_init_param:s0 error 13
06-11 09:40:16.220  4845  4845 E C02c02/PARAM: [param_base.c:530]Selinux check name persist.init.debug.loglevel in u:object_r:startup_init_param:s0 info [4845 2000 2000] fai
06-11 09:40:16.220  4845  4845 E C02c02/PARAM: [param_manager.c:688]Forbid to access persist.init.debug.loglevel label 11548 7
06-11 09:40:16.220  4845  4845 E C02c02/PARAM: [param_manager.c:739]SystemReadParam failed! name is:persist.init.debug.loglevel, errNum is:1002!
06-11 09:40:16.228  4847  4847 E C02c02/PARAM: [param_base.c:356]Forbid to open workspace for u:object_r:startup_init_param:s0 error 13
06-11 09:40:16.228  4847  4847 E C02c02/PARAM: [param_base.c:530]Selinux check name persist.init.debug.loglevel in u:object_r:startup_init_param:s0 info [4847 2000 2000] fai
06-11 09:40:16.228  4847  4847 E C02c02/PARAM: [param_manager.c:688]Forbid to access persist.init.debug.loglevel label 11548 7
06-11 09:40:16.228  4847  4847 E C02c02/PARAM: [param_manager.c:739]SystemReadParam failed! name is:persist.init.debug.loglevel, errNum is:1002!
06-11 09:40:16.230  4848  4848 E C02c02/PARAM: [param_base.c:356]Forbid to open workspace for u:object_r:startup_init_param:s0 error 13
06-11 09:40:16.230  4848  4848 E C02c02/PARAM: [param_base.c:530]Selinux check name persist.init.debug.loglevel in u:object_r:startup_init_param:s0 info [4848 2000 2000] fai
06-11 09:40:16.230  4848  4848 E C02c02/PARAM: [param_manager.c:688]Forbid to access persist.init.debug.loglevel label 11548 7
06-11 09:40:16.230  4848  4848 E C02c02/PARAM: [param_manager.c:739]SystemReadParam failed! name is:persist.init.debug.loglevel, errNum is:1002!
06-11 09:40:16.231  4849  4849 E C02c02/PARAM: [param_base.c:356]Forbid to open workspace for u:object_r:startup_init_param:s0 error 13
06-11 09:40:16.231  4849  4849 E C02c02/PARAM: [param_base.c:530]Selinux check name persist.init.debug.loglevel in u:object_r:startup_init_param:s0 info [4849 2000 2000] fai
06-11 09:40:16.231  4849  4849 E C02c02/PARAM: [param_manager.c:688]Forbid to access persist.init.debug.loglevel label 11548 7
06-11 09:40:16.231  4849  4849 E C02c02/PARAM: [param_manager.c:739]SystemReadParam failed! name is:persist.init.debug.loglevel, errNum is:1002!
06-11 09:40:16.281   937  4846 I C02d13/HDC_LOG: [FinishShellProc:85] FinishShellProc finish pipeRead fd:39 pid:4845
06-11 09:40:16.281   937  4846 I C02d13/HDC_LOG: [TaskFinish:50] HdcTaskBase::TaskFinish notify begin channelId:1627445011
06-11 09:40:16.281   937  4846 I C02d13/HDC_LOG: [TaskFinish:52] HdcTaskBase::TaskFinish notify end channelId:1627445011
06-11 09:40:16.283   937  1034 I C02d13/HDC_LOG: [FetchCommand:891] FetchCommand channelId:1627445011 command:2
06-11 09:40:16.283   937  1034 W C02d13/HDC_LOG: [BeginRemoveTask:111] BeginRemoveTask taskType:0 channelId:1627445011
06-11 09:40:16.283   937  1034 W C02d13/HDC_LOG: [ClearOwnTasks:172] ClearOwnTasks OP_CLEAR finish, sessionId:237924010 channelIDInput:1627445011
06-11 09:40:16.283   937  1034 I C02d13/HDC_LOG: [FetchCommand:891] FetchCommand channelId:1627445011 command:2
06-11 09:40:16.283   937  1034 W C02d13/HDC_LOG: [operator():119] taskClassDeleteRetry start clear task, taskType:0 cid:1627445011 sid:237924010
06-11 09:40:16.283   937  1034 I C02d13/HDC_LOG: [DoRelease:66] DoRelease pid:4845
06-11 09:40:16.283   937  1034 I C02d13/HDC_LOG: [operator():130] TaskDelay task remove retry count 0/30, taskType:0 channelId:1627445011, sessionId:237924010
06-11 09:40:16.283   937  1034 I C02d13/HDC_LOG: [~HdcDaemonUnity:30] ~HdcDaemonUnity channelId:1627445011
06-11 09:40:16.283   937  1034 I C02d13/HDC_LOG: [~HdcTaskBase:37] ~HdcTaskBase channelId:1627445011
06-11 09:40:16.283   937  1034 W C02d13/HDC_LOG: [operator():138] TaskDelay task remove finish, channelId:1627445011
06-11 09:40:16.283   937  1034 I C02d13/HDC_LOG: [DispUvStreamInfo:624] before uv handle close, the uv handle type is 13
06-11 09:40:16.320   937  1034 I C02d13/HDC_LOG: [FetchCommand:891] FetchCommand channelId:2197536802 command:1001
06-11 09:40:16.320   937  1034 I C02d13/HDC_LOG: [DispatchTaskData:1392] New HTaskInfo channelId:2197536802 command:1001
06-11 09:40:16.320   937  1034 W C02d13/HDC_LOG: [AdminTask:796] AdminTask add session 237924010, channelId 2197536802, mapTask size: 1
06-11 09:40:16.320   937  1034 I C02d13/HDC_LOG: [HdcTaskBase:32] HdcTaskBase channelId:2197536802
06-11 09:40:16.321   937  1034 W C02d13/HDC_LOG: [GetDevItem:111] GetDevItem false key:persist.hdc.root
06-11 09:40:16.321   937  4851 I C02d13/HDC_LOG: [Popen:219] Popen pipe fds[pipeRead]:39 fds[pipeWrite]:40, mode 0
06-11 09:40:16.322   937  1034 I C02d13/HDC_LOG: [ExecuteCommand:274] ExecuteCommand cmd:hilog -x | grep main.rs fd:39 pid:4852
06-11 09:40:16.326  4852  4852 E C02c02/PARAM: [param_base.c:356]Forbid to open workspace for u:object_r:startup_init_param:s0 error 13
06-11 09:40:16.326  4852  4852 E C02c02/PARAM: [param_base.c:530]Selinux check name persist.init.debug.loglevel in u:object_r:startup_init_param:s0 info [4852 2000 2000] fai
06-11 09:40:16.326  4852  4852 E C02c02/PARAM: [param_manager.c:688]Forbid to access persist.init.debug.loglevel label 11548 7
06-11 09:40:16.326  4852  4852 E C02c02/PARAM: [param_manager.c:739]SystemReadParam failed! name is:persist.init.debug.loglevel, errNum is:1002!
06-11 09:40:16.330  4854  4854 E C02c02/PARAM: [param_base.c:356]Forbid to open workspace for u:object_r:startup_init_param:s0 error 13
06-11 09:40:16.330  4854  4854 E C02c02/PARAM: [param_base.c:530]Selinux check name persist.init.debug.loglevel in u:object_r:startup_init_param:s0 info [4854 2000 2000] fai
06-11 09:40:16.330  4854  4854 E C02c02/PARAM: [param_manager.c:688]Forbid to access persist.init.debug.loglevel label 11548 7
06-11 09:40:16.330  4854  4854 E C02c02/PARAM: [param_manager.c:739]SystemReadParam failed! name is:persist.init.debug.loglevel, errNum is:1002!
06-11 09:40:16.333  4855  4855 E C02c02/PARAM: [param_base.c:356]Forbid to open workspace for u:object_r:startup_init_param:s0 error 13
06-11 09:40:16.333  4855  4855 E C02c02/PARAM: [param_base.c:530]Selinux check name persist.init.debug.loglevel in u:object_r:startup_init_param:s0 info [4855 2000 2000] fai
06-11 09:40:16.333  4855  4855 E C02c02/PARAM: [param_manager.c:688]Forbid to access persist.init.debug.loglevel label 11548 7
06-11 09:40:16.333  4855  4855 E C02c02/PARAM: [param_manager.c:739]SystemReadParam failed! name is:persist.init.debug.loglevel, errNum is:1002!
06-11 09:40:16.381   937  4853 I C02d13/HDC_LOG: [FinishShellProc:85] FinishShellProc finish pipeRead fd:39 pid:4852
06-11 09:40:16.381   937  4853 I C02d13/HDC_LOG: [TaskFinish:50] HdcTaskBase::TaskFinish notify begin channelId:2197536802
06-11 09:40:16.381   937  4853 I C02d13/HDC_LOG: [TaskFinish:52] HdcTaskBase::TaskFinish notify end channelId:2197536802
06-11 09:40:16.382   937  1034 I C02d13/HDC_LOG: [FetchCommand:891] FetchCommand channelId:2197536802 command:2
06-11 09:40:16.382   937  1034 W C02d13/HDC_LOG: [BeginRemoveTask:111] BeginRemoveTask taskType:0 channelId:2197536802
06-11 09:40:16.382   937  1034 W C02d13/HDC_LOG: [ClearOwnTasks:172] ClearOwnTasks OP_CLEAR finish, sessionId:237924010 channelIDInput:2197536802
06-11 09:40:16.382   937  1034 W C02d13/HDC_LOG: [operator():119] taskClassDeleteRetry start clear task, taskType:0 cid:2197536802 sid:237924010
06-11 09:40:16.382   937  1034 I C02d13/HDC_LOG: [DoRelease:66] DoRelease pid:4852
06-11 09:40:16.382   937  1034 I C02d13/HDC_LOG: [operator():130] TaskDelay task remove retry count 0/30, taskType:0 channelId:2197536802, sessionId:237924010
06-11 09:40:16.382   937  1034 I C02d13/HDC_LOG: [~HdcDaemonUnity:30] ~HdcDaemonUnity channelId:2197536802
06-11 09:40:16.382   937  1034 I C02d13/HDC_LOG: [~HdcTaskBase:37] ~HdcTaskBase channelId:2197536802
06-11 09:40:16.382   937  1034 W C02d13/HDC_LOG: [operator():138] TaskDelay task remove finish, channelId:2197536802
06-11 09:40:16.382   937  1034 I C02d13/HDC_LOG: [DispUvStreamInfo:624] before uv handle close, the uv handle type is 13
06-11 09:40:16.383   937  1034 I C02d13/HDC_LOG: [FetchCommand:891] FetchCommand channelId:2197536802 command:2
06-11 09:40:16.386   517   591 I C057ff/nStackXEpoll: DeRegisterEpollTask:[230] :DeRegisterEpollTask
06-11 09:40:16.386   517   591 I C057ff/nStackXEpoll: PrintTaskInfo:[71] :task: 00******a1b418, task->epollfd: 45, task->taskfd: 64, task->readHandle: 00******a1b420
06-11 09:40:16.386   517   591 I C057ff/nStackXEpoll: RegisterEpollTask:[206] :RegisterEpollTask
06-11 09:40:16.386   517   591 I C057ff/nStackXEpoll: PrintTaskInfo:[71] :task: 00******a1b418, task->epollfd: 45, task->taskfd: 64, task->readHandle: 00******a1b420
06-11 09:40:16.477   664   777 I C01400/Vsync: ThreadMain: <private>_DisableVSync, there is no valid connections
06-11 09:40:16.581   121   837 I C01800/SAMGR: NF SA:65962,876_827
06-11 09:40:16.667   664   723 E C01400/OHOS::RS: RsFrameReport:[loadSymbol]Get RSRenderStart symbol failed: do_dlsym failed: Symbol not found: RSRenderStart, version: null so=/system/lib64/platformsdk/libframe_ui_intf.z.so
06-11 09:40:16.667   664   723 E C01400/OHOS::RS: RsFrameReport:[RSRenderStart]load RSRenderStart function failed!
06-11 09:40:16.675   664   723 E C01400/OHOS::RS: RsFrameReport:[loadSymbol]Get RSRenderEnd symbol failed: do_dlsym failed: Symbol not found: RSRenderEnd, version: null so=/system/lib64/platformsdk/libframe_ui_intf.z.so
06-11 09:40:16.675   664   723 E C01400/OHOS::RS: RsFrameReport:[RSRenderEnd]load RSRenderEnd function failed!
06-11 09:40:16.676   503   762 W C02510/DISP: [SetLayerMaskInfo:437] <private> is not supported
06-11 09:40:16.782   121   837 I C01800/SAMGR: NF SA:65962,876_828
06-11 09:40:16.985   121   837 I C01800/SAMGR: NF SA:65962,876_829
06-11 09:40:16.989   125  4770 I C02d15/XPower: [task_47]#ThermalRoutine SaveAppRepeatData start
06-11 09:40:17.125   254  4792 W C01719/ffrt: 381:~WorkerThread:72 to exit, qos[2]
06-11 09:40:17.126   254  4793 W C01719/ffrt: 382:~WorkerThread:72 to exit, qos[2]
06-11 09:40:17.158   125  4736 I C02da0/NativeLeakDetector: operator(): procName:security_component_service:4823 get name:security_component_service
06-11 09:40:17.160   125  4857 W C01719/ffrt: 472:FFRTQosApplyForOther:244 tid 4857, Interrupted system call, ret:-1, eno:4
06-11 09:40:17.165   125  4858 W C01719/ffrt: 473:FFRTQosApplyForOther:244 tid 4858, Interrupted system call, ret:-1, eno:4
06-11 09:40:17.180   664   723 E C01400/OHOS::RS: RsFrameReport:[loadSymbol]Get RSRenderStart symbol failed: do_dlsym failed: Symbol not found: RSRenderStart, version: null so=/system/lib64/platformsdk/libframe_ui_intf.z.so
06-11 09:40:17.180   664   723 E C01400/OHOS::RS: RsFrameReport:[RSRenderStart]load RSRenderStart function failed!
06-11 09:40:17.186   121   837 I C01800/SAMGR: NF SA:65962,876_830
06-11 09:40:17.190   664   723 E C01400/OHOS::RS: RsFrameReport:[loadSymbol]Get RSRenderEnd symbol failed: do_dlsym failed: Symbol not found: RSRenderEnd, version: null so=/system/lib64/platformsdk/libframe_ui_intf.z.so
06-11 09:40:17.190   664   723 E C01400/OHOS::RS: RsFrameReport:[RSRenderEnd]load RSRenderEnd function failed!
06-11 09:40:17.191   503   762 W C02510/DISP: [SetLayerMaskInfo:437] <private> is not supported
06-11 09:40:17.306   963  4859 W C01719/ffrt: 195:FFRTQosApplyForOther:244 tid 4859, Interrupted system call, ret:-1, eno:4
06-11 09:40:17.308   963  4859 I C057c1/ProcessSkeleton: DetachObject 141: can not erase it because addr if different, desc:*.DistributedConnection, recorded object:3114545536, detach object:3114556672
06-11 09:40:17.308   963  4859 I C02300/FenceExtension: [(DoConnect:128)]start connectAbility-1
06-11 09:40:17.308   963  4859 I C02300/FenceExtension: [(ConnectAbility:113)]ConnectAbility
06-11 09:40:17.308   963  4859 I C01336/AMS: [ability_manager_client.cpp:500]name:com.huawei.hmos.location SAFeatureServiceExtensionAbility, userId:-1
06-11 09:40:17.308   963  4859 I C057c2/IPCObjectProxy: SendRequest 155: handle:1 desc:*.AbilityManager refcnt:3 3153201344
06-11 09:40:17.311   682   718 I C01336/AMS: [ability_manager_service.cpp:3955]elementuri: /com.huawei.hmos.location//SAFeatureServiceExtensionAbility.
06-11 09:40:17.313   963  4860 W C01719/ffrt: 196:FFRTQosApplyForOther:244 tid 4860, Interrupted system call, ret:-1, eno:4
06-11 09:40:17.316   682   718 W C01121/BMSQuery: ExplicitQueryAbility not found UIAbility -n com.huawei.hmos.location -m  -a SAFeatureServiceExtensionAbility
06-11 09:40:17.316   682   718 W C01121/BMSQuery: ExplicitQueryAbility error -n com.huawei.hmos.location -a SAFeatureServiceExtensionAbility -u 100 -i 0
06-11 09:40:17.317   682   718 W C01121/BMSQuery: bundle_data_mgr.cpp:ExplicitQueryExtensionInfo:5463 extensionAbility not found or disabled
06-11 09:40:17.317   682   718 W C01121/BMSQuery: ExplicitQueryExtension error -n com.huawei.hmos.location -e SAFeatureServiceExtensionAbility -u 100 -i 0
06-11 09:40:17.317   682   718 E C01121/BMSQuery: bundle_mgr_host_impl.cpp:QueryExtensionAbilityInfos:2586 no valid extension info can be inquired
06-11 09:40:17.317   682   718 E C01336/AMS: [start_ability_utils.cpp:259]Get extension info failed.
06-11 09:40:17.317   682   718 E C01336/AMS: [ability_manager_service.cpp:4193]Generate ability request error.
06-11 09:40:17.318   963  4859 E C02300/FenceExtension: [(DoConnect:131)]CONNECT_ABILITY_FAILED
06-11 09:40:17.318   963  4859 I C02300/FenceExtension: [(DoConnect:128)]start connectAbility-1
06-11 09:40:17.318   963  4859 I C02300/FenceExtension: [(ConnectAbility:113)]ConnectAbility
06-11 09:40:17.318   963  4859 I C01336/AMS: [ability_manager_client.cpp:500]name:com.huawei.hmos.location SAFeatureServiceExtensionAbility, userId:-1
06-11 09:40:17.318   963  4859 I C057c2/IPCObjectProxy: SendRequest 155: handle:1 desc:*.AbilityManager refcnt:3 3153201344
06-11 09:40:17.318   682   718 I C01336/AMS: [ability_manager_service.cpp:3955]elementuri: /com.huawei.hmos.location//SAFeatureServiceExtensionAbility.
06-11 09:40:17.319   682   718 W C01121/BMSQuery: ExplicitQueryAbility not found UIAbility -n com.huawei.hmos.location -m  -a SAFeatureServiceExtensionAbility
06-11 09:40:17.319   682   718 W C01121/BMSQuery: ExplicitQueryAbility error -n com.huawei.hmos.location -a SAFeatureServiceExtensionAbility -u 100 -i 0
06-11 09:40:17.319   682   718 W C01121/BMSQuery: bundle_data_mgr.cpp:ExplicitQueryExtensionInfo:5463 extensionAbility not found or disabled
06-11 09:40:17.320   682   718 W C01121/BMSQuery: ExplicitQueryExtension error -n com.huawei.hmos.location -e SAFeatureServiceExtensionAbility -u 100 -i 0
06-11 09:40:17.320   682   718 E C01121/BMSQuery: bundle_mgr_host_impl.cpp:QueryExtensionAbilityInfos:2586 no valid extension info can be inquired
06-11 09:40:17.320   682   718 E C01336/AMS: [start_ability_utils.cpp:259]Get extension info failed.
06-11 09:40:17.320   682   718 E C01336/AMS: [ability_manager_service.cpp:4193]Generate ability request error.
06-11 09:40:17.320   963  4859 E C02300/FenceExtension: [(DoConnect:131)]CONNECT_ABILITY_FAILED
06-11 09:40:17.320   963  4859 W C02300/FenceExtension: [(ProcessEvent:107)]connect failed,retry again
06-11 09:40:17.323   125   669 I C02d10/DailyController: UpdateCacheAndDb: event first exceeds threshold, domain=AAFWK, name=CONNECT_SERVICE_ERROR
06-11 09:40:17.386   517   591 I C057ff/nStackXEpoll: DeRegisterEpollTask:[230] :DeRegisterEpollTask
06-11 09:40:17.386   517   591 I C057ff/nStackXEpoll: PrintTaskInfo:[71] :task: 00******a1b418, task->epollfd: 45, task->taskfd: 64, task->readHandle: 00******a1b420
06-11 09:40:17.387   517   591 I C057ff/nStackXEpoll: RegisterEpollTask:[206] :RegisterEpollTask
06-11 09:40:17.387   517   591 I C057ff/nStackXEpoll: PrintTaskInfo:[71] :task: 00******a1b418, task->epollfd: 45, task->taskfd: 64, task->readHandle: 00******a1b420
06-11 09:40:17.388   121   837 I C01800/SAMGR: NF SA:65962,876_831
06-11 09:40:17.439   121  4824 W C01719/ffrt: 242:~WorkerThread:72 to exit, qos[2]
06-11 09:40:17.440   121  4836 W C01719/ffrt: 243:~WorkerThread:72 to exit, qos[2]
06-11 09:40:17.444   121  4837 W C01719/ffrt: 244:~WorkerThread:72 to exit, qos[2]
06-11 09:40:17.500   125  4858 E C02d15/XPower: [task_35]#Failed to open /dev/dubai: No such file or directory
06-11 09:40:17.502   281   294 E C015b0/NetsysNativeService: [netsys_native_service_proxy.cpp:1918]fail to GetIfaceStats ret= 2103011
06-11 09:40:17.500   125  4858 E C02d15/XPower: [task_35]#Failed to open dubai driver device
06-11 09:40:17.502   125  4858 E C02d15/XPower: [task_35]#Failed to get battery prop: <private>, ret: <private>
06-11 09:40:17.502   125  4858 E C02d15/XPower: [task_35]#Failed to open /dev/dubai: No such file or directory
06-11 09:40:17.502   125  4858 E C02d15/XPower: [task_35]#Failed to open dubai driver device
06-11 09:40:17.502   125  4858 E C02d15/XPower: [task_35]#Failed to get battery prop: <private>, ret: <private>
06-11 09:40:17.502   125  4858 E C02d15/XPower: [task_35]#Failed to open /dev/dubai: No such file or directory
06-11 09:40:17.502   125  4858 E C02d15/XPower: [task_35]#Failed to open dubai driver device
06-11 09:40:17.502   125  4858 E C02d15/XPower: [task_35]#Failed to get battery prop: <private>, ret: <private>
06-11 09:40:17.502   125  4858 E C02d15/XPower: [task_35]#Failed to open /dev/dubai: No such file or directory
06-11 09:40:17.502   125  4858 E C02d15/XPower: [task_35]#Failed to open dubai driver device
06-11 09:40:17.502   125  4858 E C02d15/XPower: [task_35]#Failed to get battery prop: <private>, ret: <private>
06-11 09:40:17.502   125  4858 E C02d15/XPower: [task_35]#Failed to open /dev/dubai: No such file or directory
06-11 09:40:17.502   125  4858 E C02d15/XPower: [task_35]#Failed to open dubai driver device
06-11 09:40:17.502   125  4858 E C02d15/XPower: [task_35]#Failed to get battery prop: <private>, ret: <private>
06-11 09:40:17.502   125  4858 E C02d15/XPower: [task_35]#Failed to open /dev/dubai: No such file or directory
06-11 09:40:17.503   125  4858 E C02d15/XPower: [task_35]#Failed to open dubai driver device
06-11 09:40:17.503   125  4858 E C02d15/XPower: [task_35]#Failed to get battery prop: <private>, ret: <private>
06-11 09:40:17.502   125  4863 W C01719/ffrt: 474:FFRTQosApplyForOther:244 tid 4863, Interrupted system call, ret:-1, eno:4
06-11 09:40:17.508   125  4857 E C02d15/XPower: [task_45]#Failed to open wakeup_sources: No such file or directory
06-11 09:40:17.508   125  4857 E C02d15/XPower: [task_45]#Failed to read kernel wakelock data
06-11 09:40:17.508   125  4857 E C02d15/XPower: [task_45]#Failed to open /dev/dubai: No such file or directory
06-11 09:40:17.508   125  4857 E C02d15/XPower: [task_45]#Failed to open dubai driver device
06-11 09:40:17.508   125  4861 W C01719/ffrt: 475:FFRTQosApplyForOther:244 tid 4861, Interrupted system call, ret:-1, eno:4
06-11 09:40:17.509   125  4770 E C015b0/NetStatsClient: [net_stats_service_proxy.cpp:407]proxy SendRequest failed, error code: [2103011]
06-11 09:40:17.509   125  4770 E C02d15/XPower: [task_41]#Failed to read traffic from epbf: <private>
06-11 09:40:17.510   125  4862 W C01719/ffrt: 476:FFRTQosApplyForOther:244 tid 4862, Interrupted system call, ret:-1, eno:4
06-11 09:40:17.511   281   281 E C015b0/NetsysNativeService: [netsys_native_service_proxy.cpp:1918]fail to GetIfaceStats ret= 2103011
06-11 09:40:17.511   125  4736 E C015b0/NetStatsClient: [net_stats_service_proxy.cpp:407]proxy SendRequest failed, error code: [2103011]
06-11 09:40:17.511   125  4736 E C02d15/XPower: [task_52]#Failed to read traffic from epbf: <private>
06-11 09:40:17.530   125  4864 W C01719/ffrt: 477:FFRTQosApplyForOther:244 tid 4864, Interrupted system call, ret:-1, eno:4
06-11 09:40:17.593   121   837 I C01800/SAMGR: NF SA:65962,876_832
06-11 09:40:17.642  4823  4834 W C01719/ffrt: 10:~WorkerThread:72 to exit, qos[2]
06-11 09:40:17.698   664   723 E C01400/OHOS::RS: RsFrameReport:[loadSymbol]Get RSRenderStart symbol failed: do_dlsym failed: Symbol not found: RSRenderStart, version: null so=/system/lib64/platformsdk/libframe_ui_intf.z.so
06-11 09:40:17.698   664   723 E C01400/OHOS::RS: RsFrameReport:[RSRenderStart]load RSRenderStart function failed!
06-11 09:40:17.720   664   723 E C02515/DGLES: [d_eglSwapBuffers_special@egl_gpu.cpp:729] thread output size 1258038 speed 809k/s API_num 601
06-11 09:40:17.720   664   723 E C01400/OHOS::RS: RsFrameReport:[loadSymbol]Get RSRenderEnd symbol failed: do_dlsym failed: Symbol not found: RSRenderEnd, version: null so=/system/lib64/platformsdk/libframe_ui_intf.z.so
06-11 09:40:17.720   664   723 E C01400/OHOS::RS: RsFrameReport:[RSRenderEnd]load RSRenderEnd function failed!
06-11 09:40:17.721   503   762 W C02510/DISP: [SetLayerMaskInfo:437] <private> is not supported
06-11 09:40:17.798   121   837 I C01800/SAMGR: NF SA:65962,876_833
06-11 09:40:17.798   876   905 E C01810/SA_CLIENT: GetSaWrap SA:65962 not start
06-11 09:40:17.799   876   905 I C01409/APS_MANAGER: request system service object is not ready yet!
06-11 09:40:17.878  3062  4839 W C01719/ffrt: 43:~WorkerThread:72 to exit, qos[3]
06-11 09:40:17.989   125  4863 W C02d15/XPower: [task_47]#ThermalDaemon:can't find type [shell_frame], return INVALID_TEMP
06-11 09:40:18.113   543  1455 I C02986/DisplayPowerBrightness: lux=[0/452916, 0/453029, 0/453119, 0/453223, 0/453328, 0/453430, ], bDelta=5.000000, dDelta=1.000000, size=81
06-11 09:40:18.128  3062  4838 W C01719/ffrt: 44:~WorkerThread:72 to exit, qos[4]
06-11 09:40:18.150  3062  4794 W C01719/ffrt: 45:~WorkerThread:72 to exit, qos[2]
06-11 09:40:18.161  3062  4795 W C01719/ffrt: 46:~WorkerThread:72 to exit, qos[2]
06-11 09:40:18.182  3062  4791 W C01719/ffrt: 47:~WorkerThread:72 to exit, qos[4]
06-11 09:40:18.190   664   723 E C01400/OHOS::RS: RsFrameReport:[loadSymbol]Get RSRenderStart symbol failed: do_dlsym failed: Symbol not found: RSRenderStart, version: null so=/system/lib64/platformsdk/libframe_ui_intf.z.so
06-11 09:40:18.190   664   723 E C01400/OHOS::RS: RsFrameReport:[RSRenderStart]load RSRenderStart function failed!
06-11 09:40:18.201   664   723 E C01400/OHOS::RS: RsFrameReport:[loadSymbol]Get RSRenderEnd symbol failed: do_dlsym failed: Symbol not found: RSRenderEnd, version: null so=/system/lib64/platformsdk/libframe_ui_intf.z.so
06-11 09:40:18.202   664   723 E C01400/OHOS::RS: RsFrameReport:[RSRenderEnd]load RSRenderEnd function failed!
06-11 09:40:18.202   503   762 W C02510/DISP: [SetLayerMaskInfo:437] <private> is not supported
06-11 09:40:18.311   478   663 W C02943/ThermalHdi: get node failed
06-11 09:40:18.312   478   663 W C02943/ThermalHdi: get node failed
06-11 09:40:18.312   478   663 W C02943/ThermalHdi: get node failed
06-11 09:40:18.366   664   777 I C01400/Vsync: ThreadMain: <private>_DisableVSync, there is no valid connections
06-11 09:40:18.394   254  4787 W C01719/ffrt: 383:~WorkerThread:72 to exit, qos[5]
06-11 09:40:18.395   517   591 I C057ff/nStackXEpoll: DeRegisterEpollTask:[230] :DeRegisterEpollTask
06-11 09:40:18.395   517   591 I C057ff/nStackXEpoll: PrintTaskInfo:[71] :task: 00******a1b418, task->epollfd: 45, task->taskfd: 64, task->readHandle: 00******a1b420
06-11 09:40:18.395   517   591 I C057ff/nStackXEpoll: RegisterEpollTask:[206] :RegisterEpollTask
06-11 09:40:18.395   517   591 I C057ff/nStackXEpoll: PrintTaskInfo:[71] :task: 00******a1b418, task->epollfd: 45, task->taskfd: 64, task->readHandle: 00******a1b420
06-11 09:40:18.701   664   723 E C01400/OHOS::RS: RsFrameReport:[loadSymbol]Get RSRenderStart symbol failed: do_dlsym failed: Symbol not found: RSRenderStart, version: null so=/system/lib64/platformsdk/libframe_ui_intf.z.so
06-11 09:40:18.701   664   723 E C01400/OHOS::RS: RsFrameReport:[RSRenderStart]load RSRenderStart function failed!
06-11 09:40:18.714   664   723 E C01400/OHOS::RS: RsFrameReport:[loadSymbol]Get RSRenderEnd symbol failed: do_dlsym failed: Symbol not found: RSRenderEnd, version: null so=/system/lib64/platformsdk/libframe_ui_intf.z.so
06-11 09:40:18.714   664   723 E C01400/OHOS::RS: RsFrameReport:[RSRenderEnd]load RSRenderEnd function failed!
06-11 09:40:18.716   503  3425 W C02510/DISP: [SetLayerMaskInfo:437] <private> is not supported
06-11 09:40:18.771   254  4789 W C01719/ffrt: 384:~WorkerThread:72 to exit, qos[5]
06-11 09:40:18.771   254  4788 W C01719/ffrt: 385:~WorkerThread:72 to exit, qos[5]
06-11 09:40:18.871   254  4790 W C01719/ffrt: 386:~WorkerThread:72 to exit, qos[5]
06-11 09:40:18.881  3062  4865 W C01719/ffrt: 48:FFRTQosApplyForOther:244 tid 4865, Interrupted system call, ret:-1, eno:4
06-11 09:40:18.993   126   126 I C02c11/APPSPAWN: [appspawn_kickdog.c:79]kick appspawn dog start
06-11 09:40:18.994   126   126 I C02c11/APPSPAWN: [appspawn_kickdog.c:47]OpenAppSpawnWatchdogFile
06-11 09:40:18.994   126   126 E C02c11/APPSPAWN: [appspawn_kickdog.c:29]open /proc/sys/hguard/user_list fail,errno:2
06-11 09:40:18.994   126   126 I C02c11/APPSPAWN: [appspawn_kickdog.c:57]open finish,result:-1
06-11 09:40:19.000   664   777 I C01400/Vsync: ThreadMain: <private>_DisableVSync, there is no valid connections
06-11 09:40:19.166   125  4858 E C02d66/Hiview-XPerformance: [InquiryOhImpl::ExtractStringValue] Canonical FilePath: /sys/class/ithermal/lpm/lpm_freq failed.
06-11 09:40:19.166   125  4858 E C02d66/Hiview-XPerformance: [InquiryOhImpl::ExtractStringValue] Canonical FilePath: /sys/class/power_supply/Battery/status failed.
06-11 09:40:19.196   664   723 E C01400/OHOS::RS: RsFrameReport:[loadSymbol]Get RSRenderStart symbol failed: do_dlsym failed: Symbol not found: RSRenderStart, version: null so=/system/lib64/platformsdk/libframe_ui_intf.z.so
06-11 09:40:19.196   664   723 E C01400/OHOS::RS: RsFrameReport:[RSRenderStart]load RSRenderStart function failed!
06-11 09:40:19.208   664   723 E C02515/DGLES: [d_eglSwapBuffers_special@egl_gpu.cpp:729] thread output size 1259682 speed 826k/s API_num 617
06-11 09:40:19.208   664   723 E C01400/OHOS::RS: RsFrameReport:[loadSymbol]Get RSRenderEnd symbol failed: do_dlsym failed: Symbol not found: RSRenderEnd, version: null so=/system/lib64/platformsdk/libframe_ui_intf.z.so
06-11 09:40:19.208   664   723 E C01400/OHOS::RS: RsFrameReport:[RSRenderEnd]load RSRenderEnd function failed!
06-11 09:40:19.209   503  3425 W C02510/DISP: [SetLayerMaskInfo:437] <private> is not supported
06-11 09:40:19.386   517   591 I C057ff/nStackXEpoll: DeRegisterEpollTask:[230] :DeRegisterEpollTask
06-11 09:40:19.386   517   591 I C057ff/nStackXEpoll: PrintTaskInfo:[71] :task: 00******a1b418, task->epollfd: 45, task->taskfd: 64, task->readHandle: 00******a1b420
06-11 09:40:19.386   517   591 I C057ff/nStackXEpoll: RegisterEpollTask:[206] :RegisterEpollTask
06-11 09:40:19.386   517   591 I C057ff/nStackXEpoll: PrintTaskInfo:[71] :task: 00******a1b418, task->epollfd: 45, task->taskfd: 64, task->readHandle: 00******a1b420
06-11 09:40:19.574  2856  4841 W C01719/ffrt: 155:~WorkerThread:72 to exit, qos[3]
06-11 09:40:19.709   664   723 E C01400/OHOS::RS: RsFrameReport:[loadSymbol]Get RSRenderStart symbol failed: do_dlsym failed: Symbol not found: RSRenderStart, version: null so=/system/lib64/platformsdk/libframe_ui_intf.z.so
06-11 09:40:19.709   664   723 E C01400/OHOS::RS: RsFrameReport:[RSRenderStart]load RSRenderStart function failed!
06-11 09:40:19.725   664   723 E C01400/OHOS::RS: RsFrameReport:[loadSymbol]Get RSRenderEnd symbol failed: do_dlsym failed: Symbol not found: RSRenderEnd, version: null so=/system/lib64/platformsdk/libframe_ui_intf.z.so
06-11 09:40:19.725   664   723 E C01400/OHOS::RS: RsFrameReport:[RSRenderEnd]load RSRenderEnd function failed!
06-11 09:40:19.725   503   762 W C02510/DISP: [SetLayerMaskInfo:437] <private> is not supported
06-11 09:40:19.802   121   837 I C01800/SAMGR: NF SA:65962,876_834
06-11 09:40:20.004   121   837 I C01800/SAMGR: NF SA:65962,876_835
06-11 09:40:20.146   543  4398 I C02986/DisplayPowerBrightness: lux=[0/454955, 0/455057, 0/455159, 0/455261, 0/455362, 0/455463, ], bDelta=5.000000, dDelta=1.000000, size=98
06-11 09:40:20.204   121   837 I C01800/SAMGR: NF SA:65962,876_836
06-11 09:40:20.205   664   723 E C01400/OHOS::RS: RsFrameReport:[loadSymbol]Get RSRenderStart symbol failed: do_dlsym failed: Symbol not found: RSRenderStart, version: null so=/system/lib64/platformsdk/libframe_ui_intf.z.so
06-11 09:40:20.205   664   723 E C01400/OHOS::RS: RsFrameReport:[RSRenderStart]load RSRenderStart function failed!
06-11 09:40:20.212   664   723 E C02515/DGLES: [d_eglSwapBuffers_special@egl_gpu.cpp:729] thread output size 839240 speed 816k/s API_num 406
06-11 09:40:20.213   664   723 E C01400/OHOS::RS: RsFrameReport:[loadSymbol]Get RSRenderEnd symbol failed: do_dlsym failed: Symbol not found: RSRenderEnd, version: null so=/system/lib64/platformsdk/libframe_ui_intf.z.so
06-11 09:40:20.213   664   723 E C01400/OHOS::RS: RsFrameReport:[RSRenderEnd]load RSRenderEnd function failed!
06-11 09:40:20.213   503   762 W C02510/DISP: [SetLayerMaskInfo:437] <private> is not supported
06-11 09:40:20.386   517   591 I C057ff/nStackXEpoll: DeRegisterEpollTask:[230] :DeRegisterEpollTask
06-11 09:40:20.386   517   591 I C057ff/nStackXEpoll: PrintTaskInfo:[71] :task: 00******a1b418, task->epollfd: 45, task->taskfd: 64, task->readHandle: 00******a1b420
06-11 09:40:20.386   517   591 I C057ff/nStackXEpoll: RegisterEpollTask:[206] :RegisterEpollTask
06-11 09:40:20.386   517   591 I C057ff/nStackXEpoll: PrintTaskInfo:[71] :task: 00******a1b418, task->epollfd: 45, task->taskfd: 64, task->readHandle: 00******a1b420
06-11 09:40:20.406   121   837 I C01800/SAMGR: NF SA:65962,876_837
06-11 09:40:20.490   293  4843 W C01719/ffrt: 293:~WorkerThread:72 to exit, qos[2]
06-11 09:40:20.492   293  4842 W C01719/ffrt: 294:~WorkerThread:72 to exit, qos[2]
06-11 09:40:20.578  2856  4867 W C01719/ffrt: 157:FFRTQosApplyForOther:244 tid 4867, Interrupted system call, ret:-1, eno:4
06-11 09:40:20.607   121   837 I C01800/SAMGR: NF SA:65962,876_838
06-11 09:40:20.701   664   723 E C01400/OHOS::RS: RsFrameReport:[loadSymbol]Get RSRenderStart symbol failed: do_dlsym failed: Symbol not found: RSRenderStart, version: null so=/system/lib64/platformsdk/libframe_ui_intf.z.so
06-11 09:40:20.701   664   723 E C01400/OHOS::RS: RsFrameReport:[RSRenderStart]load RSRenderStart function failed!
06-11 09:40:20.715   664   723 E C01400/OHOS::RS: RsFrameReport:[loadSymbol]Get RSRenderEnd symbol failed: do_dlsym failed: Symbol not found: RSRenderEnd, version: null so=/system/lib64/platformsdk/libframe_ui_intf.z.so
06-11 09:40:20.715   664   723 E C01400/OHOS::RS: RsFrameReport:[RSRenderEnd]load RSRenderEnd function failed!
06-11 09:40:20.715   503   762 W C02510/DISP: [SetLayerMaskInfo:437] <private> is not supported
06-11 09:40:20.810   121   837 I C01800/SAMGR: NF SA:65962,876_839
06-11 09:40:20.903   125  4770 I C02d10/CpuCollector: CalculateProcessCpuStatInfos: startTime=1781142010615, endTime=1781142020903, startBootTime=445932, endBootTime=456220, period=10288
06-11 09:40:20.904   125  4770 I C02d10/CpuCollector: CollectProcessCpuStatInfos: collect process cpu statistics information size=187, isNeedUpdate=1
06-11 09:40:20.904   125  4770 W C02d10/HiView-MemCgProcess: GetMemCgProcesses: node not found
06-11 09:40:20.942   125  4770 W C02d10/UCollectUtil-CpuCalculator: CalculateCpuUsage: invalid params, currCpuUsage=50, lastCpuUsage=80, statPeriod=10214
06-11 09:40:20.942   125  4770 W C02d10/UCollectUtil-CpuCalculator: CalculateCpuUsage: invalid params, currCpuUsage=40, lastCpuUsage=120, statPeriod=10214
06-11 09:40:20.942   125  4770 W C02d10/UCollectUtil-CpuCalculator: CalculateCpuUsage: invalid params, currCpuUsage=0, lastCpuUsage=50, statPeriod=10214
06-11 09:40:20.942   125  4770 W C02d10/UCollectUtil-CpuCalculator: CalculateCpuUsage: invalid params, currCpuUsage=0, lastCpuUsage=50, statPeriod=10214
06-11 09:40:20.942   125  4770 W C02d10/UCollectUtil-CpuCalculator: CalculateCpuUsage: invalid params, currCpuUsage=0, lastCpuUsage=40, statPeriod=10214
06-11 09:40:21.012   121   837 I C01800/SAMGR: NF SA:65962,876_840
06-11 09:40:21.012   876   905 E C01810/SA_CLIENT: GetSaWrap SA:65962 not start
06-11 09:40:21.012   876   905 I C01409/APS_MANAGER: request system service object is not ready yet!
06-11 09:40:21.218   664   723 E C01400/OHOS::RS: RsFrameReport:[loadSymbol]Get RSRenderStart symbol failed: do_dlsym failed: Symbol not found: RSRenderStart, version: null so=/system/lib64/platformsdk/libframe_ui_intf.z.so
06-11 09:40:21.218   664   723 E C01400/OHOS::RS: RsFrameReport:[RSRenderStart]load RSRenderStart function failed!
06-11 09:40:21.228   664   723 E C02515/DGLES: [d_eglSwapBuffers_special@egl_gpu.cpp:729] thread output size 839240 speed 806k/s API_num 406
06-11 09:40:21.229   664   723 E C01400/OHOS::RS: RsFrameReport:[loadSymbol]Get RSRenderEnd symbol failed: do_dlsym failed: Symbol not found: RSRenderEnd, version: null so=/system/lib64/platformsdk/libframe_ui_intf.z.so
06-11 09:40:21.229   664   723 E C01400/OHOS::RS: RsFrameReport:[RSRenderEnd]load RSRenderEnd function failed!
06-11 09:40:21.230   503  3425 W C02510/DISP: [SetLayerMaskInfo:437] <private> is not supported
06-11 09:40:21.387   517   591 I C057ff/nStackXEpoll: DeRegisterEpollTask:[230] :DeRegisterEpollTask
06-11 09:40:21.387   517   591 I C057ff/nStackXEpoll: PrintTaskInfo:[71] :task: 00******a1b418, task->epollfd: 45, task->taskfd: 64, task->readHandle: 00******a1b420
06-11 09:40:21.387   517   591 I C057ff/nStackXEpoll: RegisterEpollTask:[206] :RegisterEpollTask
06-11 09:40:21.387   517   591 I C057ff/nStackXEpoll: PrintTaskInfo:[71] :task: 00******a1b418, task->epollfd: 45, task->taskfd: 64, task->readHandle: 00******a1b420
06-11 09:40:21.709   664   723 E C01400/OHOS::RS: RsFrameReport:[loadSymbol]Get RSRenderStart symbol failed: do_dlsym failed: Symbol not found: RSRenderStart, version: null so=/system/lib64/platformsdk/libframe_ui_intf.z.so
06-11 09:40:21.709   664   723 E C01400/OHOS::RS: RsFrameReport:[RSRenderStart]load RSRenderStart function failed!
06-11 09:40:21.719   664   723 E C01400/OHOS::RS: RsFrameReport:[loadSymbol]Get RSRenderEnd symbol failed: do_dlsym failed: Symbol not found: RSRenderEnd, version: null so=/system/lib64/platformsdk/libframe_ui_intf.z.so
06-11 09:40:21.719   664   723 E C01400/OHOS::RS: RsFrameReport:[RSRenderEnd]load RSRenderEnd function failed!
06-11 09:40:21.720   503  3425 W C02510/DISP: [SetLayerMaskInfo:437] <private> is not supported
06-11 09:40:22.189   664   723 E C01400/OHOS::RS: RsFrameReport:[loadSymbol]Get RSRenderStart symbol failed: do_dlsym failed: Symbol not found: RSRenderStart, version: null so=/system/lib64/platformsdk/libframe_ui_intf.z.so
06-11 09:40:22.189   664   723 E C01400/OHOS::RS: RsFrameReport:[RSRenderStart]load RSRenderStart function failed!
06-11 09:40:22.200   664   723 E C01400/OHOS::RS: RsFrameReport:[loadSymbol]Get RSRenderEnd symbol failed: do_dlsym failed: Symbol not found: RSRenderEnd, version: null so=/system/lib64/platformsdk/libframe_ui_intf.z.so
06-11 09:40:22.200   664   723 E C01400/OHOS::RS: RsFrameReport:[RSRenderEnd]load RSRenderEnd function failed!
06-11 09:40:22.201   503  3425 W C02510/DISP: [SetLayerMaskInfo:437] <private> is not supported
06-11 09:40:22.201   543  4398 I C02986/DisplayPowerBrightness: lux=[0/456999, 0/457103, 0/457207, 0/457309, 0/457414, 0/457518, ], bDelta=5.000000, dDelta=1.000000, size=99
06-11 09:40:22.206   664   723 E C01400/OHOS::RS: RsFrameReport:[loadSymbol]Get RSRenderStart symbol failed: do_dlsym failed: Symbol not found: RSRenderStart, version: null so=/system/lib64/platformsdk/libframe_ui_intf.z.so
06-11 09:40:22.206   664   723 E C01400/OHOS::RS: RsFrameReport:[RSRenderStart]load RSRenderStart function failed!
06-11 09:40:22.216   664   723 E C01400/OHOS::RS: RsFrameReport:[loadSymbol]Get RSRenderEnd symbol failed: do_dlsym failed: Symbol not found: RSRenderEnd, version: null so=/system/lib64/platformsdk/libframe_ui_intf.z.so
06-11 09:40:22.216   664   723 E C01400/OHOS::RS: RsFrameReport:[RSRenderEnd]load RSRenderEnd function failed!
06-11 09:40:22.216   503   762 W C02510/DISP: [SetLayerMaskInfo:437] <private> is not supported
06-11 09:40:22.314   963  4860 W C01719/ffrt: 197:~WorkerThread:72 to exit, qos[2]
06-11 09:40:22.321   963  4859 W C01719/ffrt: 198:~WorkerThread:72 to exit, qos[2]
06-11 09:40:22.386   517   591 I C057ff/nStackXEpoll: DeRegisterEpollTask:[230] :DeRegisterEpollTask
06-11 09:40:22.386   517   591 I C057ff/nStackXEpoll: PrintTaskInfo:[71] :task: 00******a1b418, task->epollfd: 45, task->taskfd: 64, task->readHandle: 00******a1b420
06-11 09:40:22.386   517   591 I C057ff/nStackXEpoll: RegisterEpollTask:[206] :RegisterEpollTask
06-11 09:40:22.386   517   591 I C057ff/nStackXEpoll: PrintTaskInfo:[71] :task: 00******a1b418, task->epollfd: 45, task->taskfd: 64, task->readHandle: 00******a1b420
06-11 09:40:22.509   125  4857 W C01719/ffrt: 478:~WorkerThread:72 to exit, qos[2]
06-11 09:40:22.512   125  4736 W C01719/ffrt: 479:~WorkerThread:72 to exit, qos[2]
06-11 09:40:22.513   125  4861 W C01719/ffrt: 480:~WorkerThread:72 to exit, qos[2]
06-11 09:40:22.532   125  4864 W C01719/ffrt: 481:~WorkerThread:72 to exit, qos[2]
06-11 09:40:22.717   664   723 E C01400/OHOS::RS: RsFrameReport:[loadSymbol]Get RSRenderStart symbol failed: do_dlsym failed: Symbol not found: RSRenderStart, version: null so=/system/lib64/platformsdk/libframe_ui_intf.z.so
06-11 09:40:22.717   664   723 E C01400/OHOS::RS: RsFrameReport:[RSRenderStart]load RSRenderStart function failed!
06-11 09:40:22.728   664   723 E C02515/DGLES: [d_eglSwapBuffers_special@egl_gpu.cpp:729] thread output size 1676836 speed 1091k/s API_num 796
06-11 09:40:22.728   664   723 E C01400/OHOS::RS: RsFrameReport:[loadSymbol]Get RSRenderEnd symbol failed: do_dlsym failed: Symbol not found: RSRenderEnd, version: null so=/system/lib64/platformsdk/libframe_ui_intf.z.so
06-11 09:40:22.728   664   723 E C01400/OHOS::RS: RsFrameReport:[RSRenderEnd]load RSRenderEnd function failed!
06-11 09:40:22.729   503   762 W C02510/DISP: [SetLayerMaskInfo:437] <private> is not supported
06-11 09:40:22.989   125  4862 W C01719/ffrt: 482:~WorkerThread:72 to exit, qos[2]
06-11 09:40:22.990   125  4863 W C01719/ffrt: 483:~WorkerThread:72 to exit, qos[2]
06-11 09:40:23.023   121   837 I C01800/SAMGR: NF SA:65962,876_841
06-11 09:40:23.217   664   723 E C01400/OHOS::RS: RsFrameReport:[loadSymbol]Get RSRenderStart symbol failed: do_dlsym failed: Symbol not found: RSRenderStart, version: null so=/system/lib64/platformsdk/libframe_ui_intf.z.so
06-11 09:40:23.217   664   723 E C01400/OHOS::RS: RsFrameReport:[RSRenderStart]load RSRenderStart function failed!
06-11 09:40:23.225   121   837 I C01800/SAMGR: NF SA:65962,876_842
06-11 09:40:23.229   664   723 E C01400/OHOS::RS: RsFrameReport:[loadSymbol]Get RSRenderEnd symbol failed: do_dlsym failed: Symbol not found: RSRenderEnd, version: null so=/system/lib64/platformsdk/libframe_ui_intf.z.so
06-11 09:40:23.229   664   723 E C01400/OHOS::RS: RsFrameReport:[RSRenderEnd]load RSRenderEnd function failed!
06-11 09:40:23.233   503   762 W C02510/DISP: [SetLayerMaskInfo:437] <private> is not supported
06-11 09:40:23.318   478   663 W C02943/ThermalHdi: get node failed
06-11 09:40:23.318   478   663 W C02943/ThermalHdi: get node failed
06-11 09:40:23.318   478   663 W C02943/ThermalHdi: get node failed
06-11 09:40:23.390   517   591 I C057ff/nStackXEpoll: DeRegisterEpollTask:[230] :DeRegisterEpollTask
06-11 09:40:23.390   517   591 I C057ff/nStackXEpoll: PrintTaskInfo:[71] :task: 00******a1b418, task->epollfd: 45, task->taskfd: 64, task->readHandle: 00******a1b420
06-11 09:40:23.390   517   591 I C057ff/nStackXEpoll: RegisterEpollTask:[206] :RegisterEpollTask
06-11 09:40:23.390   517   591 I C057ff/nStackXEpoll: PrintTaskInfo:[71] :task: 00******a1b418, task->epollfd: 45, task->taskfd: 64, task->readHandle: 00******a1b420
06-11 09:40:23.427   121   837 I C01800/SAMGR: NF SA:65962,876_843
06-11 09:40:23.575   125  1330 I C02d10/HiViewSA-HiViewServiceAbilitySt: OnRemoteRequest: cmd = 1012, flags= 0
06-11 09:40:23.628   121   837 I C01800/SAMGR: NF SA:65962,876_844
06-11 09:40:23.708   664   723 E C01400/OHOS::RS: RsFrameReport:[loadSymbol]Get RSRenderStart symbol failed: do_dlsym failed: Symbol not found: RSRenderStart, version: null so=/system/lib64/platformsdk/libframe_ui_intf.z.so
06-11 09:40:23.708   664   723 E C01400/OHOS::RS: RsFrameReport:[RSRenderStart]load RSRenderStart function failed!
06-11 09:40:23.715   664   723 E C01400/OHOS::RS: RsFrameReport:[loadSymbol]Get RSRenderEnd symbol failed: do_dlsym failed: Symbol not found: RSRenderEnd, version: null so=/system/lib64/platformsdk/libframe_ui_intf.z.so
06-11 09:40:23.715   664   723 E C01400/OHOS::RS: RsFrameReport:[RSRenderEnd]load RSRenderEnd function failed!
06-11 09:40:23.715   503   762 W C02510/DISP: [SetLayerMaskInfo:437] <private> is not supported
06-11 09:40:23.831   121   837 I C01800/SAMGR: NF SA:65962,876_845
06-11 09:40:23.883  3062  4865 W C01719/ffrt: 49:~WorkerThread:72 to exit, qos[3]
06-11 09:40:23.921  3062  4870 W C01719/ffrt: 50:FFRTQosApplyForOther:244 tid 4870, Interrupted system call, ret:-1, eno:4
06-11 09:40:24.033   121   837 I C01800/SAMGR: NF SA:65962,876_846
06-11 09:40:24.169   125  4858 W C01719/ffrt: 484:~WorkerThread:72 to exit, qos[2]
06-11 09:40:24.188   125  4770 E C02d66/Hiview-XPerformance: [InquiryOhImpl::ExtractStringValue] Canonical FilePath: /sys/class/ithermal/lpm/lpm_freq failed.
06-11 09:40:24.189   125  4770 E C02d66/Hiview-XPerformance: [InquiryOhImpl::ExtractStringValue] Canonical FilePath: /sys/class/power_supply/Battery/status failed.
06-11 09:40:24.201   125  4872 W C01719/ffrt: 485:FFRTQosApplyForOther:244 tid 4872, Interrupted system call, ret:-1, eno:4
06-11 09:40:24.221   664   723 E C01400/OHOS::RS: RsFrameReport:[loadSymbol]Get RSRenderStart symbol failed: do_dlsym failed: Symbol not found: RSRenderStart, version: null so=/system/lib64/platformsdk/libframe_ui_intf.z.so
06-11 09:40:24.221   664   723 E C01400/OHOS::RS: RsFrameReport:[RSRenderStart]load RSRenderStart function failed!
06-11 09:40:24.235   664   723 E C02515/DGLES: [d_eglSwapBuffers_special@egl_gpu.cpp:729] thread output size 1259682 speed 816k/s API_num 617
06-11 09:40:24.235   664   723 E C01400/OHOS::RS: RsFrameReport:[loadSymbol]Get RSRenderEnd symbol failed: do_dlsym failed: Symbol not found: RSRenderEnd, version: null so=/system/lib64/platformsdk/libframe_ui_intf.z.so
06-11 09:40:24.235   664   723 E C01400/OHOS::RS: RsFrameReport:[RSRenderEnd]load RSRenderEnd function failed!
06-11 09:40:24.235   121   837 I C01800/SAMGR: NF SA:65962,876_847
06-11 09:40:24.235   876   905 E C01810/SA_CLIENT: GetSaWrap SA:65962 not start
06-11 09:40:24.235   876   905 I C01409/APS_MANAGER: request system service object is not ready yet!
06-11 09:40:24.236   503   762 W C02510/DISP: [SetLayerMaskInfo:437] <private> is not supported
06-11 09:40:24.253   543  4399 I C02986/DisplayPowerBrightness: lux=[0/459060, 0/459162, 0/459264, 0/459366, 0/459469, 0/459569, ], bDelta=5.000000, dDelta=1.000000, size=99
06-11 09:40:24.388   517   591 I C057ff/nStackXEpoll: DeRegisterEpollTask:[230] :DeRegisterEpollTask
06-11 09:40:24.388   517   591 I C057ff/nStackXEpoll: PrintTaskInfo:[71] :task: 00******a1b418, task->epollfd: 45, task->taskfd: 64, task->readHandle: 00******a1b420
06-11 09:40:24.388   517   591 I C057ff/nStackXEpoll: RegisterEpollTask:[206] :RegisterEpollTask
06-11 09:40:24.388   517   591 I C057ff/nStackXEpoll: PrintTaskInfo:[71] :task: 00******a1b418, task->epollfd: 45, task->taskfd: 64, task->readHandle: 00******a1b420
06-11 09:40:24.716   664   723 E C01400/OHOS::RS: RsFrameReport:[loadSymbol]Get RSRenderStart symbol failed: do_dlsym failed: Symbol not found: RSRenderStart, version: null so=/system/lib64/platformsdk/libframe_ui_intf.z.so
06-11 09:40:24.716   664   723 E C01400/OHOS::RS: RsFrameReport:[RSRenderStart]load RSRenderStart function failed!
06-11 09:40:24.718   664   723 E C02515/DGLES: [unset_id@glv3_resource.cpp:75] id is bigger than bitmap_size, id: 784
06-11 09:40:24.718   664   723 E C02515/DGLES: [unset_id@glv3_resource.cpp:75] id is bigger than bitmap_size, id: 785
06-11 09:40:24.718   664   723 E C02515/DGLES: [unset_id@glv3_resource.cpp:75] id is bigger than bitmap_size, id: 786
06-11 09:40:24.718   664   723 E C02515/DGLES: [unset_id@glv3_resource.cpp:75] id is bigger than bitmap_size, id: 787
06-11 09:40:24.723   664   723 E C01400/OHOS::RS: RsFrameReport:[loadSymbol]Get RSRenderEnd symbol failed: do_dlsym failed: Symbol not found: RSRenderEnd, version: null so=/system/lib64/platformsdk/libframe_ui_intf.z.so
06-11 09:40:24.723   664   723 E C01400/OHOS::RS: RsFrameReport:[RSRenderEnd]load RSRenderEnd function failed!
06-11 09:40:24.723   503  3425 W C02510/DISP: [SetLayerMaskInfo:437] <private> is not supported
06-11 09:40:24.733   664   723 E C01400/OHOS::RS: RsFrameReport:[loadSymbol]Get RSRenderStart symbol failed: do_dlsym failed: Symbol not found: RSRenderStart, version: null so=/system/lib64/platformsdk/libframe_ui_intf.z.so
06-11 09:40:24.733   664   723 E C01400/OHOS::RS: RsFrameReport:[RSRenderStart]load RSRenderStart function failed!
06-11 09:40:24.735   664   723 E C02515/DGLES: [unset_id@glv3_resource.cpp:75] id is bigger than bitmap_size, id: 788
06-11 09:40:24.735   664   723 E C02515/DGLES: [unset_id@glv3_resource.cpp:75] id is bigger than bitmap_size, id: 789
06-11 09:40:24.735   664   723 E C02515/DGLES: [unset_id@glv3_resource.cpp:75] id is bigger than bitmap_size, id: 790
06-11 09:40:24.735   664   723 E C02515/DGLES: [unset_id@glv3_resource.cpp:75] id is bigger than bitmap_size, id: 791
06-11 09:40:24.738   664   723 E C01400/OHOS::RS: RsFrameReport:[loadSymbol]Get RSRenderEnd symbol failed: do_dlsym failed: Symbol not found: RSRenderEnd, version: null so=/system/lib64/platformsdk/libframe_ui_intf.z.so
06-11 09:40:24.738   664   723 E C01400/OHOS::RS: RsFrameReport:[RSRenderEnd]load RSRenderEnd function failed!
06-11 09:40:24.739   503   762 W C02510/DISP: [SetLayerMaskInfo:437] <private> is not supported
06-11 09:40:24.781   181   273 I C02b86/AudioDumpPCM: [ReleaseOverTimeMemBlock]CheckMemBlock Recycle 1 memBlocks
06-11 09:40:25.230   664   723 E C01400/OHOS::RS: RsFrameReport:[loadSymbol]Get RSRenderStart symbol failed: do_dlsym failed: Symbol not found: RSRenderStart, version: null so=/system/lib64/platformsdk/libframe_ui_intf.z.so
06-11 09:40:25.230   664   723 E C01400/OHOS::RS: RsFrameReport:[RSRenderStart]load RSRenderStart function failed!
06-11 09:40:25.237   664   723 E C02515/DGLES: [unset_id@glv3_resource.cpp:75] id is bigger than bitmap_size, id: 792
06-11 09:40:25.237   664   723 E C02515/DGLES: [unset_id@glv3_resource.cpp:75] id is bigger than bitmap_size, id: 793
06-11 09:40:25.237   664   723 E C02515/DGLES: [unset_id@glv3_resource.cpp:75] id is bigger than bitmap_size, id: 794
06-11 09:40:25.237   664   723 E C02515/DGLES: [unset_id@glv3_resource.cpp:75] id is bigger than bitmap_size, id: 795
06-11 09:40:25.238   664   723 E C02515/DGLES: [d_eglSwapBuffers_special@egl_gpu.cpp:729] thread output size 1259682 speed 1226k/s API_num 617
06-11 09:40:25.239   664   723 E C01400/OHOS::RS: RsFrameReport:[loadSymbol]Get RSRenderEnd symbol failed: do_dlsym failed: Symbol not found: RSRenderEnd, version: null so=/system/lib64/platformsdk/libframe_ui_intf.z.so
06-11 09:40:25.239   664   723 E C01400/OHOS::RS: RsFrameReport:[RSRenderEnd]load RSRenderEnd function failed!
06-11 09:40:25.240   503   762 W C02510/DISP: [SetLayerMaskInfo:437] <private> is not supported
06-11 09:40:25.387   293   328 E C01719/ffrt: 295:CheckQueuesStatus:197 Serial_Queue_Timeout, process name:[telephony], serial queue qid:[1], serial task gid:[1], execution:[30000000] us. queue name [sq_CellularCallHandler_1], remaining tasks count=1
06-11 09:40:25.388   517   591 I C057ff/nStackXEpoll: DeRegisterEpollTask:[230] :DeRegisterEpollTask
06-11 09:40:25.388   517   591 I C057ff/nStackXEpoll: PrintTaskInfo:[71] :task: 00******a1b418, task->epollfd: 45, task->taskfd: 64, task->readHandle: 00******a1b420
06-11 09:40:25.388   517   591 I C057ff/nStackXEpoll: RegisterEpollTask:[206] :RegisterEpollTask
06-11 09:40:25.388   517   591 I C057ff/nStackXEpoll: PrintTaskInfo:[71] :task: 00******a1b418, task->epollfd: 45, task->taskfd: 64, task->readHandle: 00******a1b420
06-11 09:40:25.502   293  4873 W C01719/ffrt: 296:FFRTQosApplyForOther:244 tid 4873, Interrupted system call, ret:-1, eno:4
06-11 09:40:25.504   293  4873 E C01f04/CoreService: [GetSimAccountInfo-(multi_sim_controller.cpp:700)] MultiSimController::GetSimAccountInfo failed by out of range
06-11 09:40:25.504   293  4873 E C01f04/CoreService: [GetSimId-(sim_manager.cpp:623)] GetSimAccountInfo fail!
06-11 09:40:25.509   293  4873 I C01f03/CellularData: [OnStallDetectionTimer-(data_connection_monitor.cpp:97)] stallDetectionPeriod = 10000
06-11 09:40:25.509   293  4874 W C01719/ffrt: 297:FFRTQosApplyForOther:244 tid 4874, Interrupted system call, ret:-1, eno:4
06-11 09:40:25.578  2856  4867 W C01719/ffrt: 159:~WorkerThread:72 to exit, qos[3]
06-11 09:40:25.741   664   723 E C01400/OHOS::RS: RsFrameReport:[loadSymbol]Get RSRenderStart symbol failed: do_dlsym failed: Symbol not found: RSRenderStart, version: null so=/system/lib64/platformsdk/libframe_ui_intf.z.so
06-11 09:40:25.741   664   723 E C01400/OHOS::RS: RsFrameReport:[RSRenderStart]load RSRenderStart function failed!
06-11 09:40:25.748   664   723 E C02515/DGLES: [unset_id@glv3_resource.cpp:75] id is bigger than bitmap_size, id: 796
06-11 09:40:25.748   664   723 E C02515/DGLES: [unset_id@glv3_resource.cpp:75] id is bigger than bitmap_size, id: 797
06-11 09:40:25.748   664   723 E C02515/DGLES: [unset_id@glv3_resource.cpp:75] id is bigger than bitmap_size, id: 798
06-11 09:40:25.748   664   723 E C02515/DGLES: [unset_id@glv3_resource.cpp:75] id is bigger than bitmap_size, id: 799
06-11 09:40:25.752   664   723 E C01400/OHOS::RS: RsFrameReport:[loadSymbol]Get RSRenderEnd symbol failed: do_dlsym failed: Symbol not found: RSRenderEnd, version: null so=/system/lib64/platformsdk/libframe_ui_intf.z.so
06-11 09:40:25.752   664   723 E C01400/OHOS::RS: RsFrameReport:[RSRenderEnd]load RSRenderEnd function failed!
06-11 09:40:25.752   503   762 W C02510/DISP: [SetLayerMaskInfo:437] <private> is not supported
06-11 09:40:25.843   788  1784 I C02b02/CAMERA_DPS: {operator()():800} PhotoPostProcessor Watchdog executed, handle: 42
06-11 09:40:25.843   788  1784 I C02b02/CAMERA_DPS: {ConnectServiceIfNecessary():731} entered.
06-11 09:40:25.844   118   122 E C02510/devsvc_manager_stub: StubGetService service camera_image_process_service not found
06-11 09:40:25.844   788  1784 E C02510/hdi_servmgr_client: get hdi service camera_image_process_service failed, -1
06-11 09:40:25.844   788  1784 E C02510/image_process_service_proxy: Get:get remote object failed!
06-11 09:40:25.844   788  1784 I C02b02/CAMERA_DPS: {ConnectServiceIfNecessary():743} Failed to CreateImageProcessSession
06-11 09:40:25.844   788  1784 I C02b02/CAMERA_DPS: {ScheduleConnectService():794} entered.
06-11 09:40:25.844   788  1784 I C02b02/CAMERA_DPS: {StartMonitor():57} (DPSGlobalWatchdog) handle = 43
06-11 09:40:25.844   788  1784 I C02b02/CAMERA_DPS: {ScheduleConnectService():803} PhotoPostProcessor Watchdog registered, handle: 43
06-11 09:40:26.239   664   723 E C01400/OHOS::RS: RsFrameReport:[loadSymbol]Get RSRenderStart symbol failed: do_dlsym failed: Symbol not found: RSRenderStart, version: null so=/system/lib64/platformsdk/libframe_ui_intf.z.so
06-11 09:40:26.239   664   723 E C01400/OHOS::RS: RsFrameReport:[RSRenderStart]load RSRenderStart function failed!
06-11 09:40:26.243   121   837 I C01800/SAMGR: NF SA:65962,876_848
06-11 09:40:26.244   664   723 E C02515/DGLES: [unset_id@glv3_resource.cpp:75] id is bigger than bitmap_size, id: 800
06-11 09:40:26.244   664   723 E C02515/DGLES: [unset_id@glv3_resource.cpp:75] id is bigger than bitmap_size, id: 801
06-11 09:40:26.244   664   723 E C02515/DGLES: [unset_id@glv3_resource.cpp:75] id is bigger than bitmap_size, id: 802
06-11 09:40:26.244   664   723 E C02515/DGLES: [unset_id@glv3_resource.cpp:75] id is bigger than bitmap_size, id: 803
06-11 09:40:26.248   664   723 E C02515/DGLES: [d_eglSwapBuffers_special@egl_gpu.cpp:729] thread output size 839240 speed 811k/s API_num 406
06-11 09:40:26.249   664   723 E C01400/OHOS::RS: RsFrameReport:[loadSymbol]Get RSRenderEnd symbol failed: do_dlsym failed: Symbol not found: RSRenderEnd, version: null so=/system/lib64/platformsdk/libframe_ui_intf.z.so
06-11 09:40:26.249   664   723 E C01400/OHOS::RS: RsFrameReport:[RSRenderEnd]load RSRenderEnd function failed!
06-11 09:40:26.249   503   762 W C02510/DISP: [SetLayerMaskInfo:437] <private> is not supported
06-11 09:40:26.292   543  4399 I C02986/DisplayPowerBrightness: lux=[0/461099, 0/461202, 0/461303, 0/461405, 0/461505, 0/461609, ], bDelta=5.000000, dDelta=1.000000, size=99
06-11 09:40:26.386   517   591 I C057ff/nStackXEpoll: DeRegisterEpollTask:[230] :DeRegisterEpollTask
06-11 09:40:26.386   517   591 I C057ff/nStackXEpoll: PrintTaskInfo:[71] :task: 00******a1b418, task->epollfd: 45, task->taskfd: 64, task->readHandle: 00******a1b420
06-11 09:40:26.386   517   591 I C057ff/nStackXEpoll: RegisterEpollTask:[206] :RegisterEpollTask
06-11 09:40:26.386   517   591 I C057ff/nStackXEpoll: PrintTaskInfo:[71] :task: 00******a1b418, task->epollfd: 45, task->taskfd: 64, task->readHandle: 00******a1b420
06-11 09:40:26.447   121   837 I C01800/SAMGR: NF SA:65962,876_849
06-11 09:40:26.667   121   837 I C01800/SAMGR: NF SA:65962,876_850
06-11 09:40:26.667   664   777 I C01400/Vsync: ThreadMain: <private>_DisableVSync, there is no valid connections
06-11 09:40:26.750   664   723 E C01400/OHOS::RS: RsFrameReport:[loadSymbol]Get RSRenderStart symbol failed: do_dlsym failed: Symbol not found: RSRenderStart, version: null so=/system/lib64/platformsdk/libframe_ui_intf.z.so
06-11 09:40:26.750   664   723 E C01400/OHOS::RS: RsFrameReport:[RSRenderStart]load RSRenderStart function failed!
06-11 09:40:26.755  3062  3374 W C01719/ffrt: 51:RecordPollerInfo:323 3:123;
06-11 09:40:26.756   664   723 E C02515/DGLES: [unset_id@glv3_resource.cpp:75] id is bigger than bitmap_size, id: 804
06-11 09:40:26.756   664   723 E C02515/DGLES: [unset_id@glv3_resource.cpp:75] id is bigger than bitmap_size, id: 805
06-11 09:40:26.756   664   723 E C02515/DGLES: [unset_id@glv3_resource.cpp:75] id is bigger than bitmap_size, id: 806
06-11 09:40:26.756   664   723 E C02515/DGLES: [unset_id@glv3_resource.cpp:75] id is bigger than bitmap_size, id: 807
06-11 09:40:26.760   664   723 E C01400/OHOS::RS: RsFrameReport:[loadSymbol]Get RSRenderEnd symbol failed: do_dlsym failed: Symbol not found: RSRenderEnd, version: null so=/system/lib64/platformsdk/libframe_ui_intf.z.so
06-11 09:40:26.760   664   723 E C01400/OHOS::RS: RsFrameReport:[RSRenderEnd]load RSRenderEnd function failed!
06-11 09:40:26.761   503   762 W C02510/DISP: [SetLayerMaskInfo:437] <private> is not supported
06-11 09:40:26.868   121   837 I C01800/SAMGR: NF SA:65962,876_851
06-11 09:40:27.068   121   837 I C01800/SAMGR: NF SA:65962,876_852
06-11 09:40:27.068   876   905 E C057c2/IPCObjectProxy: SendRequest 168: failed, handle:0 error:7 desc:*.accessToken proxy:2301089536 time:462385772676
06-11 09:40:27.245   664   723 E C01400/OHOS::RS: RsFrameReport:[loadSymbol]Get RSRenderStart symbol failed: do_dlsym failed: Symbol not found: RSRenderStart, version: null so=/system/lib64/platformsdk/libframe_ui_intf.z.so
06-11 09:40:27.245   664   723 E C01400/OHOS::RS: RsFrameReport:[RSRenderStart]load RSRenderStart function failed!
06-11 09:40:27.249   664   723 E C02515/DGLES: [unset_id@glv3_resource.cpp:75] id is bigger than bitmap_size, id: 808
06-11 09:40:27.249   664   723 E C02515/DGLES: [unset_id@glv3_resource.cpp:75] id is bigger than bitmap_size, id: 809
06-11 09:40:27.249   664   723 E C02515/DGLES: [unset_id@glv3_resource.cpp:75] id is bigger than bitmap_size, id: 810
06-11 09:40:27.249   664   723 E C02515/DGLES: [unset_id@glv3_resource.cpp:75] id is bigger than bitmap_size, id: 811
06-11 09:40:27.253   664   723 E C02515/DGLES: [d_eglSwapBuffers_special@egl_gpu.cpp:729] thread output size 839240 speed 815k/s API_num 406
06-11 09:40:27.254   664   723 E C01400/OHOS::RS: RsFrameReport:[loadSymbol]Get RSRenderEnd symbol failed: do_dlsym failed: Symbol not found: RSRenderEnd, version: null so=/system/lib64/platformsdk/libframe_ui_intf.z.so
06-11 09:40:27.254   664   723 E C01400/OHOS::RS: RsFrameReport:[RSRenderEnd]load RSRenderEnd function failed!
06-11 09:40:27.254   503  3425 W C02510/DISP: [SetLayerMaskInfo:437] <private> is not supported
06-11 09:40:27.261  1791  1854 I C01c50/RequestService: unload SA
06-11 09:40:27.262  1791  1854 I C01800/SAMGR_RUST: unload system ability 3706
06-11 09:40:27.263   121   837 I C01800/SAMGR: Scheduler SA:3706 unload start 1791,0_1_3
06-11 09:40:27.263   121   837 I C01800/SAMGR: Scheduler SA:3706 in state 3,not need unload SA,callPid:1791
06-11 09:40:27.264  1791  1854 I C01c50/RequestService: TaskManager unload ok
06-11 09:40:27.269   121   837 I C01800/SAMGR: NF SA:65962,876_853
06-11 09:40:27.327   963  4875 W C01719/ffrt: 199:FFRTQosApplyForOther:244 tid 4875, Interrupted system call, ret:-1, eno:4
06-11 09:40:27.327   963  4875 I C057c1/ProcessSkeleton: DetachObject 141: can not erase it because addr if different, desc:*.DistributedConnection, recorded object:3114547456, detach object:3114545536
06-11 09:40:27.327   963  4875 I C02300/FenceExtension: [(DoConnect:128)]start connectAbility-1
06-11 09:40:27.327   963  4875 I C02300/FenceExtension: [(ConnectAbility:113)]ConnectAbility
06-11 09:40:27.327   963  4875 I C01336/AMS: [ability_manager_client.cpp:500]name:com.huawei.hmos.location SAFeatureServiceExtensionAbility, userId:-1
06-11 09:40:27.327   963  4875 I C057c2/IPCObjectProxy: SendRequest 155: handle:1 desc:*.AbilityManager refcnt:3 3153201344
06-11 09:40:27.328   682   718 I C01336/AMS: [ability_manager_service.cpp:3955]elementuri: /com.huawei.hmos.location//SAFeatureServiceExtensionAbility.
06-11 09:40:27.330   682   718 W C01121/BMSQuery: ExplicitQueryAbility not found UIAbility -n com.huawei.hmos.location -m  -a SAFeatureServiceExtensionAbility
06-11 09:40:27.330   682   718 W C01121/BMSQuery: ExplicitQueryAbility error -n com.huawei.hmos.location -a SAFeatureServiceExtensionAbility -u 100 -i 0
06-11 09:40:27.330   682   718 W C01121/BMSQuery: bundle_data_mgr.cpp:ExplicitQueryExtensionInfo:5463 extensionAbility not found or disabled
06-11 09:40:27.330   682   718 W C01121/BMSQuery: ExplicitQueryExtension error -n com.huawei.hmos.location -e SAFeatureServiceExtensionAbility -u 100 -i 0
06-11 09:40:27.330   682   718 E C01121/BMSQuery: bundle_mgr_host_impl.cpp:QueryExtensionAbilityInfos:2586 no valid extension info can be inquired
06-11 09:40:27.330   682   718 E C01336/AMS: [start_ability_utils.cpp:259]Get extension info failed.
06-11 09:40:27.330   682   718 E C01336/AMS: [ability_manager_service.cpp:4193]Generate ability request error.
06-11 09:40:27.332   963  4875 E C02300/FenceExtension: [(DoConnect:131)]CONNECT_ABILITY_FAILED
06-11 09:40:27.332   963  4875 I C02300/FenceExtension: [(DoConnect:128)]start connectAbility-1
06-11 09:40:27.332   963  4875 I C02300/FenceExtension: [(ConnectAbility:113)]ConnectAbility
06-11 09:40:27.332   963  4875 I C01336/AMS: [ability_manager_client.cpp:500]name:com.huawei.hmos.location SAFeatureServiceExtensionAbility, userId:-1
06-11 09:40:27.332   963  4875 I C057c2/IPCObjectProxy: SendRequest 155: handle:1 desc:*.AbilityManager refcnt:3 3153201344
06-11 09:40:27.332   682   718 I C01336/AMS: [ability_manager_service.cpp:3955]elementuri: /com.huawei.hmos.location//SAFeatureServiceExtensionAbility.
06-11 09:40:27.332   963  4876 W C01719/ffrt: 200:FFRTQosApplyForOther:244 tid 4876, Interrupted system call, ret:-1, eno:4
06-11 09:40:27.334   682   718 W C01121/BMSQuery: ExplicitQueryAbility not found UIAbility -n com.huawei.hmos.location -m  -a SAFeatureServiceExtensionAbility
06-11 09:40:27.334   682   718 W C01121/BMSQuery: ExplicitQueryAbility error -n com.huawei.hmos.location -a SAFeatureServiceExtensionAbility -u 100 -i 0
06-11 09:40:27.334   682   718 W C01121/BMSQuery: bundle_data_mgr.cpp:ExplicitQueryExtensionInfo:5463 extensionAbility not found or disabled
06-11 09:40:27.334   682   718 W C01121/BMSQuery: ExplicitQueryExtension error -n com.huawei.hmos.location -e SAFeatureServiceExtensionAbility -u 100 -i 0
06-11 09:40:27.334   682   718 E C01121/BMSQuery: bundle_mgr_host_impl.cpp:QueryExtensionAbilityInfos:2586 no valid extension info can be inquired
06-11 09:40:27.334   682   718 E C01336/AMS: [start_ability_utils.cpp:259]Get extension info failed.
06-11 09:40:27.334   682   718 E C01336/AMS: [ability_manager_service.cpp:4193]Generate ability request error.
06-11 09:40:27.335   963  4875 E C02300/FenceExtension: [(DoConnect:131)]CONNECT_ABILITY_FAILED
06-11 09:40:27.335   963  4875 W C02300/FenceExtension: [(ProcessEvent:107)]connect failed,retry again
06-11 09:40:27.387   517   591 I C057ff/nStackXEpoll: DeRegisterEpollTask:[230] :DeRegisterEpollTask
06-11 09:40:27.387   517   591 I C057ff/nStackXEpoll: PrintTaskInfo:[71] :task: 00******a1b418, task->epollfd: 45, task->taskfd: 64, task->readHandle: 00******a1b420
06-11 09:40:27.387   517   591 I C057ff/nStackXEpoll: RegisterEpollTask:[206] :RegisterEpollTask
06-11 09:40:27.387   517   591 I C057ff/nStackXEpoll: PrintTaskInfo:[71] :task: 00******a1b418, task->epollfd: 45, task->taskfd: 64, task->readHandle: 00******a1b420
06-11 09:40:27.470   121   837 I C01800/SAMGR: NF SA:65962,876_854
06-11 09:40:27.470   876   905 E C01810/SA_CLIENT: GetSaWrap SA:65962 not start
06-11 09:40:27.470   876   905 I C01409/APS_MANAGER: request system service object is not ready yet!
06-11 09:40:27.503   125  4770 E C02d15/XPower: [task_35]#Failed to open /dev/dubai: No such file or directory
06-11 09:40:27.503   125  4770 E C02d15/XPower: [task_35]#Failed to open dubai driver device
06-11 09:40:27.503   125  4770 E C02d15/XPower: [task_35]#Failed to get battery prop: <private>, ret: <private>
06-11 09:40:27.503   125  4770 E C02d15/XPower: [task_35]#Failed to open /dev/dubai: No such file or directory
06-11 09:40:27.503   125  4770 E C02d15/XPower: [task_35]#Failed to open dubai driver device
06-11 09:40:27.503   125  4770 E C02d15/XPower: [task_35]#Failed to get battery prop: <private>, ret: <private>
06-11 09:40:27.503   125  4770 E C02d15/XPower: [task_35]#Failed to open /dev/dubai: No such file or directory
06-11 09:40:27.503   125  4770 E C02d15/XPower: [task_35]#Failed to open dubai driver device
06-11 09:40:27.503   125  4770 E C02d15/XPower: [task_35]#Failed to get battery prop: <private>, ret: <private>
06-11 09:40:27.503   125  4770 E C02d15/XPower: [task_35]#Failed to open /dev/dubai: No such file or directory
06-11 09:40:27.503   125  4770 E C02d15/XPower: [task_35]#Failed to open dubai driver device
06-11 09:40:27.503   125  4770 E C02d15/XPower: [task_35]#Failed to get battery prop: <private>, ret: <private>
06-11 09:40:27.503   125  4770 E C02d15/XPower: [task_35]#Failed to open /dev/dubai: No such file or directory
06-11 09:40:27.504   125  4770 E C02d15/XPower: [task_35]#Failed to open dubai driver device
06-11 09:40:27.504   125  4770 E C02d15/XPower: [task_35]#Failed to get battery prop: <private>, ret: <private>
06-11 09:40:27.504   125  4770 E C02d15/XPower: [task_35]#Failed to open /dev/dubai: No such file or directory
06-11 09:40:27.504   125  4770 E C02d15/XPower: [task_35]#Failed to open dubai driver device
06-11 09:40:27.504   125  4770 E C02d15/XPower: [task_35]#Failed to get battery prop: <private>, ret: <private>
06-11 09:40:27.505   281   281 E C015b0/NetsysNativeService: [netsys_native_service_proxy.cpp:1918]fail to GetIfaceStats ret= 2103011
06-11 09:40:27.505   125  4770 E C02d15/XPower: [task_45]#Failed to open wakeup_sources: No such file or directory
06-11 09:40:27.506   125  4770 E C02d15/XPower: [task_45]#Failed to read kernel wakelock data
06-11 09:40:27.506   125  4872 E C015b0/NetStatsClient: [net_stats_service_proxy.cpp:407]proxy SendRequest failed, error code: [2103011]
06-11 09:40:27.506   125  4872 E C02d15/XPower: [task_41]#Failed to read traffic from epbf: <private>
06-11 09:40:27.506   125  4770 E C02d15/XPower: [task_45]#Failed to open /dev/dubai: No such file or directory
06-11 09:40:27.506   125  4770 E C02d15/XPower: [task_45]#Failed to open dubai driver device
06-11 09:40:27.508   125  4877 W C01719/ffrt: 486:FFRTQosApplyForOther:244 tid 4877, Interrupted system call, ret:-1, eno:4
06-11 09:40:27.508   281   281 E C015b0/NetsysNativeService: [netsys_native_service_proxy.cpp:1918]fail to GetIfaceStats ret= 2103011
06-11 09:40:27.515   125  4880 W C01719/ffrt: 487:FFRTQosApplyForOther:244 tid 4880, Interrupted system call, ret:-1, eno:4
06-11 09:40:27.516   125  4878 W C01719/ffrt: 488:FFRTQosApplyForOther:244 tid 4878, Interrupted system call, ret:-1, eno:4
06-11 09:40:27.517   125  4872 E C015b0/NetStatsClient: [net_stats_service_proxy.cpp:407]proxy SendRequest failed, error code: [2103011]
06-11 09:40:27.518   125  4872 E C02d15/XPower: [task_52]#Failed to read traffic from epbf: <private>
06-11 09:40:27.525   125  4879 W C01719/ffrt: 489:FFRTQosApplyForOther:244 tid 4879, Interrupted system call, ret:-1, eno:4
06-11 09:40:27.532   125  4881 W C01719/ffrt: 490:FFRTQosApplyForOther:244 tid 4881, Interrupted system call, ret:-1, eno:4
06-11 09:40:27.743   664   723 E C01400/OHOS::RS: RsFrameReport:[loadSymbol]Get RSRenderStart symbol failed: do_dlsym failed: Symbol not found: RSRenderStart, version: null so=/system/lib64/platformsdk/libframe_ui_intf.z.so
06-11 09:40:27.743   664   723 E C01400/OHOS::RS: RsFrameReport:[RSRenderStart]load RSRenderStart function failed!
06-11 09:40:27.749   664   723 E C02515/DGLES: [unset_id@glv3_resource.cpp:75] id is bigger than bitmap_size, id: 812
06-11 09:40:27.749   664   723 E C02515/DGLES: [unset_id@glv3_resource.cpp:75] id is bigger than bitmap_size, id: 813
06-11 09:40:27.749   664   723 E C02515/DGLES: [unset_id@glv3_resource.cpp:75] id is bigger than bitmap_size, id: 814
06-11 09:40:27.750   664   723 E C02515/DGLES: [unset_id@glv3_resource.cpp:75] id is bigger than bitmap_size, id: 815
06-11 09:40:27.756   664   723 E C01400/OHOS::RS: RsFrameReport:[loadSymbol]Get RSRenderEnd symbol failed: do_dlsym failed: Symbol not found: RSRenderEnd, version: null so=/system/lib64/platformsdk/libframe_ui_intf.z.so
06-11 09:40:27.756   664   723 E C01400/OHOS::RS: RsFrameReport:[RSRenderEnd]load RSRenderEnd function failed!
06-11 09:40:27.757   503  3425 W C02510/DISP: [SetLayerMaskInfo:437] <private> is not supported
06-11 09:40:27.988   125  4878 W C02d15/XPower: [task_47]#ThermalDaemon:can't find type [shell_frame], return INVALID_TEMP
06-11 09:40:28.236   664   723 E C01400/OHOS::RS: RsFrameReport:[loadSymbol]Get RSRenderStart symbol failed: do_dlsym failed: Symbol not found: RSRenderStart, version: null so=/system/lib64/platformsdk/libframe_ui_intf.z.so
06-11 09:40:28.236   664   723 E C01400/OHOS::RS: RsFrameReport:[RSRenderStart]load RSRenderStart function failed!
06-11 09:40:28.239   664   723 E C02515/DGLES: [unset_id@glv3_resource.cpp:75] id is bigger than bitmap_size, id: 816
06-11 09:40:28.239   664   723 E C02515/DGLES: [unset_id@glv3_resource.cpp:75] id is bigger than bitmap_size, id: 817
06-11 09:40:28.239   664   723 E C02515/DGLES: [unset_id@glv3_resource.cpp:75] id is bigger than bitmap_size, id: 818
06-11 09:40:28.239   664   723 E C02515/DGLES: [unset_id@glv3_resource.cpp:75] id is bigger than bitmap_size, id: 819
06-11 09:40:28.244   664   723 E C01400/OHOS::RS: RsFrameReport:[loadSymbol]Get RSRenderEnd symbol failed: do_dlsym failed: Symbol not found: RSRenderEnd, version: null so=/system/lib64/platformsdk/libframe_ui_intf.z.so
06-11 09:40:28.244   664   723 E C01400/OHOS::RS: RsFrameReport:[RSRenderEnd]load RSRenderEnd function failed!
06-11 09:40:28.244   503  3425 W C02510/DISP: [SetLayerMaskInfo:437] <private> is not supported
06-11 09:40:28.251   664   723 E C01400/OHOS::RS: RsFrameReport:[loadSymbol]Get RSRenderStart symbol failed: do_dlsym failed: Symbol not found: RSRenderStart, version: null so=/system/lib64/platformsdk/libframe_ui_intf.z.so
06-11 09:40:28.252   664   723 E C01400/OHOS::RS: RsFrameReport:[RSRenderStart]load RSRenderStart function failed!
06-11 09:40:28.254   664   723 E C02515/DGLES: [unset_id@glv3_resource.cpp:75] id is bigger than bitmap_size, id: 820
06-11 09:40:28.254   664   723 E C02515/DGLES: [unset_id@glv3_resource.cpp:75] id is bigger than bitmap_size, id: 821
06-11 09:40:28.254   664   723 E C02515/DGLES: [unset_id@glv3_resource.cpp:75] id is bigger than bitmap_size, id: 822
06-11 09:40:28.254   664   723 E C02515/DGLES: [unset_id@glv3_resource.cpp:75] id is bigger than bitmap_size, id: 823
06-11 09:40:28.257   664   723 E C02515/DGLES: [d_eglSwapBuffers_special@egl_gpu.cpp:729] thread output size 1258038 speed 1223k/s API_num 601
06-11 09:40:28.258   664   723 E C01400/OHOS::RS: RsFrameReport:[loadSymbol]Get RSRenderEnd symbol failed: do_dlsym failed: Symbol not found: RSRenderEnd, version: null so=/system/lib64/platformsdk/libframe_ui_intf.z.so
06-11 09:40:28.258   664   723 E C01400/OHOS::RS: RsFrameReport:[RSRenderEnd]load RSRenderEnd function failed!
06-11 09:40:28.258   503  3425 W C02510/DISP: [SetLayerMaskInfo:437] <private> is not supported
06-11 09:40:28.320   478   663 W C02943/ThermalHdi: get node failed
06-11 09:40:28.320   478   663 W C02943/ThermalHdi: get node failed
06-11 09:40:28.320   478   663 W C02943/ThermalHdi: get node failed
06-11 09:40:28.345   543  1449 I C02986/DisplayPowerBrightness: lux=[0/463152, 0/463256, 0/463360, 0/463460, 0/463561, 0/463662, ], bDelta=5.000000, dDelta=1.000000, size=99
06-11 09:40:28.389   517   591 I C057ff/nStackXEpoll: DeRegisterEpollTask:[230] :DeRegisterEpollTask
06-11 09:40:28.389   517   591 I C057ff/nStackXEpoll: PrintTaskInfo:[71] :task: 00******a1b418, task->epollfd: 45, task->taskfd: 64, task->readHandle: 00******a1b420
06-11 09:40:28.389   517   591 I C057ff/nStackXEpoll: RegisterEpollTask:[206] :RegisterEpollTask
06-11 09:40:28.389   517   591 I C057ff/nStackXEpoll: PrintTaskInfo:[71] :task: 00******a1b418, task->epollfd: 45, task->taskfd: 64, task->readHandle: 00******a1b420
06-11 09:40:28.749   664   723 E C01400/OHOS::RS: RsFrameReport:[loadSymbol]Get RSRenderStart symbol failed: do_dlsym failed: Symbol not found: RSRenderStart, version: null so=/system/lib64/platformsdk/libframe_ui_intf.z.so
06-11 09:40:28.750   664   723 E C01400/OHOS::RS: RsFrameReport:[RSRenderStart]load RSRenderStart function failed!
06-11 09:40:28.757   664   723 E C02515/DGLES: [unset_id@glv3_resource.cpp:75] id is bigger than bitmap_size, id: 824
06-11 09:40:28.757   664   723 E C02515/DGLES: [unset_id@glv3_resource.cpp:75] id is bigger than bitmap_size, id: 825
06-11 09:40:28.757   664   723 E C02515/DGLES: [unset_id@glv3_resource.cpp:75] id is bigger than bitmap_size, id: 826
06-11 09:40:28.757   664   723 E C02515/DGLES: [unset_id@glv3_resource.cpp:75] id is bigger than bitmap_size, id: 827
06-11 09:40:28.764   664   723 E C01400/OHOS::RS: RsFrameReport:[loadSymbol]Get RSRenderEnd symbol failed: do_dlsym failed: Symbol not found: RSRenderEnd, version: null so=/system/lib64/platformsdk/libframe_ui_intf.z.so
06-11 09:40:28.764   664   723 E C01400/OHOS::RS: RsFrameReport:[RSRenderEnd]load RSRenderEnd function failed!
06-11 09:40:28.765   503  3425 W C02510/DISP: [SetLayerMaskInfo:437] <private> is not supported
06-11 09:40:28.894   125  1330 I C02d10/HiViewSA-HiViewServiceAbilitySt: OnRemoteRequest: cmd = 1012, flags= 0
06-11 09:40:28.925  3062  4870 W C01719/ffrt: 52:~WorkerThread:72 to exit, qos[3]
06-11 09:40:28.996   126   126 I C02c11/APPSPAWN: [appspawn_kickdog.c:79]kick appspawn dog start
06-11 09:40:28.996   126   126 I C02c11/APPSPAWN: [appspawn_kickdog.c:47]OpenAppSpawnWatchdogFile
06-11 09:40:28.996   126   126 E C02c11/APPSPAWN: [appspawn_kickdog.c:29]open /proc/sys/hguard/user_list fail,errno:2
06-11 09:40:28.996   126   126 I C02c11/APPSPAWN: [appspawn_kickdog.c:57]open finish,result:-1
06-11 09:40:29.256   125  4770 E C02d66/Hiview-XPerformance: [InquiryOhImpl::ExtractStringValue] Canonical FilePath: /sys/class/ithermal/lpm/lpm_freq failed.
06-11 09:40:29.257   125  4770 E C02d66/Hiview-XPerformance: [InquiryOhImpl::ExtractStringValue] Canonical FilePath: /sys/class/power_supply/Battery/status failed.
06-11 09:40:29.260   664   723 E C01400/OHOS::RS: RsFrameReport:[loadSymbol]Get RSRenderStart symbol failed: do_dlsym failed: Symbol not found: RSRenderStart, version: null so=/system/lib64/platformsdk/libframe_ui_intf.z.so
06-11 09:40:29.260   664   723 E C01400/OHOS::RS: RsFrameReport:[RSRenderStart]load RSRenderStart function failed!
06-11 09:40:29.263   664   723 E C02515/DGLES: [unset_id@glv3_resource.cpp:75] id is bigger than bitmap_size, id: 828
06-11 09:40:29.263   664   723 E C02515/DGLES: [unset_id@glv3_resource.cpp:75] id is bigger than bitmap_size, id: 829
06-11 09:40:29.263   664   723 E C02515/DGLES: [unset_id@glv3_resource.cpp:75] id is bigger than bitmap_size, id: 830
06-11 09:40:29.263   664   723 E C02515/DGLES: [unset_id@glv3_resource.cpp:75] id is bigger than bitmap_size, id: 831
06-11 09:40:29.266   664   723 E C02515/DGLES: [d_eglSwapBuffers_special@egl_gpu.cpp:729] thread output size 839240 speed 812k/s API_num 406
06-11 09:40:29.267   664   723 E C01400/OHOS::RS: RsFrameReport:[loadSymbol]Get RSRenderEnd symbol failed: do_dlsym failed: Symbol not found: RSRenderEnd, version: null so=/system/lib64/platformsdk/libframe_ui_intf.z.so
06-11 09:40:29.267   664   723 E C01400/OHOS::RS: RsFrameReport:[RSRenderEnd]load RSRenderEnd function failed!
06-11 09:40:29.267   503  3425 W C02510/DISP: [SetLayerMaskInfo:437] <private> is not supported
06-11 09:40:29.386   517   591 I C057ff/nStackXEpoll: DeRegisterEpollTask:[230] :DeRegisterEpollTask
06-11 09:40:29.386   517   591 I C057ff/nStackXEpoll: PrintTaskInfo:[71] :task: 00******a1b418, task->epollfd: 45, task->taskfd: 64, task->readHandle: 00******a1b420
06-11 09:40:29.386   517   591 I C057ff/nStackXEpoll: RegisterEpollTask:[206] :RegisterEpollTask
06-11 09:40:29.386   517   591 I C057ff/nStackXEpoll: PrintTaskInfo:[71] :task: 00******a1b418, task->epollfd: 45, task->taskfd: 64, task->readHandle: 00******a1b420
06-11 09:40:29.472   121   837 I C01800/SAMGR: NF SA:65962,876_855
06-11 09:40:29.675   121   837 I C01800/SAMGR: NF SA:65962,876_856
06-11 09:40:29.777   664   723 E C01400/OHOS::RS: RsFrameReport:[loadSymbol]Get RSRenderStart symbol failed: do_dlsym failed: Symbol not found: RSRenderStart, version: null so=/system/lib64/platformsdk/libframe_ui_intf.z.so
06-11 09:40:29.777   664   723 E C01400/OHOS::RS: RsFrameReport:[RSRenderStart]load RSRenderStart function failed!
06-11 09:40:29.789   664   723 E C02515/DGLES: [unset_id@glv3_resource.cpp:75] id is bigger than bitmap_size, id: 832
06-11 09:40:29.789   664   723 E C02515/DGLES: [unset_id@glv3_resource.cpp:75] id is bigger than bitmap_size, id: 833
06-11 09:40:29.789   664   723 E C02515/DGLES: [unset_id@glv3_resource.cpp:75] id is bigger than bitmap_size, id: 834
06-11 09:40:29.789   664   723 E C02515/DGLES: [unset_id@glv3_resource.cpp:75] id is bigger than bitmap_size, id: 835
06-11 09:40:29.790   664   723 E C01400/OHOS::RS: RsFrameReport:[loadSymbol]Get RSRenderEnd symbol failed: do_dlsym failed: Symbol not found: RSRenderEnd, version: null so=/system/lib64/platformsdk/libframe_ui_intf.z.so
06-11 09:40:29.791   664   723 E C01400/OHOS::RS: RsFrameReport:[RSRenderEnd]load RSRenderEnd function failed!
06-11 09:40:29.791   503  3425 W C02510/DISP: [SetLayerMaskInfo:437] <private> is not supported
06-11 09:40:29.881   121   837 I C01800/SAMGR: NF SA:65962,876_857
06-11 09:40:30.083   121   837 I C01800/SAMGR: NF SA:65962,876_858
06-11 09:40:30.257  1398  1472 W C01719/ffrt: 30:RecordPollerInfo:323 3:78;
06-11 09:40:30.273   664   723 E C01400/OHOS::RS: RsFrameReport:[loadSymbol]Get RSRenderStart symbol failed: do_dlsym failed: Symbol not found: RSRenderStart, version: null so=/system/lib64/platformsdk/libframe_ui_intf.z.so
06-11 09:40:30.273   664   723 E C01400/OHOS::RS: RsFrameReport:[RSRenderStart]load RSRenderStart function failed!
06-11 09:40:30.279   664   723 E C02515/DGLES: [unset_id@glv3_resource.cpp:75] id is bigger than bitmap_size, id: 836
06-11 09:40:30.279   664   723 E C02515/DGLES: [unset_id@glv3_resource.cpp:75] id is bigger than bitmap_size, id: 837
06-11 09:40:30.279   664   723 E C02515/DGLES: [unset_id@glv3_resource.cpp:75] id is bigger than bitmap_size, id: 838
06-11 09:40:30.280   664   723 E C02515/DGLES: [unset_id@glv3_resource.cpp:75] id is bigger than bitmap_size, id: 839
06-11 09:40:30.282   664   723 E C02515/DGLES: [d_eglSwapBuffers_special@egl_gpu.cpp:729] thread output size 839240 speed 807k/s API_num 406
06-11 09:40:30.282   664   723 E C01400/OHOS::RS: RsFrameReport:[loadSymbol]Get RSRenderEnd symbol failed: do_dlsym failed: Symbol not found: RSRenderEnd, version: null so=/system/lib64/platformsdk/libframe_ui_intf.z.so
06-11 09:40:30.282   664   723 E C01400/OHOS::RS: RsFrameReport:[RSRenderEnd]load RSRenderEnd function failed!
06-11 09:40:30.287   121   837 I C01800/SAMGR: NF SA:65962,876_859
06-11 09:40:30.288   503  3425 W C02510/DISP: [SetLayerMaskInfo:437] <private> is not supported
06-11 09:40:30.354   254  4883 W C01719/ffrt: 387:FFRTQosApplyForOther:244 tid 4883, Interrupted system call, ret:-1, eno:4
06-11 09:40:30.354   254  4883 W C02948/ThermalAware: [thermal_aware_event_handler.cpp] there is no food for dog, rebind thermal service
06-11 09:40:30.354   254  4883 W C02948/ThermalAware: [temperature_collector.cpp] subscribe temperature list is empty
06-11 09:40:30.355   254  4883 W C02948/ThermalAware: [thermal_action_receiver.cpp] subscribe temperature list is empty
06-11 09:40:30.355   254  4883 E C02948/ThermalAware: [thermal_aware_event_handler.cpp] thermal service subscribe failed
06-11 09:40:30.356   254  4884 W C01719/ffrt: 388:FFRTQosApplyForOther:244 tid 4884, Interrupted system call, ret:-1, eno:4
06-11 09:40:30.386   517   591 I C057ff/nStackXEpoll: DeRegisterEpollTask:[230] :DeRegisterEpollTask
06-11 09:40:30.386   517   591 I C057ff/nStackXEpoll: PrintTaskInfo:[71] :task: 00******a1b418, task->epollfd: 45, task->taskfd: 64, task->readHandle: 00******a1b420
06-11 09:40:30.386   517   591 I C057ff/nStackXEpoll: RegisterEpollTask:[206] :RegisterEpollTask
06-11 09:40:30.386   517   591 I C057ff/nStackXEpoll: PrintTaskInfo:[71] :task: 00******a1b418, task->epollfd: 45, task->taskfd: 64, task->readHandle: 00******a1b420
06-11 09:40:30.394   543  1449 I C02986/DisplayPowerBrightness: lux=[0/465199, 0/465304, 0/465406, 0/465508, 0/465611, 0/465711, ], bDelta=5.000000, dDelta=1.000000, size=99
06-11 09:40:30.489   121   837 I C01800/SAMGR: NF SA:65962,876_860
06-11 09:40:30.509   293  4874 W C01719/ffrt: 298:~WorkerThread:72 to exit, qos[2]
06-11 09:40:30.511   293  4873 W C01719/ffrt: 299:~WorkerThread:72 to exit, qos[2]
06-11 09:40:30.690   121   837 I C01800/SAMGR: NF SA:65962,876_861
06-11 09:40:30.690   876   905 E C01810/SA_CLIENT: GetSaWrap SA:65962 not start
06-11 09:40:30.690   876   905 I C01409/APS_MANAGER: request system service object is not ready yet!
06-11 09:40:30.766   664   723 E C01400/OHOS::RS: RsFrameReport:[loadSymbol]Get RSRenderStart symbol failed: do_dlsym failed: Symbol not found: RSRenderStart, version: null so=/system/lib64/platformsdk/libframe_ui_intf.z.so
06-11 09:40:30.766   664   723 E C01400/OHOS::RS: RsFrameReport:[RSRenderStart]load RSRenderStart function failed!
06-11 09:40:30.777   664   723 E C02515/DGLES: [unset_id@glv3_resource.cpp:75] id is bigger than bitmap_size, id: 840
06-11 09:40:30.777   664   723 E C02515/DGLES: [unset_id@glv3_resource.cpp:75] id is bigger than bitmap_size, id: 841
06-11 09:40:30.777   664   723 E C02515/DGLES: [unset_id@glv3_resource.cpp:75] id is bigger than bitmap_size, id: 842
06-11 09:40:30.777   664   723 E C02515/DGLES: [unset_id@glv3_resource.cpp:75] id is bigger than bitmap_size, id: 843
06-11 09:40:30.780   664   723 E C01400/OHOS::RS: RsFrameReport:[loadSymbol]Get RSRenderEnd symbol failed: do_dlsym failed: Symbol not found: RSRenderEnd, version: null so=/system/lib64/platformsdk/libframe_ui_intf.z.so
06-11 09:40:30.780   664   723 E C01400/OHOS::RS: RsFrameReport:[RSRenderEnd]load RSRenderEnd function failed!
06-11 09:40:30.781   503  3425 W C02510/DISP: [SetLayerMaskInfo:437] <private> is not supported
06-11 09:40:31.062   125  4880 I C02d10/CpuCollector: CalculateProcessCpuStatInfos: startTime=1781142020903, endTime=1781142031062, startBootTime=456220, endBootTime=466378, period=10158
06-11 09:40:31.062   125  4880 I C02d10/CpuCollector: CollectProcessCpuStatInfos: collect process cpu statistics information size=187, isNeedUpdate=1
06-11 09:40:31.062   125  4880 W C02d10/HiView-MemCgProcess: GetMemCgProcesses: node not found
06-11 09:40:31.096   125  4880 W C02d10/UCollectUtil-CpuCalculator: CalculateCpuUsage: invalid params, currCpuUsage=50, lastCpuUsage=80, statPeriod=10154
06-11 09:40:31.096   125  4880 W C02d10/UCollectUtil-CpuCalculator: CalculateCpuUsage: invalid params, currCpuUsage=40, lastCpuUsage=120, statPeriod=10154
06-11 09:40:31.096   125  4880 W C02d10/UCollectUtil-CpuCalculator: CalculateCpuUsage: invalid params, currCpuUsage=0, lastCpuUsage=50, statPeriod=10154
06-11 09:40:31.126   379   409 I C02e03/QuickFixEngineService: [quick_fix_mgr_service_event_handler.cpp(UnloadServiceTask):66] UnloadServiceTask begin
06-11 09:40:31.126   379   409 I C02e03/QuickFixEngineService: [quick_fix_mgr_service_event_handler.cpp(CleanAppQuickfixTempColdDir):82] clear cold dir
06-11 09:40:31.128   121   837 I C01800/SAMGR: Scheduler SA:4102 unload start 379,0_1_2
06-11 09:40:31.128   121   837 I C01800/SAMGR: Scheduler SA:4102 proc delay unload event
06-11 09:40:31.129   121   837 I C01800/SAMGR: IdleSA:4102
06-11 09:40:31.134   379   409 I C01810/SAFWK: Idle-SA:4102
06-11 09:40:31.135   379   409 I C01810/SAFWK: OnIdle-SA:4102 end,spend:1ms
06-11 09:40:31.135   379   409 I C01810/SAFWK: IdleSaInner suc to Idle SA:4102,delayTime:0,spend:1ms
06-11 09:40:31.135   121   837 I C01800/SAMGR: Scheduler SA:4102 agree unload
06-11 09:40:31.135   121   837 I C01800/SAMGR: Scheduler SA:4102 unloadable
06-11 09:40:31.136   379   409 E C02d33/HitraceMeter: pid[379] first get g_tagsProperty: 5456538433256433664
06-11 09:40:31.137   121  4886 W C01719/ffrt: 245:FFRTQosApplyForOther:244 tid 4886, Interrupted system call, ret:-1, eno:4
06-11 09:40:31.138   121  4886 I C01800/SAMGR: Scheduler proc:quickfix_engine unload all SA
06-11 09:40:31.138   121  4886 I C01800/SAMGR: Scheduler SA:4102 unload start
06-11 09:40:31.138   121  4886 I C01800/SAMGR: StopSA:4102
06-11 09:40:31.138   379   379 I C01810/SAFWK: StopSa recv stop SA:4102 req
06-11 09:40:31.138   121  4886 I C01800/SAMGR: Scheduler SA:4102 unloading
06-11 09:40:31.138   379   379 I C01810/SAFWK: StopSaInner suc to stop SA:4102,eventLen:57,spend:0ms
06-11 09:40:31.138   121  4886 I C01800/SAMGR: Scheduler proc:quickfix_engine state 1 to 2
06-11 09:40:31.138   121  4886 I C01800/SAMGR: Scheduler proc:quickfix_engine stopping
06-11 09:40:31.139   379  4887 I C01810/SAFWK: Stop-SA:4102
06-11 09:40:31.139   379  4887 I C02e03/QuickFixEngineService: [quick_fix_mgr_service.cpp(OnStop):76] onstop is called
06-11 09:40:31.139   379  4887 I C02e03/QuickFixEngineService: [quick_fix_mgr_service.cpp(SelfClean):215] SelfClean
06-11 09:40:31.139   379  4887 I C01810/SAFWK: Stop OnStop-SA:4102 finished,spend:0ms
06-11 09:40:31.140   121   837 I C01800/SAMGR: rm SA:4102_121
06-11 09:40:31.140   121   837 I C01800/SAMGR: Scheduler SA:4102 handle unload suc event
06-11 09:40:31.140   121   837 I C01800/SAMGR: Scheduler SA:4102 not loaded
06-11 09:40:31.143   379  4887 I C01810/SAFWK: Stop suc to rm SA:4102,spend:4ms
06-11 09:40:31.144   121  4888 W C01719/ffrt: 246:FFRTQosApplyForOther:244 tid 4888, Interrupted system call, ret:-1, eno:4
06-11 09:40:31.144   121  4888 I C01800/SAMGR: FindSaNotify SA:4102,4_93
06-11 09:40:31.144   121  4888 I C01800/SAMGR: Scheduler proc:quickfix_engine,SA num:1,notloaded num:1
06-11 09:40:31.145   121  4890 W C01719/ffrt: 247:FFRTQosApplyForOther:244 tid 4890, Interrupted system call, ret:-1, eno:4
06-11 09:40:31.147   121  4889 W C01719/ffrt: 248:FFRTQosApplyForOther:244 tid 4889, Interrupted system call, ret:-1, eno:4
06-11 09:40:31.158   121  4891 W C01719/ffrt: 249:FFRTQosApplyForOther:244 tid 4891, Interrupted system call, ret:-1, eno:4
06-11 09:40:31.159   121  4886 I C02c02/PARAM: [param_request.c:208]SystemSetParameter name persist.samgr.cache.sa msgid:184  ret: 0 
06-11 09:40:31.162   121  4888 I C02c02/PARAM: [param_request.c:208]SystemSetParameter name ohos.ctl.stop msgid:185  ret: 0 
06-11 09:40:31.167   121  4888 I C01800/SAMGR: Scheduler proc:quickfix_engine kill pid:379,6701_0_18ms
06-11 09:40:31.168   124   547 I C02c03/PARAM_WATCHER: [watcher_manager.cpp:254]ProcessParameterChange key 'startup.service.ctl.*' pid: 125
06-11 09:40:31.168   124   547 I C02c03/PARAM_WATCHER: [watcher_manager.cpp:254]ProcessParameterChange key 'startup.service.ctl.*' pid: 125
06-11 09:40:31.169   124   547 I C02c03/PARAM_WATCHER: [watcher_manager.cpp:254]ProcessParameterChange key 'startup.service.ctl.*' pid: 125
06-11 09:40:31.169   124   547 I C02c03/PARAM_WATCHER: [watcher_manager.cpp:254]ProcessParameterChange key 'startup.service.ctl.*' pid: 125
06-11 09:40:31.169   125  4879 I C02da0/FaultLeakDetectorManager: NotifyProcessDied: NotifyProcessDied process:quickfix_engine:379
06-11 09:40:31.171   121  1066 W C057c2/IPCObjectProxy: SendObituary 535: handle:110 desc:*.ISystemAbilityStatusChange 2682607232
06-11 09:40:31.171   121   837 W C057c2/IPCObjectProxy: SendObituary 535: handle:109 desc:*.ISystemAbilityStatusChange 2682600064
06-11 09:40:31.171   121   566 W C057c2/IPCObjectProxy: SendObituary 535: handle:103 desc:*.accessToken 2682599616
06-11 09:40:31.171   121  1066 I C01800/SAMGR: rm SAListener 379,10
06-11 09:40:31.171   121   566 I C01800/SAMGR: rm DeadProc:quickfix_engine,60
06-11 09:40:31.171   121   566 I C01800/SAMGR: Scheduler proc:quickfix_engine handle stopped event
06-11 09:40:31.171   121   566 I C01800/SAMGR: Scheduler proc:quickfix_engine state 2 to 0
06-11 09:40:31.171   121   566 I C01800/SAMGR: Scheduler proc:quickfix_engine stopped
06-11 09:40:31.171   121   566 I C01800/SAMGR: Scheduler SA:4102 state current 0 is same as next 0
06-11 09:40:31.173   121   837 I C01800/SAMGR: rm SAListener 379,15
06-11 09:40:31.275   664   723 E C01400/OHOS::RS: RsFrameReport:[loadSymbol]Get RSRenderStart symbol failed: do_dlsym failed: Symbol not found: RSRenderStart, version: null so=/system/lib64/platformsdk/libframe_ui_intf.z.so
06-11 09:40:31.275   664   723 E C01400/OHOS::RS: RsFrameReport:[RSRenderStart]load RSRenderStart function failed!
06-11 09:40:31.278   664   723 E C02515/DGLES: [unset_id@glv3_resource.cpp:75] id is bigger than bitmap_size, id: 844
06-11 09:40:31.278   664   723 E C02515/DGLES: [unset_id@glv3_resource.cpp:75] id is bigger than bitmap_size, id: 845
06-11 09:40:31.278   664   723 E C02515/DGLES: [unset_id@glv3_resource.cpp:75] id is bigger than bitmap_size, id: 846
06-11 09:40:31.278   664   723 E C02515/DGLES: [unset_id@glv3_resource.cpp:75] id is bigger than bitmap_size, id: 847
06-11 09:40:31.283   664   723 E C02515/DGLES: [d_eglSwapBuffers_special@egl_gpu.cpp:729] thread output size 839240 speed 819k/s API_num 406
06-11 09:40:31.283   664   723 E C01400/OHOS::RS: RsFrameReport:[loadSymbol]Get RSRenderEnd symbol failed: do_dlsym failed: Symbol not found: RSRenderEnd, version: null so=/system/lib64/platformsdk/libframe_ui_intf.z.so
06-11 09:40:31.283   664   723 E C01400/OHOS::RS: RsFrameReport:[RSRenderEnd]load RSRenderEnd function failed!
06-11 09:40:31.283   503  3425 W C02510/DISP: [SetLayerMaskInfo:437] <private> is not supported
06-11 09:40:31.386   517   591 I C057ff/nStackXEpoll: DeRegisterEpollTask:[230] :DeRegisterEpollTask
06-11 09:40:31.386   517   591 I C057ff/nStackXEpoll: PrintTaskInfo:[71] :task: 00******a1b418, task->epollfd: 45, task->taskfd: 64, task->readHandle: 00******a1b420
06-11 09:40:31.386   517   591 I C057ff/nStackXEpoll: RegisterEpollTask:[206] :RegisterEpollTask
06-11 09:40:31.386   517   591 I C057ff/nStackXEpoll: PrintTaskInfo:[71] :task: 00******a1b418, task->epollfd: 45, task->taskfd: 64, task->readHandle: 00******a1b420
06-11 09:40:31.429  1524  1557 W C01719/ffrt: 34:RecordPollerInfo:323 3:81;
06-11 09:40:31.618  1532  1589 W C01719/ffrt: 48:RecordPollerInfo:323 3:93;
06-11 09:40:31.756   664   723 E C01400/OHOS::RS: RsFrameReport:[loadSymbol]Get RSRenderStart symbol failed: do_dlsym failed: Symbol not found: RSRenderStart, version: null so=/system/lib64/platformsdk/libframe_ui_intf.z.so
06-11 09:40:31.756   664   723 E C01400/OHOS::RS: RsFrameReport:[RSRenderStart]load RSRenderStart function failed!
06-11 09:40:31.760   664   723 E C02515/DGLES: [unset_id@glv3_resource.cpp:75] id is bigger than bitmap_size, id: 848
06-11 09:40:31.760   664   723 E C02515/DGLES: [unset_id@glv3_resource.cpp:75] id is bigger than bitmap_size, id: 849
06-11 09:40:31.760   664   723 E C02515/DGLES: [unset_id@glv3_resource.cpp:75] id is bigger than bitmap_size, id: 850
06-11 09:40:31.760   664   723 E C02515/DGLES: [unset_id@glv3_resource.cpp:75] id is bigger than bitmap_size, id: 851
06-11 09:40:31.765   664   723 E C01400/OHOS::RS: RsFrameReport:[loadSymbol]Get RSRenderEnd symbol failed: do_dlsym failed: Symbol not found: RSRenderEnd, version: null so=/system/lib64/platformsdk/libframe_ui_intf.z.so
06-11 09:40:31.765   664   723 E C01400/OHOS::RS: RsFrameReport:[RSRenderEnd]load RSRenderEnd function failed!
06-11 09:40:31.765   503  3425 W C02510/DISP: [SetLayerMaskInfo:437] <private> is not supported
06-11 09:40:31.772   664   723 E C01400/OHOS::RS: RsFrameReport:[loadSymbol]Get RSRenderStart symbol failed: do_dlsym failed: Symbol not found: RSRenderStart, version: null so=/system/lib64/platformsdk/libframe_ui_intf.z.so
06-11 09:40:31.772   664   723 E C01400/OHOS::RS: RsFrameReport:[RSRenderStart]load RSRenderStart function failed!
06-11 09:40:31.774   664   723 E C02515/DGLES: [unset_id@glv3_resource.cpp:75] id is bigger than bitmap_size, id: 852
06-11 09:40:31.774   664   723 E C02515/DGLES: [unset_id@glv3_resource.cpp:75] id is bigger than bitmap_size, id: 853
06-11 09:40:31.774   664   723 E C02515/DGLES: [unset_id@glv3_resource.cpp:75] id is bigger than bitmap_size, id: 854
06-11 09:40:31.774   664   723 E C02515/DGLES: [unset_id@glv3_resource.cpp:75] id is bigger than bitmap_size, id: 855
06-11 09:40:31.779   664   723 E C01400/OHOS::RS: RsFrameReport:[loadSymbol]Get RSRenderEnd symbol failed: do_dlsym failed: Symbol not found: RSRenderEnd, version: null so=/system/lib64/platformsdk/libframe_ui_intf.z.so
06-11 09:40:31.779   664   723 E C01400/OHOS::RS: RsFrameReport:[RSRenderEnd]load RSRenderEnd function failed!
06-11 09:40:31.779   503  3425 W C02510/DISP: [SetLayerMaskInfo:437] <private> is not supported
06-11 09:40:32.286   664   723 E C01400/OHOS::RS: RsFrameReport:[loadSymbol]Get RSRenderStart symbol failed: do_dlsym failed: Symbol not found: RSRenderStart, version: null so=/system/lib64/platformsdk/libframe_ui_intf.z.so
06-11 09:40:32.287   664   723 E C01400/OHOS::RS: RsFrameReport:[RSRenderStart]load RSRenderStart function failed!
06-11 09:40:32.293   664   723 E C02515/DGLES: [unset_id@glv3_resource.cpp:75] id is bigger than bitmap_size, id: 856
06-11 09:40:32.293   664   723 E C02515/DGLES: [unset_id@glv3_resource.cpp:75] id is bigger than bitmap_size, id: 857
06-11 09:40:32.293   664   723 E C02515/DGLES: [unset_id@glv3_resource.cpp:75] id is bigger than bitmap_size, id: 858
06-11 09:40:32.293   664   723 E C02515/DGLES: [unset_id@glv3_resource.cpp:75] id is bigger than bitmap_size, id: 859
06-11 09:40:32.297   664   723 E C02515/DGLES: [d_eglSwapBuffers_special@egl_gpu.cpp:729] thread output size 1259682 speed 1212k/s API_num 617
06-11 09:40:32.297   664   723 E C01400/OHOS::RS: RsFrameReport:[loadSymbol]Get RSRenderEnd symbol failed: do_dlsym failed: Symbol not found: RSRenderEnd, version: null so=/system/lib64/platformsdk/libframe_ui_intf.z.so
06-11 09:40:32.297   664   723 E C01400/OHOS::RS: RsFrameReport:[RSRenderEnd]load RSRenderEnd function failed!
06-11 09:40:32.298   503  3425 W C02510/DISP: [SetLayerMaskInfo:437] <private> is not supported
06-11 09:40:32.333   963  4876 W C01719/ffrt: 201:~WorkerThread:72 to exit, qos[2]
06-11 09:40:32.335   963  4875 W C01719/ffrt: 202:~WorkerThread:72 to exit, qos[2]
06-11 09:40:32.387   517   591 I C057ff/nStackXEpoll: DeRegisterEpollTask:[230] :DeRegisterEpollTask
06-11 09:40:32.387   517   591 I C057ff/nStackXEpoll: PrintTaskInfo:[71] :task: 00******a1b418, task->epollfd: 45, task->taskfd: 64, task->readHandle: 00******a1b420
06-11 09:40:32.387   517   591 I C057ff/nStackXEpoll: RegisterEpollTask:[206] :RegisterEpollTask
06-11 09:40:32.387   517   591 I C057ff/nStackXEpoll: PrintTaskInfo:[71] :task: 00******a1b418, task->epollfd: 45, task->taskfd: 64, task->readHandle: 00******a1b420
06-11 09:40:32.460   543  1449 I C02986/DisplayPowerBrightness: lux=[0/467257, 0/467362, 0/467465, 0/467568, 0/467671, 0/467777, ], bDelta=5.000000, dDelta=1.000000, size=99
06-11 09:40:32.534   125  4877 W C01719/ffrt: 491:~WorkerThread:72 to exit, qos[2]
06-11 09:40:32.693   121   837 I C01800/SAMGR: NF SA:65962,876_862
06-11 09:40:32.781   664   723 E C01400/OHOS::RS: RsFrameReport:[loadSymbol]Get RSRenderStart symbol failed: do_dlsym failed: Symbol not found: RSRenderStart, version: null so=/system/lib64/platformsdk/libframe_ui_intf.z.so
06-11 09:40:32.781   664   723 E C01400/OHOS::RS: RsFrameReport:[RSRenderStart]load RSRenderStart function failed!
06-11 09:40:32.784   664   723 E C02515/DGLES: [unset_id@glv3_resource.cpp:75] id is bigger than bitmap_size, id: 860
06-11 09:40:32.784   664   723 E C02515/DGLES: [unset_id@glv3_resource.cpp:75] id is bigger than bitmap_size, id: 861
06-11 09:40:32.784   664   723 E C02515/DGLES: [unset_id@glv3_resource.cpp:75] id is bigger than bitmap_size, id: 862
06-11 09:40:32.784   664   723 E C02515/DGLES: [unset_id@glv3_resource.cpp:75] id is bigger than bitmap_size, id: 863
06-11 09:40:32.787   664   723 E C01400/OHOS::RS: RsFrameReport:[loadSymbol]Get RSRenderEnd symbol failed: do_dlsym failed: Symbol not found: RSRenderEnd, version: null so=/system/lib64/platformsdk/libframe_ui_intf.z.so
06-11 09:40:32.787   664   723 E C01400/OHOS::RS: RsFrameReport:[RSRenderEnd]load RSRenderEnd function failed!
06-11 09:40:32.788   503  3425 W C02510/DISP: [SetLayerMaskInfo:437] <private> is not supported
06-11 09:40:32.894   121   837 I C01800/SAMGR: NF SA:65962,876_863
06-11 09:40:32.994   125  4878 W C01719/ffrt: 492:~WorkerThread:72 to exit, qos[2]
06-11 09:40:33.099   121   837 I C01800/SAMGR: NF SA:65962,876_864
06-11 09:40:33.242   664   777 I C01400/Vsync: ThreadMain: <private>_DisableVSync, there is no valid connections
06-11 09:40:33.482   517   591 I C057ff/nStackXEpoll: DeRegisterEpollTask:[230] :DeRegisterEpollTask
06-11 09:40:33.609   517   591 I C057ff/nStackXEpoll: PrintTaskInfo:[71] :task: 00******a1b418, task->epollfd: 45, task->taskfd: 64, task->readHandle: 00******a1b420
06-11 09:40:33.609   664   777 I C01400/Vsync: ThreadMain: <private>_DisableVSync, there is no valid connections
06-11 09:40:33.621   517   591 I C057ff/nStackXEpoll: RegisterEpollTask:[206] :RegisterEpollTask
06-11 09:40:33.622   517   591 I C057ff/nStackXEpoll: PrintTaskInfo:[71] :task: 00******a1b418, task->epollfd: 45, task->taskfd: 64, task->readHandle: 00******a1b420
06-11 09:40:33.634   121   837 I C01800/SAMGR: NF SA:65962,876_865
06-11 09:40:33.638   125   669 W C02d10/HiView-SysEventSource: IsValidSysEvent: type defined for event[ACE|JANK_FRAME_UNFILTERED|1781142033626] is invalid.
06-11 09:40:33.639   478   663 W C02943/ThermalHdi: get node failed
06-11 09:40:33.640   478   663 W C02943/ThermalHdi: get node failed
06-11 09:40:33.640   478   663 W C02943/ThermalHdi: get node failed
06-11 09:40:33.642   125   669 W C02d10/HiView-SysEventSource: IsValidSysEvent: type defined for event[ACE|JANK_FRAME_FILTERED|1781142033639] is invalid.
06-11 09:40:33.643  3062  3362 I C02d06/XCollie: ThreadSampler 1st in ThreadSamplerTask.
06-11 09:40:33.659   664   777 I C01400/Vsync: ThreadMain: <private>_DisableVSync, there is no valid connections
06-11 09:40:33.661  3062  3062 I C02d06/XCollie: MainThread StartProfileMainThread ret: 0 durationTime: 157 ms sampleInterval: 150
06-11 09:40:33.682   664   723 E C01400/OHOS::RS: RsFrameReport:[loadSymbol]Get RSRenderStart symbol failed: do_dlsym failed: Symbol not found: RSRenderStart, version: null so=/system/lib64/platformsdk/libframe_ui_intf.z.so
06-11 09:40:33.682   664   723 E C01400/OHOS::RS: RsFrameReport:[RSRenderStart]load RSRenderStart function failed!
06-11 09:40:33.714   664   777 I C01400/Vsync: ThreadMain: <private>_DisableVSync, there is no valid connections
06-11 09:40:33.717  3062  3362 I C02d06/XCollie: Create ThreadSampler.
06-11 09:40:33.721  3062  3362 E C02d06/XCollie: ThreadSampler has been successfully loaded.
06-11 09:40:33.733   664   723 E C02515/DGLES: [unset_id@glv3_resource.cpp:75] id is bigger than bitmap_size, id: 864
06-11 09:40:33.733   664   723 E C02515/DGLES: [unset_id@glv3_resource.cpp:75] id is bigger than bitmap_size, id: 865
06-11 09:40:33.733   664   723 E C02515/DGLES: [unset_id@glv3_resource.cpp:75] id is bigger than bitmap_size, id: 866
06-11 09:40:33.733   664   723 E C02515/DGLES: [unset_id@glv3_resource.cpp:75] id is bigger than bitmap_size, id: 867
06-11 09:40:33.737   664   723 E C02515/DGLES: [d_eglSwapBuffers_special@egl_gpu.cpp:729] thread output size 839240 speed 569k/s API_num 406
06-11 09:40:33.738   664   723 E C01400/OHOS::RS: RsFrameReport:[loadSymbol]Get RSRenderEnd symbol failed: do_dlsym failed: Symbol not found: RSRenderEnd, version: null so=/system/lib64/platformsdk/libframe_ui_intf.z.so
06-11 09:40:33.738   664   723 E C01400/OHOS::RS: RsFrameReport:[RSRenderEnd]load RSRenderEnd function failed!
06-11 09:40:33.739   664   777 I C01400/Vsync: ThreadMain: <private>_DisableVSync, there is no valid connections
06-11 09:40:33.739   503  3425 W C02510/DISP: [SetLayerMaskInfo:437] <private> is not supported
06-11 09:40:33.785  3062  3362 I C02d06/XCollie: Thread sampler initialized. ret 0
06-11 09:40:33.823  3062  3362 I C02d06/XCollie: Destroy ThreadSampler.
06-11 09:40:33.826  3062  3362 I C02d06/XCollie: Detect sample stack task complete.
06-11 09:40:33.840   121   837 I C01800/SAMGR: NF SA:65962,876_866
06-11 09:40:33.842   664   723 E C01400/OHOS::RS: RsFrameReport:[loadSymbol]Get RSRenderStart symbol failed: do_dlsym failed: Symbol not found: RSRenderStart, version: null so=/system/lib64/platformsdk/libframe_ui_intf.z.so
06-11 09:40:33.842   664   723 E C01400/OHOS::RS: RsFrameReport:[RSRenderStart]load RSRenderStart function failed!
06-11 09:40:33.853   664   723 E C02515/DGLES: [unset_id@glv3_resource.cpp:75] id is bigger than bitmap_size, id: 868
06-11 09:40:33.854   664   723 E C02515/DGLES: [unset_id@glv3_resource.cpp:75] id is bigger than bitmap_size, id: 869
06-11 09:40:33.854   664   723 E C02515/DGLES: [unset_id@glv3_resource.cpp:75] id is bigger than bitmap_size, id: 870
06-11 09:40:33.854   664   723 E C02515/DGLES: [unset_id@glv3_resource.cpp:75] id is bigger than bitmap_size, id: 871
06-11 09:40:33.877   664   723 E C01400/OHOS::RS: RsFrameReport:[loadSymbol]Get RSRenderEnd symbol failed: do_dlsym failed: Symbol not found: RSRenderEnd, version: null so=/system/lib64/platformsdk/libframe_ui_intf.z.so
06-11 09:40:33.877   664   723 E C01400/OHOS::RS: RsFrameReport:[RSRenderEnd]load RSRenderEnd function failed!
06-11 09:40:33.904   503  3425 W C02510/DISP: [SetLayerMaskInfo:437] <private> is not supported
06-11 09:40:34.047   121   837 I C01800/SAMGR: NF SA:65962,876_867
06-11 09:40:34.548   664   777 I C01400/Vsync: ThreadMain: <private>_DisableVSync, there is no valid connections
06-11 09:40:34.568   517   591 I C057ff/nStackXEpoll: DeRegisterEpollTask:[230] :DeRegisterEpollTask
06-11 09:40:34.568   517   591 I C057ff/nStackXEpoll: PrintTaskInfo:[71] :task: 00******a1b418, task->epollfd: 45, task->taskfd: 64, task->readHandle: 00******a1b420
06-11 09:40:34.568   517   591 I C057ff/nStackXEpoll: RegisterEpollTask:[206] :RegisterEpollTask
06-11 09:40:34.568   517   591 I C057ff/nStackXEpoll: PrintTaskInfo:[71] :task: 00******a1b418, task->epollfd: 45, task->taskfd: 64, task->readHandle: 00******a1b420
06-11 09:40:34.659   121   837 I C01800/SAMGR: NF SA:65962,876_868
06-11 09:40:34.660   543  4398 I C02986/DisplayPowerBrightness: lux=[0/468635, 0/469056, 0/469159, 0/469261, 0/469366, 0/469976, ], bDelta=5.000000, dDelta=1.000000, size=91
06-11 09:40:34.912   664   777 I C01400/Vsync: ThreadMain: <private>_DisableVSync, there is no valid connections
06-11 09:40:34.744   876   905 E C01810/SA_CLIENT: GetSaWrap SA:65962 not start
06-11 09:40:34.949  2704  2704 I C01201/EventQueueBase: execute observer callback task consumer: 325, stage: 8
06-11 09:40:34.951  3062  3062 I C02d06/XCollie: MainThread StartProfileMainThread ret: 0 durationTime: 317 ms sampleInterval: 150
06-11 09:40:34.957   664   777 I C01400/Vsync: ThreadMain: <private>_DisableVSync, there is no valid connections
06-11 09:40:34.958   125   669 W C02d10/HiView-SysEventSource: IsValidSysEvent: type defined for event[ACE|JANK_FRAME_UNFILTERED|1781142034950] is invalid.
06-11 09:40:34.959   125   669 W C02d10/HiView-SysEventSource: IsValidSysEvent: type defined for event[ACE|JANK_FRAME_FILTERED|1781142034951] is invalid.
06-11 09:40:34.959   876   905 I C01409/APS_MANAGER: request system service object is not ready yet!
06-11 09:40:34.962   125  4872 E C02d66/Hiview-XPerformance: [InquiryOhImpl::ExtractStringValue] Canonical FilePath: /sys/class/ithermal/lpm/lpm_freq failed.
06-11 09:40:34.963  3062  3362 I C02d06/XCollie: ThreadSampler 1st in ThreadSamplerTask.
06-11 09:40:34.962   125  4872 E C02d66/Hiview-XPerformance: [InquiryOhImpl::ExtractStringValue] Canonical FilePath: /sys/class/power_supply/Battery/status failed.
06-11 09:40:34.967  3062  3362 I C02d06/XCollie: Create ThreadSampler.
06-11 09:40:34.967  3062  3362 E C02d06/XCollie: ThreadSampler has been successfully loaded.
06-11 09:40:34.988  3062  3362 I C02d06/XCollie: Thread sampler initialized. ret 0
06-11 09:40:34.994   664   723 E C01400/OHOS::RS: RsFrameReport:[loadSymbol]Get RSRenderStart symbol failed: do_dlsym failed: Symbol not found: RSRenderStart, version: null so=/system/lib64/platformsdk/libframe_ui_intf.z.so
06-11 09:40:34.994   664   723 E C01400/OHOS::RS: RsFrameReport:[RSRenderStart]load RSRenderStart function failed!
06-11 09:40:35.056  1709  1729 W C01719/ffrt: 33:RecordPollerInfo:323 3:78;
06-11 09:40:35.058   664   723 E C02515/DGLES: [unset_id@glv3_resource.cpp:75] id is bigger than bitmap_size, id: 872
06-11 09:40:35.058   664   723 E C02515/DGLES: [unset_id@glv3_resource.cpp:75] id is bigger than bitmap_size, id: 873
06-11 09:40:35.058   664   723 E C02515/DGLES: [unset_id@glv3_resource.cpp:75] id is bigger than bitmap_size, id: 874
06-11 09:40:35.058   664   723 E C02515/DGLES: [unset_id@glv3_resource.cpp:75] id is bigger than bitmap_size, id: 875
06-11 09:40:35.061   664   723 E C02515/DGLES: [d_eglSwapBuffers_special@egl_gpu.cpp:729] thread output size 839240 speed 618k/s API_num 406
06-11 09:40:35.062   664   723 E C01400/OHOS::RS: RsFrameReport:[loadSymbol]Get RSRenderEnd symbol failed: do_dlsym failed: Symbol not found: RSRenderEnd, version: null so=/system/lib64/platformsdk/libframe_ui_intf.z.so
06-11 09:40:35.062   664   723 E C01400/OHOS::RS: RsFrameReport:[RSRenderEnd]load RSRenderEnd function failed!
06-11 09:40:35.074   664   777 I C01400/Vsync: ThreadMain: <private>_DisableVSync, there is no valid connections
06-11 09:40:35.095   503   762 W C02510/DISP: [SetLayerMaskInfo:437] <private> is not supported
06-11 09:40:35.176  3062  3362 I C02d06/XCollie: Destroy ThreadSampler.
06-11 09:40:35.180  3062  3362 I C02d06/XCollie: Detect sample stack task complete.
06-11 09:40:35.233   664   777 I C01400/Vsync: ThreadMain: <private>_DisableVSync, there is no valid connections
06-11 09:40:35.267   664   723 E C01400/OHOS::RS: RsFrameReport:[loadSymbol]Get RSRenderStart symbol failed: do_dlsym failed: Symbol not found: RSRenderStart, version: null so=/system/lib64/platformsdk/libframe_ui_intf.z.so
06-11 09:40:35.267   664   723 E C01400/OHOS::RS: RsFrameReport:[RSRenderStart]load RSRenderStart function failed!
06-11 09:40:35.397   517   591 I C057ff/nStackXEpoll: DeRegisterEpollTask:[230] :DeRegisterEpollTask
06-11 09:40:35.397   517   591 I C057ff/nStackXEpoll: PrintTaskInfo:[71] :task: 00******a1b418, task->epollfd: 45, task->taskfd: 64, task->readHandle: 00******a1b420
06-11 09:40:35.397   517   591 I C057ff/nStackXEpoll: RegisterEpollTask:[206] :RegisterEpollTask
06-11 09:40:35.397   517   591 I C057ff/nStackXEpoll: PrintTaskInfo:[71] :task: 00******a1b418, task->epollfd: 45, task->taskfd: 64, task->readHandle: 00******a1b420
06-11 09:40:35.398   664   777 I C01400/Vsync: ThreadMain: <private>_DisableVSync, there is no valid connections
06-11 09:40:35.399   254  4884 W C01719/ffrt: 389:~WorkerThread:72 to exit, qos[2]
06-11 09:40:35.399   664   723 E C02515/DGLES: [unset_id@glv3_resource.cpp:75] id is bigger than bitmap_size, id: 876
06-11 09:40:35.400   664   723 E C02515/DGLES: [unset_id@glv3_resource.cpp:75] id is bigger than bitmap_size, id: 877
06-11 09:40:35.400   254  4883 W C01719/ffrt: 390:~WorkerThread:72 to exit, qos[2]
06-11 09:40:35.400   664   723 E C02515/DGLES: [unset_id@glv3_resource.cpp:75] id is bigger than bitmap_size, id: 878
06-11 09:40:35.400   664   723 E C02515/DGLES: [unset_id@glv3_resource.cpp:75] id is bigger than bitmap_size, id: 879
06-11 09:40:35.404   664   723 E C01400/OHOS::RS: RsFrameReport:[loadSymbol]Get RSRenderEnd symbol failed: do_dlsym failed: Symbol not found: RSRenderEnd, version: null so=/system/lib64/platformsdk/libframe_ui_intf.z.so
06-11 09:40:35.404   664   723 E C01400/OHOS::RS: RsFrameReport:[RSRenderEnd]load RSRenderEnd function failed!
06-11 09:40:35.404   664   723 W C01406/OHOS::RS: RSJankStats::SetJankStats jank frames 8
06-11 09:40:35.416   503   762 W C02510/DISP: [SetLayerMaskInfo:437] <private> is not supported
06-11 09:40:35.713   125  4881 W C01719/ffrt: 493:~WorkerThread:72 to exit, qos[2]
06-11 09:40:35.750   664   777 I C01400/Vsync: ThreadMain: <private>_DisableVSync, there is no valid connections
06-11 09:40:35.751   293  4895 W C01719/ffrt: 300:FFRTQosApplyForOther:244 tid 4895, Interrupted system call, ret:-1, eno:4
06-11 09:40:35.756   293  4895 E C01f04/CoreService: [GetSimAccountInfo-(multi_sim_controller.cpp:700)] MultiSimController::GetSimAccountInfo failed by out of range
06-11 09:40:35.757   293  4895 E C01f04/CoreService: [GetSimId-(sim_manager.cpp:623)] GetSimAccountInfo fail!
06-11 09:40:35.782   293  4895 I C01f03/CellularData: [OnStallDetectionTimer-(data_connection_monitor.cpp:97)] stallDetectionPeriod = 10000
06-11 09:40:35.788   293  4896 W C01719/ffrt: 301:FFRTQosApplyForOther:244 tid 4896, Interrupted system call, ret:-1, eno:4
06-11 09:40:35.809   664   723 E C01400/OHOS::RS: RsFrameReport:[loadSymbol]Get RSRenderStart symbol failed: do_dlsym failed: Symbol not found: RSRenderStart, version: null so=/system/lib64/platformsdk/libframe_ui_intf.z.so
06-11 09:40:35.809   664   723 E C01400/OHOS::RS: RsFrameReport:[RSRenderStart]load RSRenderStart function failed!
06-11 09:40:35.826   664   723 E C02515/DGLES: [unset_id@glv3_resource.cpp:75] id is bigger than bitmap_size, id: 880
06-11 09:40:35.826   664   723 E C02515/DGLES: [unset_id@glv3_resource.cpp:75] id is bigger than bitmap_size, id: 881
06-11 09:40:35.826   664   723 E C02515/DGLES: [unset_id@glv3_resource.cpp:75] id is bigger than bitmap_size, id: 882
06-11 09:40:35.826   664   723 E C02515/DGLES: [unset_id@glv3_resource.cpp:75] id is bigger than bitmap_size, id: 883
06-11 09:40:35.839   664   723 E C01400/OHOS::RS: RsFrameReport:[loadSymbol]Get RSRenderEnd symbol failed: do_dlsym failed: Symbol not found: RSRenderEnd, version: null so=/system/lib64/platformsdk/libframe_ui_intf.z.so
06-11 09:40:35.839   664   723 E C01400/OHOS::RS: RsFrameReport:[RSRenderEnd]load RSRenderEnd function failed!
06-11 09:40:35.840   503   762 W C02510/DISP: [SetLayerMaskInfo:437] <private> is not supported
06-11 09:40:35.847   788  1784 I C02b02/CAMERA_DPS: {operator()():800} PhotoPostProcessor Watchdog executed, handle: 43
06-11 09:40:35.847   788  1784 I C02b02/CAMERA_DPS: {ConnectServiceIfNecessary():731} entered.
06-11 09:40:35.856   118   122 E C02510/devsvc_manager_stub: StubGetService service camera_image_process_service not found
06-11 09:40:35.859   788  1784 E C057c2/IPCObjectProxy: SendRequest 168: failed, handle:13 error:-1 desc:*.V1_0 proxy:2373113536 time:471176596264
06-11 09:40:35.859   788  1784 E C02510/hdi_servmgr_client: get hdi service camera_image_process_service failed, -1
06-11 09:40:35.859   788  1784 E C02510/image_process_service_proxy: Get:get remote object failed!
06-11 09:40:35.859   788  1784 I C02b02/CAMERA_DPS: {ConnectServiceIfNecessary():743} Failed to CreateImageProcessSession
06-11 09:40:35.859   788  1784 I C02b02/CAMERA_DPS: {ScheduleConnectService():794} entered.
06-11 09:40:35.860   788  1784 I C02b02/CAMERA_DPS: {StartMonitor():57} (DPSGlobalWatchdog) handle = 44
06-11 09:40:35.860   788  1784 I C02b02/CAMERA_DPS: {ScheduleConnectService():803} PhotoPostProcessor Watchdog registered, handle: 44
06-11 09:40:35.976   664   777 I C01400/Vsync: ThreadMain: <private>_DisableVSync, there is no valid connections
06-11 09:40:36.045   664   777 I C01400/Vsync: ThreadMain: <private>_DisableVSync, there is no valid connections
06-11 09:40:36.157   121  4889 W C01719/ffrt: 250:~WorkerThread:72 to exit, qos[2]
06-11 09:40:36.174   121  4891 W C01719/ffrt: 251:~WorkerThread:72 to exit, qos[2]
06-11 09:40:36.175   121  4886 W C01719/ffrt: 252:~WorkerThread:72 to exit, qos[2]
06-11 09:40:36.176   121  4888 W C01719/ffrt: 253:~WorkerThread:72 to exit, qos[2]
06-11 09:40:36.232   125  4880 W C01719/ffrt: 494:~WorkerThread:72 to exit, qos[2]
06-11 09:40:36.286   664   723 E C01400/OHOS::RS: RsFrameReport:[loadSymbol]Get RSRenderStart symbol failed: do_dlsym failed: Symbol not found: RSRenderStart, version: null so=/system/lib64/platformsdk/libframe_ui_intf.z.so
06-11 09:40:36.287   664   723 E C01400/OHOS::RS: RsFrameReport:[RSRenderStart]load RSRenderStart function failed!
06-11 09:40:36.301   664   723 E C02515/DGLES: [unset_id@glv3_resource.cpp:75] id is bigger than bitmap_size, id: 884
06-11 09:40:36.302   664   723 E C02515/DGLES: [unset_id@glv3_resource.cpp:75] id is bigger than bitmap_size, id: 885
06-11 09:40:36.302   664   723 E C02515/DGLES: [unset_id@glv3_resource.cpp:75] id is bigger than bitmap_size, id: 886
06-11 09:40:36.302   664   723 E C02515/DGLES: [unset_id@glv3_resource.cpp:75] id is bigger than bitmap_size, id: 887
06-11 09:40:36.310   664   723 E C02515/DGLES: [d_eglSwapBuffers_special@egl_gpu.cpp:729] thread output size 1258038 speed 983k/s API_num 601
06-11 09:40:36.310   664   723 E C01400/OHOS::RS: RsFrameReport:[loadSymbol]Get RSRenderEnd symbol failed: do_dlsym failed: Symbol not found: RSRenderEnd, version: null so=/system/lib64/platformsdk/libframe_ui_intf.z.so
06-11 09:40:36.310   664   723 E C01400/OHOS::RS: RsFrameReport:[RSRenderEnd]load RSRenderEnd function failed!
06-11 09:40:36.311   503   762 W C02510/DISP: [SetLayerMaskInfo:437] <private> is not supported
06-11 09:40:36.387   517   591 I C057ff/nStackXEpoll: DeRegisterEpollTask:[230] :DeRegisterEpollTask
06-11 09:40:36.387   517   591 I C057ff/nStackXEpoll: PrintTaskInfo:[71] :task: 00******a1b418, task->epollfd: 45, task->taskfd: 64, task->readHandle: 00******a1b420
06-11 09:40:36.387   517   591 I C057ff/nStackXEpoll: RegisterEpollTask:[206] :RegisterEpollTask
06-11 09:40:36.387   517   591 I C057ff/nStackXEpoll: PrintTaskInfo:[71] :task: 00******a1b418, task->epollfd: 45, task->taskfd: 64, task->readHandle: 00******a1b420
06-11 09:40:36.731   543  1449 I C02986/DisplayPowerBrightness: lux=[0/471508, 0/471617, 0/471718, 0/471820, 0/471921, 0/472048, ], bDelta=5.000000, dDelta=1.000000, size=84
06-11 09:40:36.733   664   777 I C01400/Vsync: ThreadMain: <private>_DisableVSync, there is no valid connections
06-11 09:40:36.769   664   723 E C01400/OHOS::RS: RsFrameReport:[loadSymbol]Get RSRenderStart symbol failed: do_dlsym failed: Symbol not found: RSRenderStart, version: null so=/system/lib64/platformsdk/libframe_ui_intf.z.so
06-11 09:40:36.769   664   723 E C01400/OHOS::RS: RsFrameReport:[RSRenderStart]load RSRenderStart function failed!
06-11 09:40:36.781   664   723 E C02515/DGLES: [unset_id@glv3_resource.cpp:75] id is bigger than bitmap_size, id: 888
06-11 09:40:36.781   664   723 E C02515/DGLES: [unset_id@glv3_resource.cpp:75] id is bigger than bitmap_size, id: 889
06-11 09:40:36.781   664   723 E C02515/DGLES: [unset_id@glv3_resource.cpp:75] id is bigger than bitmap_size, id: 890
06-11 09:40:36.781   664   723 E C02515/DGLES: [unset_id@glv3_resource.cpp:75] id is bigger than bitmap_size, id: 891
06-11 09:40:36.817   664   723 E C01400/OHOS::RS: RsFrameReport:[loadSymbol]Get RSRenderEnd symbol failed: do_dlsym failed: Symbol not found: RSRenderEnd, version: null so=/system/lib64/platformsdk/libframe_ui_intf.z.so
06-11 09:40:36.817   664   723 E C01400/OHOS::RS: RsFrameReport:[RSRenderEnd]load RSRenderEnd function failed!
06-11 09:40:36.820   503   762 W C02510/DISP: [SetLayerMaskInfo:437] <private> is not supported
06-11 09:40:36.972   121   837 I C01800/SAMGR: NF SA:65962,876_869
06-11 09:40:37.168   125   430 I C02d10/UCollectUtil-IoCollector: CollectDiskStats: collect disk stats size=32, isUpdate=1
06-11 09:40:37.175   121   837 I C01800/SAMGR: NF SA:65962,876_870
06-11 09:40:37.185   543  1455 I C0290a/PowerState: [UL_POWER] Transit from AWAKE to DIM for TIMEOUT ignoreLock=0
06-11 09:40:37.187   543  1455 I C02908/PowerRunningLock: check Screen on Lock for DIM state
06-11 09:40:37.189   543  1455 I C02982/DisplayPowerSvc: RegisterCallback
06-11 09:40:37.189   543  1455 I C02982/DisplayPowerSvc: Callback function exist
06-11 09:40:37.189   543  1455 I C0290a/PowerState: The reason to DMS is = 1
06-11 09:40:37.189   543  1455 I C02982/DisplayPowerSvc: [UL_POWER] SetDisplayState 0, 1, 1
06-11 09:40:37.189   543  1455 I C02986/DisplayPowerBrightness: SetDisplayState id=0, isAutoMode=1, isScreenOn=1, isSettingOn=1, state=1
06-11 09:40:37.189   543  1455 I C02986/DisplayPowerBrightness: StateChangedSetAutoBrightness start, enable=1, isSensorEnabled=1, isSupport=1
06-11 09:40:37.196   543  1455 I C02986/DisplayPowerBrightness: StateChangedSetAutoBrightness is already enabled
06-11 09:40:37.196   543  1455 I C02986/DisplayPowerBrightness: SetDisplayState id=0, isAutoMode=1, isModeChange=1
06-11 09:40:37.245   543  1455 I C02986/DisplayPowerBrightness: GetSettingBrightness=5
06-11 09:40:37.246   543  1455 I C02986/DisplayPowerBrightness: SetSleepBrightness enterSleepBrightness=1, sleepDarkenTime=1000
06-11 09:40:37.266   543  1455 I C02986/DisplayPowerBrightness: GetSettingBrightness=5
06-11 09:40:37.266   543  1455 I C02986/DisplayPowerBrightness: Override brightness, value=1, mBeforeOverriddenBrightness=5
06-11 09:40:37.271   543  1455 I C02986/DisplayPowerBrightness: GetSettingBrightness=5
06-11 09:40:37.271   543  1455 I C02986/DisplayPowerBrightness: animation from=5, to=1, duration=1000
06-11 09:40:37.271   543  1455 I C02986/DisplayPowerBrightness: animation orig mTotalSteps=31
06-11 09:40:37.271   543  1455 I C02986/DisplayPowerBrightness: animation update mTotalSteps=4
06-11 09:40:37.271   543  1455 I C02987/DisplayPowerState: [UL_POWER] UpdateState, state=1, current state=2, reason=1
06-11 09:40:37.271   543  1455 I C02987/DisplayPowerState: [UL_POWER] Update screen state to 1
06-11 09:40:37.271   543  1455 I C0290a/PowerState: Set display state finished, ret=1
06-11 09:40:37.272   543  1455 I C0290a/PowerState: No need to publish event, state:8
06-11 09:40:37.284   664   723 E C01400/OHOS::RS: RsFrameReport:[loadSymbol]Get RSRenderStart symbol failed: do_dlsym failed: Symbol not found: RSRenderStart, version: null so=/system/lib64/platformsdk/libframe_ui_intf.z.so
06-11 09:40:37.284   664   723 E C01400/OHOS::RS: RsFrameReport:[RSRenderStart]load RSRenderStart function failed!
06-11 09:40:37.289   125   430 I C02d10/UCollectUtil-IoCollector: CollectAllProcIoStats: collect process io stats size=55, isUpdate=1
06-11 09:40:37.293   664   723 E C02515/DGLES: [unset_id@glv3_resource.cpp:75] id is bigger than bitmap_size, id: 892
06-11 09:40:37.293   664   723 E C02515/DGLES: [unset_id@glv3_resource.cpp:75] id is bigger than bitmap_size, id: 893
06-11 09:40:37.293   664   723 E C02515/DGLES: [unset_id@glv3_resource.cpp:75] id is bigger than bitmap_size, id: 894
06-11 09:40:37.293   664   723 E C02515/DGLES: [unset_id@glv3_resource.cpp:75] id is bigger than bitmap_size, id: 895
06-11 09:40:37.294   543  1455 I C0290a/PowerState: [UL_POWER] StateController::TransitTo DIM ret: 0
06-11 09:40:37.304   664   723 E C01400/OHOS::RS: RsFrameReport:[loadSymbol]Get RSRenderEnd symbol failed: do_dlsym failed: Symbol not found: RSRenderEnd, version: null so=/system/lib64/platformsdk/libframe_ui_intf.z.so
06-11 09:40:37.304   664   723 E C01400/OHOS::RS: RsFrameReport:[RSRenderEnd]load RSRenderEnd function failed!
06-11 09:40:37.305   543  4399 I C02986/DisplayPowerBrightness: OnChanged brightness,mapBrightness=4
06-11 09:40:37.305   543  4399 I C02986/DisplayPowerBrightness: SetBrightness mDisplayId=0, displayId=0 ,brightness=4
06-11 09:40:37.305   503   762 W C02510/DISP: [SetLayerMaskInfo:437] <private> is not supported
06-11 09:40:37.306   682   718 I C04201/DMS: [screen_session_manager.cpp] SetScreenBrightness(1708): SetScreenBrightness screenId:0, level:4,
06-11 09:40:37.316   254  4897 W C01719/ffrt: 391:FFRTQosApplyForOther:244 tid 4897, Interrupted system call, ret:-1, eno:4
06-11 09:40:37.318   254  4900 W C01719/ffrt: 392:FFRTQosApplyForOther:244 tid 4900, Interrupted system call, ret:-1, eno:4
06-11 09:40:37.325   254  4899 W C01719/ffrt: 393:FFRTQosApplyForOther:244 tid 4899, Interrupted system call, ret:-1, eno:4
06-11 09:40:37.335   543  4399 I C02986/DisplayPowerBrightness: Update OnChanged failed, brightness=4
06-11 09:40:37.349   254  4898 W C01719/ffrt: 394:FFRTQosApplyForOther:244 tid 4898, Interrupted system call, ret:-1, eno:4
06-11 09:40:37.350   543  4398 I C02986/DisplayPowerBrightness: ProcessLightLux:mIsLuxActiveWithLog=false
06-11 09:40:37.369   543  1455 I C02986/DisplayPowerBrightness: OnChanged brightness,mapBrightness=3
06-11 09:40:37.369   543  1455 I C02986/DisplayPowerBrightness: SetBrightness mDisplayId=0, displayId=0 ,brightness=3
06-11 09:40:37.369   682   718 I C04201/DMS: [screen_session_manager.cpp] SetScreenBrightness(1708): SetScreenBrightness screenId:0, level:3,
06-11 09:40:37.370   963  4901 W C01719/ffrt: 203:FFRTQosApplyForOther:244 tid 4901, Interrupted system call, ret:-1, eno:4
06-11 09:40:37.372   543  1455 I C02986/DisplayPowerBrightness: Update OnChanged failed, brightness=3
06-11 09:40:37.376   963  4901 I C057c1/ProcessSkeleton: DetachObject 141: can not erase it because addr if different, desc:*.DistributedConnection, recorded object:3114556672, detach object:3114547456
06-11 09:40:37.376   963  4901 I C02300/FenceExtension: [(DoConnect:128)]start connectAbility-1
06-11 09:40:37.376   963  4901 I C02300/FenceExtension: [(ConnectAbility:113)]ConnectAbility
06-11 09:40:37.376   963  4901 I C01336/AMS: [ability_manager_client.cpp:500]name:com.huawei.hmos.location SAFeatureServiceExtensionAbility, userId:-1
06-11 09:40:37.376   963  4901 I C057c2/IPCObjectProxy: SendRequest 155: handle:1 desc:*.AbilityManager refcnt:3 3153201344
06-11 09:40:37.379   682   718 I C01336/AMS: [ability_manager_service.cpp:3955]elementuri: /com.huawei.hmos.location//SAFeatureServiceExtensionAbility.
06-11 09:40:37.380   121   837 I C01800/SAMGR: NF SA:65962,876_871
06-11 09:40:37.379   963  4902 W C01719/ffrt: 204:FFRTQosApplyForOther:244 tid 4902, Interrupted system call, ret:-1, eno:4
06-11 09:40:37.385   682   718 W C01121/BMSQuery: ExplicitQueryAbility not found UIAbility -n com.huawei.hmos.location -m  -a SAFeatureServiceExtensionAbility
06-11 09:40:37.386   682   718 W C01121/BMSQuery: ExplicitQueryAbility error -n com.huawei.hmos.location -a SAFeatureServiceExtensionAbility -u 100 -i 0
06-11 09:40:37.386   682   718 W C01121/BMSQuery: bundle_data_mgr.cpp:ExplicitQueryExtensionInfo:5463 extensionAbility not found or disabled
06-11 09:40:37.386   682   718 W C01121/BMSQuery: ExplicitQueryExtension error -n com.huawei.hmos.location -e SAFeatureServiceExtensionAbility -u 100 -i 0
06-11 09:40:37.386   682   718 E C01121/BMSQuery: bundle_mgr_host_impl.cpp:QueryExtensionAbilityInfos:2586 no valid extension info can be inquired
06-11 09:40:37.386   682   718 E C01336/AMS: [start_ability_utils.cpp:259]Get extension info failed.
06-11 09:40:37.386   682   718 E C01336/AMS: [ability_manager_service.cpp:4193]Generate ability request error.
06-11 09:40:37.386   517   591 I C057ff/nStackXEpoll: DeRegisterEpollTask:[230] :DeRegisterEpollTask
06-11 09:40:37.387   517   591 I C057ff/nStackXEpoll: PrintTaskInfo:[71] :task: 00******a1b418, task->epollfd: 45, task->taskfd: 64, task->readHandle: 00******a1b420
06-11 09:40:37.387   517   591 I C057ff/nStackXEpoll: RegisterEpollTask:[206] :RegisterEpollTask
06-11 09:40:37.387   517   591 I C057ff/nStackXEpoll: PrintTaskInfo:[71] :task: 00******a1b418, task->epollfd: 45, task->taskfd: 64, task->readHandle: 00******a1b420
06-11 09:40:37.388   963  4901 E C02300/FenceExtension: [(DoConnect:131)]CONNECT_ABILITY_FAILED
06-11 09:40:37.388   963  4901 I C02300/FenceExtension: [(DoConnect:128)]start connectAbility-1
06-11 09:40:37.388   963  4901 I C02300/FenceExtension: [(ConnectAbility:113)]ConnectAbility
06-11 09:40:37.389   963  4901 I C01336/AMS: [ability_manager_client.cpp:500]name:com.huawei.hmos.location SAFeatureServiceExtensionAbility, userId:-1
06-11 09:40:37.389   963  4901 I C057c2/IPCObjectProxy: SendRequest 155: handle:1 desc:*.AbilityManager refcnt:3 3153201344
06-11 09:40:37.389   682   718 I C01336/AMS: [ability_manager_service.cpp:3955]elementuri: /com.huawei.hmos.location//SAFeatureServiceExtensionAbility.
06-11 09:40:37.390   682   718 W C01121/BMSQuery: ExplicitQueryAbility not found UIAbility -n com.huawei.hmos.location -m  -a SAFeatureServiceExtensionAbility
06-11 09:40:37.390   682   718 W C01121/BMSQuery: ExplicitQueryAbility error -n com.huawei.hmos.location -a SAFeatureServiceExtensionAbility -u 100 -i 0
06-11 09:40:37.390   682   718 W C01121/BMSQuery: bundle_data_mgr.cpp:ExplicitQueryExtensionInfo:5463 extensionAbility not found or disabled
06-11 09:40:37.390   682   718 W C01121/BMSQuery: ExplicitQueryExtension error -n com.huawei.hmos.location -e SAFeatureServiceExtensionAbility -u 100 -i 0
06-11 09:40:37.390   682   718 E C01121/BMSQuery: bundle_mgr_host_impl.cpp:QueryExtensionAbilityInfos:2586 no valid extension info can be inquired
06-11 09:40:37.390   682   718 E C01336/AMS: [start_ability_utils.cpp:259]Get extension info failed.
06-11 09:40:37.391   682   718 E C01336/AMS: [ability_manager_service.cpp:4193]Generate ability request error.
06-11 09:40:37.403   963  4901 E C02300/FenceExtension: [(DoConnect:131)]CONNECT_ABILITY_FAILED
06-11 09:40:37.403   963  4901 W C02300/FenceExtension: [(ProcessEvent:107)]connect failed,retry again
06-11 09:40:37.405   543  4399 I C02986/DisplayPowerBrightness: OnChanged brightness,mapBrightness=2
06-11 09:40:37.405   543  4399 I C02986/DisplayPowerBrightness: SetBrightness mDisplayId=0, displayId=0 ,brightness=2
06-11 09:40:37.405   682   718 I C04201/DMS: [screen_session_manager.cpp] SetScreenBrightness(1708): SetScreenBrightness screenId:0, level:2,
06-11 09:40:37.406   543  4399 I C02986/DisplayPowerBrightness: Update OnChanged failed, brightness=2
06-11 09:40:37.442   543  1449 I C02986/DisplayPowerBrightness: next step brightness is out range, brightness=1
06-11 09:40:37.442   543  1449 I C02986/DisplayPowerBrightness: OnChanged brightness,mapBrightness=1
06-11 09:40:37.442   543  1449 I C02986/DisplayPowerBrightness: SetBrightness mDisplayId=0, displayId=0 ,brightness=1
06-11 09:40:37.442   682   718 I C04201/DMS: [screen_session_manager.cpp] SetScreenBrightness(1708): SetScreenBrightness screenId:0, level:1,
06-11 09:40:37.448   543  1449 I C02986/DisplayPowerBrightness: Update OnChanged failed, brightness=1
06-11 09:40:37.500   125  4872 E C02d15/XPower: [task_35]#Failed to open /dev/dubai: No such file or directory
06-11 09:40:37.500   125  4872 E C02d15/XPower: [task_35]#Failed to open dubai driver device
06-11 09:40:37.500   125  4872 E C02d15/XPower: [task_35]#Failed to get battery prop: <private>, ret: <private>
06-11 09:40:37.501   125  4872 E C02d15/XPower: [task_35]#Failed to open /dev/dubai: No such file or directory
06-11 09:40:37.501   125  4872 E C02d15/XPower: [task_35]#Failed to open dubai driver device
06-11 09:40:37.501   125  4872 E C02d15/XPower: [task_35]#Failed to get battery prop: <private>, ret: <private>
06-11 09:40:37.501   125  4872 E C02d15/XPower: [task_35]#Failed to open /dev/dubai: No such file or directory
06-11 09:40:37.501   125  4872 E C02d15/XPower: [task_35]#Failed to open dubai driver device
06-11 09:40:37.501   125  4872 E C02d15/XPower: [task_35]#Failed to get battery prop: <private>, ret: <private>
06-11 09:40:37.501   125  4872 E C02d15/XPower: [task_35]#Failed to open /dev/dubai: No such file or directory
06-11 09:40:37.501   125  4872 E C02d15/XPower: [task_35]#Failed to open dubai driver device
06-11 09:40:37.501   125  4872 E C02d15/XPower: [task_35]#Failed to get battery prop: <private>, ret: <private>
06-11 09:40:37.501   125  4872 E C02d15/XPower: [task_35]#Failed to open /dev/dubai: No such file or directory
06-11 09:40:37.501   125  4872 E C02d15/XPower: [task_35]#Failed to open dubai driver device
06-11 09:40:37.501   125  4872 E C02d15/XPower: [task_35]#Failed to get battery prop: <private>, ret: <private>
06-11 09:40:37.501   125  4872 E C02d15/XPower: [task_35]#Failed to open /dev/dubai: No such file or directory
06-11 09:40:37.501   125  4872 E C02d15/XPower: [task_35]#Failed to open dubai driver device
06-11 09:40:37.501   125  4872 E C02d15/XPower: [task_35]#Failed to get battery prop: <private>, ret: <private>
06-11 09:40:37.503   125  4872 E C02d15/XPower: [task_45]#Failed to open wakeup_sources: No such file or directory
06-11 09:40:37.503   125  4872 E C02d15/XPower: [task_45]#Failed to read kernel wakelock data
06-11 09:40:37.504   125  4872 E C02d15/XPower: [task_45]#Failed to open /dev/dubai: No such file or directory
06-11 09:40:37.504   125  4872 E C02d15/XPower: [task_45]#Failed to open dubai driver device
06-11 09:40:37.505   281   281 E C015b0/NetsysNativeService: [netsys_native_service_proxy.cpp:1918]fail to GetIfaceStats ret= 2103011
06-11 09:40:37.506   281   294 E C015b0/NetsysNativeService: [netsys_native_service_proxy.cpp:1918]fail to GetIfaceStats ret= 2103011
06-11 09:40:37.506   125  4872 E C015b0/NetStatsClient: [net_stats_service_proxy.cpp:407]proxy SendRequest failed, error code: [2103011]
06-11 09:40:37.506   125  4872 E C02d15/XPower: [task_52]#Failed to read traffic from epbf: <private>
06-11 09:40:37.507   125  4770 E C015b0/NetStatsClient: [net_stats_service_proxy.cpp:407]proxy SendRequest failed, error code: [2103011]
06-11 09:40:37.507   125  4770 E C02d15/XPower: [task_41]#Failed to read traffic from epbf: <private>
06-11 09:40:37.510   125  4905 W C01719/ffrt: 495:FFRTQosApplyForOther:244 tid 4905, Interrupted system call, ret:-1, eno:4
06-11 09:40:37.517   125  4907 W C01719/ffrt: 497:FFRTQosApplyForOther:244 tid 4907, Interrupted system call, ret:-1, eno:4
06-11 09:40:37.517   125  4903 W C01719/ffrt: 498:FFRTQosApplyForOther:244 tid 4903, Interrupted system call, ret:-1, eno:4
06-11 09:40:37.510   125  4906 W C01719/ffrt: 496:FFRTQosApplyForOther:244 tid 4906, Interrupted system call, ret:-1, eno:4
06-11 09:40:37.576   125  4904 W C01719/ffrt: 499:FFRTQosApplyForOther:244 tid 4904, Interrupted system call, ret:-1, eno:4
06-11 09:40:37.581   121   837 I C01800/SAMGR: NF SA:65962,876_872
06-11 09:40:37.652   664   777 I C01400/Vsync: ThreadMain: <private>_DisableVSync, there is no valid connections
06-11 09:40:37.777   664   723 E C01400/OHOS::RS: RsFrameReport:[loadSymbol]Get RSRenderStart symbol failed: do_dlsym failed: Symbol not found: RSRenderStart, version: null so=/system/lib64/platformsdk/libframe_ui_intf.z.so
06-11 09:40:37.777   664   723 E C01400/OHOS::RS: RsFrameReport:[RSRenderStart]load RSRenderStart function failed!
06-11 09:40:37.795   121   837 I C01800/SAMGR: NF SA:65962,876_873
06-11 09:40:37.861   664   723 E C02515/DGLES: [unset_id@glv3_resource.cpp:75] id is bigger than bitmap_size, id: 896
06-11 09:40:37.861   664   723 E C02515/DGLES: [unset_id@glv3_resource.cpp:75] id is bigger than bitmap_size, id: 897
06-11 09:40:37.861   664   723 E C02515/DGLES: [unset_id@glv3_resource.cpp:75] id is bigger than bitmap_size, id: 898
06-11 09:40:37.861   664   723 E C02515/DGLES: [unset_id@glv3_resource.cpp:75] id is bigger than bitmap_size, id: 899
06-11 09:40:37.909   664   723 E C02515/DGLES: [d_eglSwapBuffers_special@egl_gpu.cpp:729] thread output size 1259682 speed 769k/s API_num 617
06-11 09:40:37.912   664   723 E C01400/OHOS::RS: RsFrameReport:[loadSymbol]Get RSRenderEnd symbol failed: do_dlsym failed: Symbol not found: RSRenderEnd, version: null so=/system/lib64/platformsdk/libframe_ui_intf.z.so
06-11 09:40:37.912   664   723 E C01400/OHOS::RS: RsFrameReport:[RSRenderEnd]load RSRenderEnd function failed!
06-11 09:40:37.912   664   723 W C01406/OHOS::RS: RSJankStats::SetJankStats jank frames 8
06-11 09:40:37.915   503   762 W C02510/DISP: [SetLayerMaskInfo:437] <private> is not supported
06-11 09:40:37.916   664   777 I C01400/Vsync: ThreadMain: <private>_DisableVSync, there is no valid connections
06-11 09:40:37.988   125  4872 W C02d15/XPower: [task_47]#ThermalDaemon:can't find type [shell_frame], return INVALID_TEMP
06-11 09:40:38.051   121   837 I C01800/SAMGR: NF SA:65962,876_874
06-11 09:40:38.256   121   837 I C01800/SAMGR: NF SA:65962,876_875
06-11 09:40:38.256   876   905 E C01810/SA_CLIENT: GetSaWrap SA:65962 not start
06-11 09:40:38.256   876   905 I C01409/APS_MANAGER: request system service object is not ready yet!
06-11 09:40:38.287   664   723 E C01400/OHOS::RS: RsFrameReport:[loadSymbol]Get RSRenderStart symbol failed: do_dlsym failed: Symbol not found: RSRenderStart, version: null so=/system/lib64/platformsdk/libframe_ui_intf.z.so
06-11 09:40:38.287   664   723 E C01400/OHOS::RS: RsFrameReport:[RSRenderStart]load RSRenderStart function failed!
06-11 09:40:38.292   664   723 E C02515/DGLES: [unset_id@glv3_resource.cpp:75] id is bigger than bitmap_size, id: 900
06-11 09:40:38.292   664   723 E C02515/DGLES: [unset_id@glv3_resource.cpp:75] id is bigger than bitmap_size, id: 901
06-11 09:40:38.292   664   723 E C02515/DGLES: [unset_id@glv3_resource.cpp:75] id is bigger than bitmap_size, id: 902
06-11 09:40:38.292   664   723 E C02515/DGLES: [unset_id@glv3_resource.cpp:75] id is bigger than bitmap_size, id: 903
06-11 09:40:38.307   664   723 E C01400/OHOS::RS: RsFrameReport:[loadSymbol]Get RSRenderEnd symbol failed: do_dlsym failed: Symbol not found: RSRenderEnd, version: null so=/system/lib64/platformsdk/libframe_ui_intf.z.so
06-11 09:40:38.307   664   723 E C01400/OHOS::RS: RsFrameReport:[RSRenderEnd]load RSRenderEnd function failed!
06-11 09:40:38.308   503  3425 W C02510/DISP: [SetLayerMaskInfo:437] <private> is not supported
06-11 09:40:38.388   517   591 I C057ff/nStackXEpoll: DeRegisterEpollTask:[230] :DeRegisterEpollTask
06-11 09:40:38.388   517   591 I C057ff/nStackXEpoll: PrintTaskInfo:[71] :task: 00******a1b418, task->epollfd: 45, task->taskfd: 64, task->readHandle: 00******a1b420
06-11 09:40:38.388   517   591 I C057ff/nStackXEpoll: RegisterEpollTask:[206] :RegisterEpollTask
06-11 09:40:38.388   517   591 I C057ff/nStackXEpoll: PrintTaskInfo:[71] :task: 00******a1b418, task->epollfd: 45, task->taskfd: 64, task->readHandle: 00******a1b420
06-11 09:40:38.660   478   663 W C02943/ThermalHdi: get node failed
06-11 09:40:38.661   478   663 W C02943/ThermalHdi: get node failed
06-11 09:40:38.661   478   663 W C02943/ThermalHdi: get node failed
06-11 09:40:38.782   664   723 E C01400/OHOS::RS: RsFrameReport:[loadSymbol]Get RSRenderStart symbol failed: do_dlsym failed: Symbol not found: RSRenderStart, version: null so=/system/lib64/platformsdk/libframe_ui_intf.z.so
06-11 09:40:38.782   664   723 E C01400/OHOS::RS: RsFrameReport:[RSRenderStart]load RSRenderStart function failed!
06-11 09:40:38.790   664   723 E C02515/DGLES: [unset_id@glv3_resource.cpp:75] id is bigger than bitmap_size, id: 904
06-11 09:40:38.790   664   723 E C02515/DGLES: [unset_id@glv3_resource.cpp:75] id is bigger than bitmap_size, id: 905
06-11 09:40:38.790   664   723 E C02515/DGLES: [unset_id@glv3_resource.cpp:75] id is bigger than bitmap_size, id: 906
06-11 09:40:38.790   664   723 E C02515/DGLES: [unset_id@glv3_resource.cpp:75] id is bigger than bitmap_size, id: 907
06-11 09:40:38.798   664   723 E C01400/OHOS::RS: RsFrameReport:[loadSymbol]Get RSRenderEnd symbol failed: do_dlsym failed: Symbol not found: RSRenderEnd, version: null so=/system/lib64/platformsdk/libframe_ui_intf.z.so
06-11 09:40:38.798   664   723 E C01400/OHOS::RS: RsFrameReport:[RSRenderEnd]load RSRenderEnd function failed!
06-11 09:40:38.799   503  3425 W C02510/DISP: [SetLayerMaskInfo:437] <private> is not supported
06-11 09:40:38.999   126   126 I C02c11/APPSPAWN: [appspawn_kickdog.c:79]kick appspawn dog start
06-11 09:40:38.999   126   126 I C02c11/APPSPAWN: [appspawn_kickdog.c:47]OpenAppSpawnWatchdogFile
06-11 09:40:38.999   126   126 E C02c11/APPSPAWN: [appspawn_kickdog.c:29]open /proc/sys/hguard/user_list fail,errno:2
06-11 09:40:38.999   126   126 I C02c11/APPSPAWN: [appspawn_kickdog.c:57]open finish,result:-1
06-11 09:40:39.021   664   777 I C01400/Vsync: ThreadMain: <private>_DisableVSync, there is no valid connections
06-11 09:40:39.212  2704  2704 I A01a00/SYS_UI: MaintenanceRecord --> Send maintenance event(1), extendType(7), ext: [{"bundleName":"com.huawei.hms.musicservice","desc":"Enable AppLiveView for com.huawei.hms.musicservice error: Error: The specified bundle name was not found","stack":"Cannot get SourceMap info, dump raw stack:\n=====================Backtrace========================\n#00 pc 000000000073684c /system/lib64/platformsdk/libark_jsruntime.so\n#01 pc 0000000000736d60 /system/lib64/platformsdk/libark_jsruntime.so\n#02 pc 000000000032fa04 /system/lib64/platformsdk/libark_jsruntime.so\n#03 pc 00000000001b7f4c /system/lib64/platformsdk/libark_jsruntime.so\n#04 pc 00000000001b78f4 /system/lib64/platformsdk/libark_jsruntime.so\n#05 pc 000000000024e088 /system/lib64/platformsdk/libark_jsruntime.so\n#06 pc 000000000060a764 /system/lib64/platformsdk/libark_jsruntime.so\n#07 pc 00000000005d44c4 /system/lib64/platformsdk/libark_jsruntime.so\n#08 pc 0000000000053630 /system/lib64/platformsdk/libace_napi.z.so\n#09 pc 0000000000059fd4 /system/lib64/module/libnotificationmanager.z.so\n#10 pc 000000000005a61c /system/lib64/module/libnotificationmanager.z.so\n#11 pc 000000000005aac4 /system/lib64/module/libnotificationmanager.z.so\n#12 pc 0000000000079054 /system/lib64/module/libnotificationmanager.z.so\n#13 pc 0000000000061b28 /system/lib64/platformsdk/libace_napi.z.so\n#14 pc 0000000000011ca0 /system/lib64/platformsdk/libuv.so\n#15 pc 0000000000015a50 /system/lib64/platformsdk/libuv.so","errorCodes":[4061]}]
06-11 09:40:39.232  2704  2704 I A01a00/SYS_UI: MaintenanceRecord --> Send maintenance event to push success
06-11 09:40:39.240   682  4908 W C01719/ffrt: 17873:FFRTQosApplyForOther:244 tid 4908, Interrupted system call, ret:-1, eno:4
06-11 09:40:39.249   682  4908 I C01202/Ces: [inner_common_event_manager.cpp(PublishCommonEvent:246)]com.ohos.sceneboard(pid = 2704, uid = 20020011), publish event = sceneboard.event.PUSH_AGENT to userId = -3
06-11 09:40:39.251   682  4908 I C01202/Ces: [common_event_control_manager.cpp(NotifyUnorderedEventLocked:251)]NotifyUnorderedEvent = sceneboard.event.PUSH_AGENT end, subscriberCnt = 1, succCnt = 1,failCnt = 0, freezeCnt = 0
06-11 09:40:39.292   682  4909 W C01719/ffrt: 17885:FFRTQosApplyForOther:244 tid 4909, Interrupted system call, ret:-1, eno:4
06-11 09:40:39.302   378  4910 W C01719/ffrt: 54:FFRTQosApplyForOther:244 tid 4910, Interrupted system call, ret:-1, eno:4
06-11 09:40:39.305   378  4910 I C05300/push10005226: Get threadPool for event(sceneboard.event.PUSH_AGENT): sceneboardPushAgentEventThread
06-11 09:40:39.306   378  4911 I C05300/push10005226: This is SceneboardPushAgentProcessor, code is 0
06-11 09:40:39.309   664   723 E C01400/OHOS::RS: RsFrameReport:[loadSymbol]Get RSRenderStart symbol failed: do_dlsym failed: Symbol not found: RSRenderStart, version: null so=/system/lib64/platformsdk/libframe_ui_intf.z.so
06-11 09:40:39.309   664   723 E C01400/OHOS::RS: RsFrameReport:[RSRenderStart]load RSRenderStart function failed!
06-11 09:40:39.318   889   910 I C01b00/AccountMgrService: [GetForegroundOsAccounts@inner_os_account_manager.cpp:2059] Get foreground list successful, total=1.
06-11 09:40:39.319   378  4911 W C05300/push10005226: Get Odid failed, still report HA
06-11 09:40:39.319   378  4911 I C04707/HaInnerSA: SetConfigOptions(PushService1).
06-11 09:40:39.325   664   723 E C02515/DGLES: [unset_id@glv3_resource.cpp:75] id is bigger than bitmap_size, id: 908
06-11 09:40:39.325   378  4911 I C04707/HaClient: HaConfigOption reused.
06-11 09:40:39.325   664   723 E C02515/DGLES: [unset_id@glv3_resource.cpp:75] id is bigger than bitmap_size, id: 909
06-11 09:40:39.325   664   723 E C02515/DGLES: [unset_id@glv3_resource.cpp:75] id is bigger than bitmap_size, id: 910
06-11 09:40:39.325   664   723 E C02515/DGLES: [unset_id@glv3_resource.cpp:75] id is bigger than bitmap_size, id: 911
06-11 09:40:39.328   889   910 I C01b00/AccountMgrService: [GetForegroundOsAccounts@inner_os_account_manager.cpp:2059] Get foreground list successful, total=1.
06-11 09:40:39.337   378  4911 I C04707/HaInnerSA: OnEvent(PushService1, 1, NOTIFICATION_CENTER_REPORT)
06-11 09:40:39.337   378  4911 I C04707/HaClient: cache event: NOTIFICATION_CENTER_REPORT, caheFlag: 2.
06-11 09:40:39.340   664   723 E C02515/DGLES: [d_eglSwapBuffers_special@egl_gpu.cpp:729] thread output size 1258038 speed 858k/s API_num 601
06-11 09:40:39.340   664   723 E C01400/OHOS::RS: RsFrameReport:[loadSymbol]Get RSRenderEnd symbol failed: do_dlsym failed: Symbol not found: RSRenderEnd, version: null so=/system/lib64/platformsdk/libframe_ui_intf.z.so
06-11 09:40:39.340   664   723 E C01400/OHOS::RS: RsFrameReport:[RSRenderEnd]load RSRenderEnd function failed!
06-11 09:40:39.341   503  3425 W C02510/DISP: [SetLayerMaskInfo:437] <private> is not supported
06-11 09:40:39.352   378  4911 I C05300/push10005226: Report haEvent success:NOTIFICATION_CENTER_REPORT
06-11 09:40:39.352   378  4911 I C04707/HaInnerSA: OnEvent(PushService1, 0, NOTIFICATION_CENTER_REPORT)
06-11 09:40:39.352   378  4911 I C04707/HaClient: cache event: NOTIFICATION_CENTER_REPORT, caheFlag: 2.
06-11 09:40:39.366   378  4911 I C05300/push10005226: Report haEvent success:NOTIFICATION_CENTER_REPORT
06-11 09:40:39.419   517   591 I C057ff/nStackXEpoll: DeRegisterEpollTask:[230] :DeRegisterEpollTask
06-11 09:40:39.419   517   591 I C057ff/nStackXEpoll: PrintTaskInfo:[71] :task: 00******a1b418, task->epollfd: 45, task->taskfd: 64, task->readHandle: 00******a1b420
06-11 09:40:39.419   517   591 I C057ff/nStackXEpoll: RegisterEpollTask:[206] :RegisterEpollTask
06-11 09:40:39.419   517   591 I C057ff/nStackXEpoll: PrintTaskInfo:[71] :task: 00******a1b418, task->epollfd: 45, task->taskfd: 64, task->readHandle: 00******a1b420
06-11 09:40:39.448   121   837 E C05a03/Selinux: avc:  denied  { get } for service=1301 sid=u:r:hianalytics:s0 scontext=u:r:hianalytics:s0 tcontext=u:object_r:sa_distributeddata_service:s0 tclass=samgr_class permissive=0
06-11 09:40:39.449   631   683 E C01651/DataShare: [GetDistributedDataManager()-data_share_manager_impl.cpp:65]: get distributed data manager failed
06-11 09:40:39.450   631   683 E C01651/DataShare: [GetDataShareServiceProxy()-data_share_manager_impl.cpp:96]: Get distributed data manager failed!
06-11 09:40:39.453   125   669 W C02d10/HiView-SysEventSource: IsValidSysEvent: type defined for event[DISTDATAMGR|DISTRIBUTED_DATA_SHARE_BEHAVIOR|1781142039450] is invalid.
06-11 09:40:39.460   631   683 E C01651/DataShare: [GetSilentProxyStatus()-datashare_helper.cpp:172]: Service proxy is nullptr.
06-11 09:40:39.507   664   777 I C01400/Vsync: ThreadMain: <private>_DisableVSync, there is no valid connections
06-11 09:40:39.507   631   683 I C01651/DataShare: [Connect()-ams_mgr_proxy.cpp:73]: connect start, uri = ******/com.ohos.settingsdata.DataAbility
06-11 09:40:39.509   682   718 I C01336/AMS: [ability_manager_service.cpp:3955]elementuri: ///.
06-11 09:40:39.509   682   718 E C01336/AMS: [ability_record.cpp:130]descriptor:IPCObjectProxy221
06-11 09:40:39.509   682   718 E C01336/AMS: [crowd_test_interceptor.cpp:54]GetAppInfo failed
06-11 09:40:39.509   682   718 W C01120/BMS: app_control_manager.cpp:GetAppRunningControlRule:277 getAppId failed,-n:
06-11 09:40:39.509   682   718 I C01121/BMSQuery: bundle_mgr_host_impl.cpp:QueryExtensionAbilityInfoByUri:2811 uri:<private> -u 100
06-11 09:40:39.511   682   718 E C01336/AMS: [ability_record.cpp:130]descriptor:IPCObjectProxy221
06-11 09:40:39.511   682   718 E C01336/AMS: [ability_record.cpp:130]descriptor:IPCObjectProxy221
06-11 09:40:39.513   682   718 W C01121/BMSQuery: ExplicitQueryAbility not found UIAbility -n com.ohos.settingsdata -m  -a DataExtAbility
06-11 09:40:39.515   682   718 W C01121/BMSQuery: ExplicitQueryAbility error -n com.ohos.settingsdata -a DataExtAbility -u 100 -i 0
06-11 09:40:39.516   682   718 E C01337/EcologicalRule: [ecological_rule_interceptor.cpp:179]Get callerBundleName failed,uid: 7508
06-11 09:40:39.517   682   718 I C01337/EcologicalRule: [ecological_rule_interceptor.cpp:225]ERMS's CallerInfo{packageName:,uid:7508,pid:631,callerAppType:0,targetAppType:1,callerModelType:0,targetAppDistType:os_integration,targetLinkFeature:,targetLinkType:0,callerAbilityType:0,callerExtensionAbilityType:255,embedded:0,callerAppProvisionType:,targetAppProvisionType:release,targetAbilityType:5,targetExtensionAbilityType:5}
06-11 09:40:39.519   682   718 I C01336/AMS: [extension_permissions_util.cpp:92]No permission needed for type 5.
06-11 09:40:39.522   682   718 I C01311/AppMS: [ams_mgr_scheduler.cpp:88]SubmitLoadTask: com.ohos.settingsdata-DataExtAbility
06-11 09:40:39.528   254  2381 E C01700/RSS: DeliverResource, PluginMgr resType 126 no lib register!
06-11 09:40:39.529   631   683 I C01651/DataShare: [ConnectDataShareExtAbility()-datashare_connection.cpp:180]: connect ability, uri = ******/com.ohos.settingsdata.DataAbility. ret = 0
06-11 09:40:39.535   682  4912 W C01719/ffrt: 17907:FFRTQosApplyForOther:244 tid 4912, Interrupted system call, ret:-1, eno:4
06-11 09:40:39.542   682  4912 I C01311/AppMS: [app_mgr_service_inner.cpp:554]LoadAbility name:com.ohos.settingsdata-DataExtAbility processName = com.ohos.settingsdata
06-11 09:40:39.543   682  4912 I C01311/AppMS: [app_mgr_service_inner.cpp:815]pname:com.ohos.settingsdata, isPreload:0
06-11 09:40:39.551   682  4912 I C01311/AppMS: [app_mgr_service_inner.cpp:3289]apl: normal, bundleName: com.ohos.settingsdata, startFlags: 2048
06-11 09:40:39.552   682  4913 W C01719/ffrt: 17925:FFRTQosApplyForOther:244 tid 4913, Interrupted system call, ret:-1, eno:4
06-11 09:40:39.626   664   777 I C01400/Vsync: ThreadMain: <private>_DisableVSync, there is no valid connections
06-11 09:40:39.657   682  4912 I C02c11/APPSPAWN_CLIENT: [appspawn_client.c:350]AppSpawnClientSendMsg reqId: 39 msgLen: 1340 com.ohos.settingsdata
06-11 09:40:39.657   126   126 I C02c11/APPSPAWN: [appspawn_service.c:438]OnReceiveRequest connectionId: 2 start: 0xef201234 buffLen 1340
06-11 09:40:39.659   844   857 I C02b91/AVSession: [HandleAppStateChanged()-app_manager_adapter.cpp:133] bundleName=com.ohos.settingsdata uid=20001 pid=0 state=99
06-11 09:40:39.660   126   126 I C02c11/APPSPAWN: [appspawn_service.c:1667]Recv message header magic 0xef201234 type 0 id 39 len 1340 com.ohos.settingsdata
06-11 09:40:39.665   126   126 E C02c11/APPSPAWN: [sandbox_shared_mount.cpp:190]umount2 /mnt/sandbox/0/com.ohos.settingsdata/data/storage/el1/bundle  failed, errno 22
06-11 09:40:39.666   126   126 I C02c11/APPSPAWN: [sandbox_shared_mount.cpp:149]mount path /mnt/sandbox/0/com.ohos.settingsdata/data/storage/el1/bundle to shared success
06-11 09:40:39.668   126   126 I C02c11/APPSPAWN: [sandbox_utils.cpp:2157]ignore to mount debug hap 
06-11 09:40:39.668   126   126 I C02c11/APPSPAWN: App spawn msg msgId: 39 msgLen: 1340 tlvCount: 5 processName: com.ohos.settingsdata
06-11 09:40:39.668   126   126 I C02c11/APPSPAWN: processName: com.ohos.settingsdata 0 App flags flags: 0x800
06-11 09:40:39.668   126   126 I C02c11/APPSPAWN: processName: com.ohos.settingsdata 1 App flags flags: 0x0
06-11 09:40:39.668   126   126 I C02c11/APPSPAWN: processName: com.ohos.settingsdata 0 App permission bits flags: 0x0
06-11 09:40:39.668   126   126 I C02c11/APPSPAWN: App dac info uid: 20001 gid: 20001 count: 0
06-11 09:40:39.668   126   126 I C02c11/APPSPAWN: App bundle info name: "com.ohos.settingsdata" index: 0
06-11 09:40:39.668   126   126 I C02c11/APPSPAWN: App domain info hap: 0x1 apl: "normal"
06-11 09:40:39.668   126   126 I C02c11/APPSPAWN: App owner info: "5765880207853771197" 
06-11 09:40:39.668   126   126 I C02c11/APPSPAWN: App extend info name: MaxChildProcess len: 1
06-11 09:40:39.673  4666  4666 I C02c11/APPSPAWN: [appspawn_server.c:70]AppSpawnChild id 39 flags: 0xc
06-11 09:40:39.677  4666  4666 I C02c02/PARAM: [param_request.c:326]ResetParamSecurityLabel g_clientFd: 18 
06-11 09:40:39.711  4666  4666 E C02c11/APPSPAWN: [sandbox_utils.cpp:328]mount /mnt/sandbox/0/com.ohos.settingsdata time 695 us
06-11 09:40:39.716  4666  4666 I C02c11/APPSPAWN: [sandbox_utils.cpp:333]errno is: 2, bind mount /system/data to /mnt/sandbox/0/com.ohos.settingsdata/system/data
06-11 09:40:39.717  4666  4666 I C02c11/APPSPAWN: [sandbox_utils.cpp:288]file /mnt/sandbox/0/com.ohos.settingsdata/data/service/el1/network/hosts_user/hosts already exist
06-11 09:40:39.717  4666  4666 I C02c11/APPSPAWN: [sandbox_utils.cpp:333]errno is: 2, bind mount /system/etc/hosts to /mnt/sandbox/0/com.ohos.settingsdata/data/service/el1/network/hosts_user/hosts
06-11 09:40:39.718  4666  4666 I C02c11/APPSPAWN: [sandbox_utils.cpp:333]errno is: 2, bind mount /vendor/lib to /mnt/sandbox/0/com.ohos.settingsdata/vendor/lib
06-11 09:40:39.718  4666  4666 I C02c11/APPSPAWN: [sandbox_utils.cpp:333]errno is: 2, bind mount /vendor/etc/vulkan to /mnt/sandbox/0/com.ohos.settingsdata/vendor/etc/vulkan
06-11 09:40:39.718  4666  4666 I C02c11/APPSPAWN: [sandbox_utils.cpp:333]errno is: 2, bind mount /vendor/etc/hiai to /mnt/sandbox/0/com.ohos.settingsdata/vendor/etc/hiai
06-11 09:40:39.719  4666  4666 I C02c11/APPSPAWN: [sandbox_utils.cpp:333]errno is: 2, bind mount /data/data/hiai to /mnt/sandbox/0/com.ohos.settingsdata/data/data/hiai
06-11 09:40:39.719  4666  4666 I C02c11/APPSPAWN: [sandbox_utils.cpp:333]errno is: 2, bind mount /vendor/etc/passthrough to /mnt/sandbox/0/com.ohos.settingsdata/vendor/etc/passthrough
06-11 09:40:39.720  4666  4666 I C02c11/APPSPAWN: [sandbox_utils.cpp:333]errno is: 2, bind mount /mnt/hmdfs/0 to /mnt/sandbox/0/com.ohos.settingsdata/mnt/hmdfs/0
06-11 09:40:39.721  4666  4666 I C02c11/APPSPAWN: [sandbox_utils.cpp:333]errno is: 2, bind mount /mnt/hmdfs/0/account/merge_view/data/com.ohos.settingsdata to /mnt/sandbox/0/com.ohos.settingsdata/data/storage/el2/distributedfiles
06-11 09:40:39.721  4666  4666 I C02c11/APPSPAWN: [sandbox_utils.cpp:333]errno is: 2, bind mount /mnt/hmdfs/0/non_account/merge_view/data/ to /mnt/sandbox/0/com.ohos.settingsdata/data/storage/el2/auth_groups
06-11 09:40:39.721  4666  4666 I C02c11/APPSPAWN: [sandbox_utils.cpp:333]errno is: 2, bind mount /data/local/ark-cache/com.ohos.settingsdata to /mnt/sandbox/0/com.ohos.settingsdata/data/storage/ark-cache
06-11 09:40:39.726  4666  4666 I C02c11/APPSPAWN: [sandbox_utils.cpp:333]errno is: 2, bind mount /data/local/shader_cache/cloud/com.ohos.settingsdata to /mnt/sandbox/0/com.ohos.settingsdata/data/storage/shader_cache/cloud
06-11 09:40:39.727  4666  4666 I C02c11/APPSPAWN: [sandbox_utils.cpp:333]errno is: 2, bind mount /data/local/shader_cache/cloud/common to /mnt/sandbox/0/com.ohos.settingsdata/data/storage/shader_cache/common
06-11 09:40:39.727  4666  4666 I C02c11/APPSPAWN: [sandbox_utils.cpp:333]errno is: 2, bind mount /mnt/share/0/com.ohos.settingsdata to /mnt/sandbox/0/com.ohos.settingsdata/data/storage/el2/share
06-11 09:40:39.727  4666  4666 I C02c11/APPSPAWN: [sandbox_utils.cpp:333]errno is: 2, bind mount /data/service/el1/public/themes/0/a/app to /mnt/sandbox/0/com.ohos.settingsdata/data/themes/a/app
06-11 09:40:39.727  4666  4666 I C02c11/APPSPAWN: [sandbox_utils.cpp:333]errno is: 2, bind mount /data/service/el1/public/themes/0/b/app to /mnt/sandbox/0/com.ohos.settingsdata/data/themes/b/app
06-11 09:40:39.728  4666  4666 E C02c11/APPSPAWN: [sandbox_utils.cpp:344]errno is: 13, private mount to /mnt/sandbox/0/com.ohos.settingsdata/data/service/el0/public/for-all-app '524288' failed
06-11 09:40:39.730  4666  4666 I C02c11/APPSPAWN: [sandbox_utils.cpp:333]errno is: 2, bind mount /vendor/etc/silk to /mnt/sandbox/0/com.ohos.settingsdata/vendor/etc/silk
06-11 09:40:39.731  4666  4666 I C02c11/APPSPAWN: [sandbox_utils.cpp:333]errno is: 2, bind mount /mnt/hmdfs/0/cloud/data/com.ohos.settingsdata to /mnt/sandbox/0/com.ohos.settingsdata/data/storage/el2/cloud
06-11 09:40:39.731  4666  4666 I C02c11/APPSPAWN: [sandbox_utils.cpp:333]errno is: 2, bind mount /mnt/data/0/media_fuse to /mnt/sandbox/0/com.ohos.settingsdata/data/storage/el2/media
06-11 09:40:39.732  4666  4666 I C02c11/APPSPAWN: [sandbox_utils.cpp:333]errno is: 2, bind mount /system/asan/lib64 to /mnt/sandbox/0/com.ohos.settingsdata/system/asan/lib64
06-11 09:40:39.733  4666  4666 I C02c11/APPSPAWN: [sandbox_utils.cpp:333]errno is: 2, bind mount /vendor/asan/lib64 to /mnt/sandbox/0/com.ohos.settingsdata/vendor/asan/lib64
06-11 09:40:39.733  4666  4666 I C02c11/APPSPAWN: [sandbox_utils.cpp:333]errno is: 2, bind mount /chip_prod/lib64/passthrough to /mnt/sandbox/0/com.ohos.settingsdata/chip_prod/lib64/passthrough
06-11 09:40:39.736  4666  4666 I C02c11/APPSPAWN: [sandbox_utils.cpp:333]errno is: 2, bind mount /system/app/ohos.global.systemres to /mnt/sandbox/0/com.ohos.settingsdata/data/global/systemResources
06-11 09:40:39.738  4666  4666 I C02c11/APPSPAWN: [sandbox_utils.cpp:1491]MountAllHsp: app = com.ohos.settingsdata, cnt = 5
06-11 09:40:39.745  4666  4666 E C02c11/APPSPAWN: [sandbox_utils.cpp:328]mount /data/app/el1/bundle/public/com.huawei.hms.mapservice.kit/v61501301/mapLibrary time 7193 us
06-11 09:40:39.747  4666  4666 I C02c11/APPSPAWN: [sandbox_utils.cpp:1064]uname sysname is linux
06-11 09:40:39.747  4666  4666 I C02c11/APPSPAWN: [sandbox_utils.cpp:1098]add gid to gitTable in com.ohos.settingsdata, permission is , gid:1065
06-11 09:40:39.747  4666  4666 I C02c11/APPSPAWN: [sandbox_utils.cpp:1064]uname sysname is linux
06-11 09:40:39.747  4666  4666 I C02c11/APPSPAWN: [sandbox_utils.cpp:333]errno is: 2, bind mount /data/hmos4/system/com.ohos.settingsdata/ to /mnt/sandbox/0/com.ohos.settingsdata/data/migrate/
06-11 09:40:39.747  4666  4666 I C02c11/APPSPAWN: [sandbox_utils.cpp:1064]uname sysname is linux
06-11 09:40:39.747  4666  4666 I C02c11/APPSPAWN: [sandbox_utils.cpp:333]errno is: 2, bind mount /mnt/user/0/sharefs/docs to /mnt/sandbox/0/com.ohos.settingsdata/mnt/storage/Users
06-11 09:40:39.747  4666  4666 E C02c11/APPSPAWN: [sandbox_utils.cpp:1009]DoAppSandboxMountOnce section permission failed, /mnt/sandbox/0/com.ohos.settingsdata/mnt/storage/Users
06-11 09:40:39.755  4666  4666 E C02c11/APPSPAWN: [sandbox_dec.c:190]open dec file fail.
06-11 09:40:39.755  4666  4666 E C02c11/APPSPAWN: [appspawn_silk.c:118]Load silk library failed for configItems is NULL
06-11 09:40:39.785   126   126 I C02c11/APPSPAWN: [appspawn_service.c:630]Get spawn timeout: 3.
06-11 09:40:39.786  4914  4914 W C01719/ffrt: 1:ChildHandle:147 ffts shared library handle is null
06-11 09:40:39.802  4666  4666 I C05a05/SecCompEnhanceClient: [RegisterCheckCallback]Register secComp: sessionId=1214627180, seqNum=******071.
06-11 09:40:39.805  4666  4915 I C057c1/IPCWorkThread: ThreadHandler 124: proto:0 policy:1 name:OS_IPC_0_4915 invoker:2057499264
06-11 09:40:39.808  4666  4916 I C057c1/IPCWorkThread: ThreadHandler 124: proto:0 policy:0 name:OS_IPC_1_4916 invoker:2155689984
06-11 09:40:39.812   664   723 E C01400/OHOS::RS: RsFrameReport:[loadSymbol]Get RSRenderStart symbol failed: do_dlsym failed: Symbol not found: RSRenderStart, version: null so=/system/lib64/platformsdk/libframe_ui_intf.z.so
06-11 09:40:39.812   664   723 E C01400/OHOS::RS: RsFrameReport:[RSRenderStart]load RSRenderStart function failed!
06-11 09:40:39.829   542  3799 I C05a02/PrivacyManagerService: [RegisterSecCompEnhance:171]Pid: 0
06-11 09:40:39.833   664   723 E C02515/DGLES: [unset_id@glv3_resource.cpp:75] id is bigger than bitmap_size, id: 912
06-11 09:40:39.833   542  3799 I C05a02/PrivacySecCompEnhanceAgent: [RegisterSecCompEnhance:145]Register sec comp enhance success, pid 4666, total 10.
06-11 09:40:39.833   664   723 E C02515/DGLES: [unset_id@glv3_resource.cpp:75] id is bigger than bitmap_size, id: 913
06-11 09:40:39.833   664   723 E C02515/DGLES: [unset_id@glv3_resource.cpp:75] id is bigger than bitmap_size, id: 914
06-11 09:40:39.833   664   723 E C02515/DGLES: [unset_id@glv3_resource.cpp:75] id is bigger than bitmap_size, id: 915
06-11 09:40:39.837  4666  4666 I C05a02/PrivacyManagerProxy: [RegisterSecCompEnhance:329]Result from server data = 0
06-11 09:40:39.837  4666  4666 I C02c11/APPSPAWN: [appspawn_server.c:34]NotifyResToParent: 0
06-11 09:40:39.838   126   126 I C02c11/APPSPAWN: [appspawn_service.c:985]Child process com.ohos.settingsdata success pid 4666 appId: 39 result: 0
06-11 09:40:39.838   126   126 I C02c11/APPSPAWN: [appspawn_appmgr.c:171]Add com.ohos.settingsdata, pid=4666 success
06-11 09:40:39.838   126   126 I C02c11/APPSPAWN: [hisysevent_adapter.cpp:186]ReportAbnormalDuration 126 with SPAWNCHILD  169627 us
06-11 09:40:39.839   126   126 I C02c11/APPSPAWN: [appspawn_service.c:597]watch app process pid 4666, pidFd 37
06-11 09:40:39.840   126   126 E C02c11/APPSPAWN: [appspawn_cgroup.c:54]Failed to open file errno: 2 path: /dev/pids/0/com.ohos.settingsdata/app_4666/cgroup.procs
06-11 09:40:39.840   126   126 E C02c11/APPSPAWN: [appspawn_cgroup.c:158]write pid to cgroup.procs fail /dev/pids/0/com.ohos.settingsdata/app_4666/cgroup.procs
06-11 09:40:39.840   126   126 I C02c11/APPSPAWN: [appspawn_service.c:260]SendMessageComplete connectionId: 2 result 0 app com.ohos.settingsdata pid 4666
06-11 09:40:39.840  4666  4666 I C02d0b/HICHECKER: hichecker param is empty.
06-11 09:40:39.841   682  4912 I C02c11/APPSPAWN_CLIENT: [appspawn_client.c:358]AppSpawnClientSendMsg reqId: 39 end result: 0x0 pid: 4666
06-11 09:40:39.841   682  4912 I C01311/AppMS: [app_spawn_client.cpp:535]pid = [4666]
06-11 09:40:39.841   682  4912 I C01311/AppMS: [app_mgr_service_inner.cpp:3425]Start process success, pid: 4666, processName: com.ohos.settingsdata.
06-11 09:40:39.842   844   857 I C02b91/AVSession: [HandleAppStateChanged()-app_manager_adapter.cpp:133] bundleName=com.ohos.settingsdata uid=20001 pid=4666 state=0
06-11 09:40:39.848   682  4912 E C01336/AMS: [resident_process_manager.cpp:333]GetResidentProcessEnable failed: 5
06-11 09:40:39.849   664   723 E C01400/OHOS::RS: RsFrameReport:[loadSymbol]Get RSRenderEnd symbol failed: do_dlsym failed: Symbol not found: RSRenderEnd, version: null so=/system/lib64/platformsdk/libframe_ui_intf.z.so
06-11 09:40:39.849   664   723 E C01400/OHOS::RS: RsFrameReport:[RSRenderEnd]load RSRenderEnd function failed!
06-11 09:40:39.852   503  3425 W C02510/DISP: [SetLayerMaskInfo:437] <private> is not supported
06-11 09:40:39.855   542  3799 W C057c3/IPCObjectStub: OnRemoteRequest 140: unknown code:6 desc:*.IApplicationStateObserver time:475171897057
06-11 09:40:39.871   254   290 W C01700/RSS: DispatchResourceToPluginSync, WARNING :libsocperf_plugin.z.so plugin cost time(13ms) over 10 ms!
06-11 09:40:39.872   254   290 I C01706/ueaServer-FrameMsgIntf: ReportProcessInfo pid is 4666, uid is 20001
06-11 09:40:39.872   254  4897 E C01706/qos_manager: thread 4897 belong to user 1096 open auth node failed
06-11 09:40:39.873   254  4897 E C01706/ueaServer-IntelliSenseServer: auth_enable 4666 failed
06-11 09:40:39.873   254  4897 I C01706/ueaServer-IntelliSenseServer: Get app info:4666 20001 com.ohos.settingsdata 0
06-11 09:40:39.880   682  4909 I C01311/AppMS: [app_state_observer_manager.cpp:605]Process Create, bundle:com.ohos.settingsdata, pid:4666, uid:20001, processType:1, extensionType:5, processName:com.ohos.settingsdata, renderUid:-1, isTestMode:0, callerPid:631, callerUid:7508
06-11 09:40:39.885   125  1641 I C057c2/IPCObjectProxy: SendRequest 155: handle:23 desc:*.AbilityManager refcnt:2 2643056384
06-11 09:40:39.893   542  3799 W C057c3/IPCObjectStub: OnRemoteRequest 140: unknown code:3 desc:*.IApplicationStateObserver time:475210453682
06-11 09:40:39.895   542  3799 W C057c3/IPCObjectStub: OnRemoteRequest 140: unknown code:9 desc:*.IApplicationStateObserver time:475211808974
06-11 09:40:39.904   125  4907 I C02da0/FaultLeakDetectorManager: NotifyProcessCreate: notify create com.ohos.settingsdata:4666
06-11 09:40:39.906   254  4897 I C01702/CgroupAdjuster: AdjustProcessGroup for 4666, source : 3
06-11 09:40:39.907   254  4897 E C01702/CgroupAdjuster: ApplyProcessGroup set 4666 to group 0 failed, ret=-1!
06-11 09:40:39.912   254  4899 I C01706/ueaServer-IntelliSenseServer: ProcessInfo NewAppRecord
06-11 09:40:39.915   225  3803 E C02699/MemMgr: KernelInterface::EchoToPath echo 4194304 > /proc/4666/rss_threshold failed: file is not open
06-11 09:40:39.915   225  3803 I C02699/MemMgr: AppObs::OnProcessCreated uid=20001, pid=4666, processName=com.ohos.settingsdata, bundle=com.ohos.settingsdata, isKeepAlive=0, isPreload=0, processType=1, hostPid=0
06-11 09:40:39.925   254  4917 W C01719/ffrt: 395:FFRTQosApplyForOther:244 tid 4917, Interrupted system call, ret:-1, eno:4
06-11 09:40:39.926   254  4917 I C01700/RSS: BatchLog:2026-06-11 09-40-09.902:9,3,socpe|2026-06-11 09-40-09.902:9,2,socpe|2026-06-11 09-40-10.131:1,2,frame:socpe|2026-06-11 09-40-10.131:55,2,therm|2026-06-11 09-40-10.142:4,2,frame|2026-06-11 09-40-12.025:9,1,socpe|2026-06-11 09-40-12.123:9,3,socpe|2026-06-11 09-40-12.124:9,2,socpe|2026-06-11 09-40-39.856:1,0,frame:socpe
06-11 09:40:39.929  4666  4666 I C01317/AppKit: [main_thread.cpp:2687]App main thread create, pid:4666
06-11 09:40:39.929  4666  4666 I C01201/EventHandler: Create eventHandler 1_475246489391
06-11 09:40:39.936  4823  4920 I C057c1/IPCWorkThread: ThreadHandler 124: proto:0 policy:0 name:OS_IPC_2_4920 invoker:3022429952
06-11 09:40:39.939   682   718 I C01120/BMS: rdb GetBundleResourceInfo -n com.ohos.settingsdata -i 0
06-11 09:40:39.939   682   718 W C01650/Rdb: RdbStoreManager[IsConfigInvalidChanged]: Config has no bundleName, path: /***/el1/***/bundleResource.db
06-11 09:40:39.942  4666  4666 I C01317/AppKit: [main_thread.cpp:361]attach to appMGR.
06-11 09:40:39.944   254  4919 W C01719/ffrt: 396:FFRTQosApplyForOther:244 tid 4919, Interrupted system call, ret:-1, eno:4
06-11 09:40:39.945   225  4918 W C01719/ffrt: 166:FFRTQosApplyForOther:244 tid 4918, Interrupted system call, ret:-1, eno:4
06-11 09:40:39.945   682  4913 I C01311/AppMS: [app_mgr_service_inner.cpp:968]AttachApplication called
06-11 09:40:39.945   682  4913 I C01311/AppMS: [app_mgr_service_inner.cpp:994]attach pid:4666, bundle:com.ohos.settingsdata
06-11 09:40:39.945   225  4918 I C02699/MemMgr: PrioManager::UpdateReclaimPriorityInner pid=4666, bundleUid=20001, bundleName=com.ohos.settingsdata, procName=com.ohos.settingsdata, time=1781142039915839000, reason=CREATE_PROCESS
06-11 09:40:39.947   682  4913 I C01311/AppMS: [app_running_record.cpp:640]Launch pending abilities.
06-11 09:40:39.950   682   718 I C01650/Rdb: ConnectionPool[Create]: code:0 app: path:[/***/el1/***/bundleResource.db] cfg:[0,0,0,0,1,0,0]bundleResource.db:<DB,0x3fde2,8359936><SHM,0x3fde4,32768><WAL,0x3fde3,0>
06-11 09:40:39.950   682   718 E C01650/Rdb: RdbStoreImpl[AfterOpen]: GetRdbService failed, err: 27394049, storeName: bundleResource.db.
06-11 09:40:39.950   682   718 I C01120/BMS: [bms_rdb_open_callback.cpp(OnOpen:49)]OnOpen
06-11 09:40:39.960  4666  4925 I C057c1/IPCWorkThread: ThreadHandler 124: proto:0 policy:0 name:OS_IPC_2_4925 invoker:2148062848
06-11 09:40:39.960  4666  4916 I C01317/AppKit: [main_thread.cpp:724]ScheduleLaunchAbility called, ability DataExtAbility, type is 5.
06-11 09:40:39.966   664   777 I C01400/Vsync: ThreadMain: <private>_DisableVSync, there is no valid connections
06-11 09:40:39.966   225  4923 W C01719/ffrt: 167:FFRTQosApplyForOther:244 tid 4923, Interrupted system call, ret:-1, eno:4
06-11 09:40:39.996   225  4922 W C01719/ffrt: 168:FFRTQosApplyForOther:244 tid 4922, Interrupted system call, ret:-1, eno:4
06-11 09:40:40.009   125  4879 E C02d66/Hiview-XPerformance: [InquiryOhImpl::ExtractStringValue] Canonical FilePath: /sys/class/ithermal/lpm/lpm_freq failed.
06-11 09:40:40.010   125  4879 E C02d66/Hiview-XPerformance: [InquiryOhImpl::ExtractStringValue] Canonical FilePath: /sys/class/power_supply/Battery/status failed.
06-11 09:40:40.035  4666  4666 I C03900/ACE_UIContent: [74]AceForwardCompatibility [com.ohos.settingsdata] force:1 newpipe:0
06-11 09:40:40.037   682   718 E C01120/BMS: permission denied caller:537487261
06-11 09:40:40.042  4666  4666 I C03f00/ArkCompiler: [ecmascript] asmint: 1, aot: 0, jit: 1, baseline jit: 0, bundle name: com.ohos.settingsdata
06-11 09:40:40.047  4666  4666 I C03f00/ArkCompiler: [ecmascript] multi-thread check enabled: 0
06-11 09:40:40.055  4666  4666 E C01707/CONCUR: [Interface] task 4930 apply qos failed, errno = 4
06-11 09:40:40.067  4666  4666 I C03f00/ArkCompiler: [gc] SmartGC: enter app cold start
06-11 09:40:40.067  4666  4666 I C03f00/ArkCompiler: [gc] SmartGC: startup GC restrain, phase 1 threshold: local 448MB, shared 354MB; phase 2 threshold: local 112MB, shared 145MB
06-11 09:40:40.068  4666  4666 I C03301/LIBUV: init:2142028032
06-11 09:40:40.068  4666  4666 I C03301/LIBUV: init:2142028032, backend_fd:6
06-11 09:40:40.068  4666  4666 I C03301/LIBUV: open:2142028032, pipefd[0]:25
06-11 09:40:40.071  4666  4666 I C03f00/ArkCompiler: [ecmascript] can not find aot file
06-11 09:40:40.071  4666  4666 I C03f00/ArkCompiler: [ecmascript] Stop load AOT because it's not in enable list
06-11 09:40:40.071  4666  4666 E C01305/Base: [zip_file.cpp(ExtractToBufByName:1071)]GetEntry failed hapPath pkgContextInfo.json
06-11 09:40:40.073  4666  4666 E C01719/ffrt: 2:StartMonitor:87 blockaware init fail, ret[22], key[0x0]
06-11 09:40:40.074  4666  4666 I C01719/ffrt: 3:QueueMonitor:41 queue monitor ctor enter
06-11 09:40:40.074  4666  4666 I C01719/ffrt: 4:QueueMonitor:53 queue monitor ctor leave, watchdog timeout 30000000 us
06-11 09:40:40.076  4666  4666 I C01719/ffrt: 6:DelayedWorker:205 timerfd:61, monitorfd:-22
06-11 09:40:40.076  4666  4666 E C01719/ffrt: 7:DelayedWorker:214 monitor:-22 add fail, ret:-1, errno:9, Bad file descriptor
06-11 09:40:40.075  4666  4931 W C01719/ffrt: 5:RunForever:41 [1986689416] set priority warn ret[1] eno[0]
06-11 09:40:40.078  4666  4933 W C01719/ffrt: 8:operator():115 [1984567688] set priority warn ret[1] eno[0]
06-11 09:40:40.108   664   777 I C01400/Vsync: ThreadMain: <private>_DisableVSync, there is no valid connections
06-11 09:40:40.089  4666  4932 W C01719/ffrt: 9:FFRTQosApplyForOther:244 tid 4932, Interrupted system call, ret:-1, eno:4
06-11 09:40:40.158  4666  4666 W C01321/JsRuntime: [connect_server_manager.cpp:165]not Connected
06-11 09:40:40.159  4666  4666 I C03f00/ArkCompiler: [ecmascript] JSNApi::NotifyDebugMode, tid = 4666, debugApp = 0, isDebugMode = 0, instanceId = 0
06-11 09:40:40.164   124   128 I C02c03/PARAM_WATCHER: [watcher_manager.cpp:67]Add remote watcher remoteWatcherId 56 4666 success
06-11 09:40:40.166   124   128 I C02c03/PARAM_WATCHER: [watcher_manager.cpp:299]SendLocalChange start keyPrefix 'persist.hdc.jdwp' remoteWatcherId 56
06-11 09:40:40.169   124   128 I C02c03/PARAM_WATCHER: [watcher_manager.cpp:176]Add watcher persist.hdc.jdwp remoteWatcherId: 56 groupId 41 success
06-11 09:40:40.170  4666  4934 I C02c03/PARAM_WATCHER: [watcher_manager_kits.cpp:172]Add watcher keyPrefix persist.hdc.jdwp remoteWatcherId 56 success
06-11 09:40:40.170  4666  4934 I C02d13/HDC_LOG: AddWatchHdcdJdwp rc:0
06-11 09:40:40.171  4666  4934 I C02d13/HDC_LOG: connect success cfd:60
06-11 09:40:40.171  4666  4934 I C02d13/HDC_LOG: Send2Jdwp send pid:4666, pp:com.ohos.settingsdata, isDebug:0, msglen:33
06-11 09:40:40.173  4666  4666 I C01e00/ResourceManager: CreateResourceManagerDef LoadThemeRes
06-11 09:40:40.173  4666  4666 W C01e00/ResourceManager: update userId, currentUserId_= 0, userId= 100
06-11 09:40:40.174  4666  4666 E C01336/AMS: [main_thread.cpp:3496]emptye config
06-11 09:40:40.174   937   937 I C02d13/HDC_LOG: [ReadStream:159] JDWP accept pid:4666-pkg:com.ohos.settingsdata isDebug:0
06-11 09:40:40.177  4666  4935 W C01653/NativePreferences: LoadFromDisk: The settingXml /***/el2/***/i18*** load failed.
06-11 09:40:40.177  4666  4666 W C01301/Ability: [resource_config_helper.cpp:157]invalid source:
06-11 09:40:40.177  4666  4666 W C01301/Ability: [resource_config_helper.cpp:157]invalid source:
06-11 09:40:40.179   121   837 I C01800/SAMGR: SubscribeSA:200,4666_62_1
06-11 09:40:40.180   121   837 I C01800/SAMGR: NotifyAddSA:200,4666_1
06-11 09:40:40.183  4666  4666 I C02d06/XCollie: Application is in starting period.
06-11 09:40:40.190   682   718 I C04200/ScreenSession: (1740)GetApiVersion: Get version from IPC
06-11 09:40:40.190  4666  4936 W C01719/ffrt: 10:FFRTQosApplyForOther:244 tid 4936, Interrupted system call, ret:-1, eno:4
06-11 09:40:40.192   682   718 E C01120/BMS: permission denied caller:537487261
06-11 09:40:40.193  4666  4666 I C03f00/ArkCompiler: [ecmascript] start to execute module buffer with secure memory: /data/storage/el1/bundle/entry/ets/Application/DataAbilityStage.abc
06-11 09:40:40.194  4666  4666 E C03f00/ArkCompiler: [TID 00123a] E/pandafile: Can not open xpm proc file, do not check secure memory anymore.
06-11 09:40:40.194  4666  4666 E C03f00/ArkCompiler: [ecmascript] Can not open xpm proc file, do not check secure memory anymore.
06-11 09:40:40.194  4666  4928 W C03f00/ArkCompiler: [ecmascript] set label failed! level: s1, file: /data/storage/ark-profile/rt_entry.ap
06-11 09:40:40.194  4666  4928 I C03f00/ArkCompiler: [ecmascript] Save profiler to file:/data/storage/ark-profile/rt_entry.ap
06-11 09:40:40.206  4666  4666 I A00500/SettingsData: DataAbilityStage onCreate
06-11 09:40:40.207  4666  4666 I C01340/Ext: [extension_ability_thread.cpp:218]Begin, extension: DataShareExtAbility
06-11 09:40:40.208   682   718 E C01120/BMS: permission denied caller:537487261
06-11 09:40:40.208  4666  4666 I C01651/DataShare: [Init()-datashare_ext_ability.cpp:62]: DataShareExtAbility begin init context
06-11 09:40:40.209  4666  4666 I C03f00/ArkCompiler: [ecmascript] start to execute module buffer with secure memory: /data/storage/el1/bundle/entry/ets/DataAbility/DataExtAbility.abc
06-11 09:40:40.211  4666  4666 I C03f01/NAPI: [(native_module_manager.cpp:297)(Register)] At tail register module name is 'application.DataShareExtensionAbility', isAppModule is 0
06-11 09:40:40.215  4666  4666 I C03f01/NAPI: [(native_module_manager.cpp:297)(Register)] At tail register module name is 'convertxml', isAppModule is 0
06-11 09:40:40.222  4666  4666 I C03f01/NAPI: [(native_module_manager.cpp:297)(Register)] At tail register module name is 'file.fs', isAppModule is 0
06-11 09:40:40.239  4666  4666 I C03f01/NAPI: [(native_module_manager.cpp:605)(LoadNativeModule)] key is default/abxconverter
06-11 09:40:40.241  4666  4666 I C03f01/NAPI: [(native_module_manager.cpp:297)(Register)] At tail register module name is 'default/abxconverter', isAppModule is 1
06-11 09:40:40.245  4666  4666 I C03f01/NAPI: [(native_module_manager.cpp:297)(Register)] At tail register module name is 'systemparameter', isAppModule is 0
06-11 09:40:40.250  4666  4666 I C03f01/NAPI: [(native_module_manager.cpp:297)(Register)] At tail register module name is 'uiAppearance', isAppModule is 0
06-11 09:40:40.254  4666  4666 I C03f01/NAPI: [(native_module_manager.cpp:297)(Register)] At tail register module name is 'power', isAppModule is 0
06-11 09:40:40.257  4666  4666 I C03f01/NAPI: [(native_module_manager.cpp:297)(Register)] At tail register module name is 'configPolicy', isAppModule is 0
06-11 09:40:40.258   121   837 I C01800/SAMGR: NF SA:65962,876_876
06-11 09:40:40.264  4666  4666 I C03f01/NAPI: [(native_module_manager.cpp:297)(Register)] At tail register module name is 'xml', isAppModule is 0
06-11 09:40:40.270  4666  4666 I C03f01/NAPI: [(native_module_manager.cpp:297)(Register)] At tail register module name is 'application.DataShareExtensionAbilityContext', isAppModule is 0
06-11 09:40:40.271  4666  4666 I C057c2/IPCObjectProxy: SendRequest 155: handle:12 desc:*.AbilityManager refcnt:4 2144390016
06-11 09:40:40.272   682   718 I C01336/AMS: [ability_manager_service.cpp:5258]AttachAbilityThread called
06-11 09:40:40.272   682   718 I C01336/AMS: [ability_connect_manager.cpp:808]Ability:/com.ohos.settingsdata/entry/DataExtAbility
06-11 09:40:40.272   682   718 W C01300/AAFwk: [task_handler_wrap.cpp:175]cancel task name: LoadTimeout_41, taskId: 1814, queueName: AbilityManagerService
06-11 09:40:40.274  4666  4666 I C01340/Ext: [extension_impl.cpp:97]DataExtAbility;sourceState:0;targetState:1;isNewWant:0
06-11 09:40:40.274  4666  4666 W C01324/JsNapi: [napi_common_want.cpp:1131]not wantpram
06-11 09:40:40.275  4666  4666 W C01324/JsNapi: [napi_common_want.cpp:1131]not wantpram
06-11 09:40:40.275  4666  4666 W C01324/JsNapi: [napi_common_want.cpp:1131]not wantpram
06-11 09:40:40.275  4666  4666 W C01324/JsNapi: [napi_common_want.cpp:1131]not wantpram
06-11 09:40:40.275  4666  4666 W C01324/JsNapi: [napi_common_want.cpp:1131]not wantpram
06-11 09:40:40.275  4666  4666 W C01324/JsNapi: [napi_common_want.cpp:1131]not wantpram
06-11 09:40:40.275  4666  4666 W C01324/JsNapi: [napi_common_want.cpp:1131]not wantpram
06-11 09:40:40.275  4666  4666 W C01324/JsNapi: [napi_common_want.cpp:1131]not wantpram
06-11 09:40:40.275  4666  4666 W C01324/JsNapi: [napi_common_want.cpp:1131]not wantpram
06-11 09:40:40.275  4666  4666 I A00500/SettingsData: Area 0
06-11 09:40:40.275  4666  4666 I A00500/SettingsData: onInitialize start
06-11 09:40:40.276  4666  4666 I A00500/SettingsData: call initRdbStore start
06-11 09:40:40.277  4666  4666 I A00500/SettingsData: onInitialize end
06-11 09:40:40.277  4666  4666 I C057c2/IPCObjectProxy: SendRequest 155: handle:12 desc:*.AbilityManager refcnt:4 2144390016
06-11 09:40:40.277  4666  4938 W C01650/Rdb: RdbStoreManager[IsConfigInvalidChanged]: Not found config cache, path: /***/el1/***/settingsdata.db
06-11 09:40:40.277   682   718 I C01336/AMS: [ability_manager_service.cpp:5861]Lifecycle: ability: /com.ohos.settingsdata/entry/DataExtAbility.
06-11 09:40:40.278   682   718 I C01336/AMS: [ability_connect_manager.cpp:905]AbilityTransitionDone called, ability:/com.ohos.settingsdata/entry/DataExtAbility, state:INACTIVE
06-11 09:40:40.278   682   718 I C01336/AMS: [ability_record.cpp:1672]ConnectAbility called.
06-11 09:40:40.279   542   542 W C057c3/IPCObjectStub: OnRemoteRequest 140: unknown code:2 desc:*.IApplicationStateObserver time:475595857932
06-11 09:40:40.281   254  4898 I C01702/CgroupAdjuster: AdjustProcessGroup for 4666, source : 2
06-11 09:40:40.281   254  4898 E C01702/CgroupAdjuster: ApplyProcessGroup set 4666 to group 0 failed, ret=-1!
06-11 09:40:40.282   225  4918 I C02699/MemMgr: PrioManager::UpdateReclaimPriorityInner pid=4666, bundleUid=20001, bundleName=com.ohos.settingsdata, procName=, time=1781142040281751000, reason=EXTENSION_STATE_CREATE
06-11 09:40:40.283  4666  4666 I C057c2/IPCObjectProxy: SendRequest 155: handle:12 desc:*.AbilityManager refcnt:3 2144390016
06-11 09:40:40.290   682   718 I C01336/AMS: [ability_connect_manager.cpp:977]ScheduleConnectAbilityDoneLocked called, Connect ability done, ability: /com.ohos.settingsdata/entry/DataExtAbility.
06-11 09:40:40.290   682   718 E C01311/AppMS: [app_running_manager.cpp:724]null
06-11 09:40:40.291   542   542 W C057c3/IPCObjectStub: OnRemoteRequest 140: unknown code:2 desc:*.IApplicationStateObserver time:475608063349
06-11 09:40:40.291   254  4897 I C01702/CgroupAdjuster: AdjustProcessGroup for 4666, source : 2
06-11 09:40:40.291   254  4897 E C01702/CgroupAdjuster: ApplyProcessGroup set 4666 to group 0 failed, ret=-1!
06-11 09:40:40.292   737  1275 I C01610/ZDDS: KvStoreDataService::KvStoreDeathRecipient: KvStore Client Death Observer
06-11 09:40:40.292   737  1275 I C01610/ZDDS: KvStoreDataService::KvStoreClientDeathObserverImpl: add death recipient
06-11 09:40:40.294   737  1275 I C01610/ZDDS: KvStoreDataService::operator(): bundleName:com.ohos.settingsdata, uid:20001, pid:4666, inserted:success.
06-11 09:40:40.295   682   718 W C01300/AAFwk: [task_handler_wrap.cpp:175]cancel task name: ConnectTimeout_38, taskId: 1830, queueName: AbilityManagerService
06-11 09:40:40.296   682   718 I C01336/AMS: [connection_record.cpp:137]CompleteConnect,DataExtAbility
06-11 09:40:40.297   631   878 I C01651/DataShare: [OnAbilityConnectDone()-datashare_connection.cpp:42]: on connect done, req uri:******/com.ohos.settingsdata.DataAbility, rev uri:******ttingsdata//DataExtAbility, ret=0
06-11 09:40:40.297   631   878 I C01336/AMS: [ability_connect_callback_stub.cpp:142]ON_ABILITY_CONNECT_DONE end
06-11 09:40:40.297   682   718 I C01335/Connection: [connection_record.cpp:172]connectState:2
06-11 09:40:40.298   225  4922 I C02699/MemMgr: PrioManager::UpdateReclaimPriorityInner pid=4666, bundleUid=20001, bundleName=com.ohos.settingsdata, procName=, time=1781142040297743000, reason=BIND_EXTENSION
06-11 09:40:40.300   682  4942 W C01719/ffrt: 18034:FFRTQosApplyForOther:244 tid 4942, Interrupted system call, ret:-1, eno:4
06-11 09:40:40.300   125   669 W C02d10/HiView-SysEventSource: IsValidSysEvent: type defined for event[DISTDATAMGR|DISTRIBUTED_DATA_SHARE_BEHAVIOR|1781142040297] is invalid.
06-11 09:40:40.301  4666  4666 I A00500/SettingsData: get userID from uri: datashare:///com.ohos.settingsdata/entry/settingsdata/SETTINGSDATA?Proxy=true&key=basic_statement_agreed
06-11 09:40:40.302   737  1275 I C01655/DRDB: RdbServiceStub::OnRemoteRequest: code:1, callingPid:4666
06-11 09:40:40.302  4666  4666 I A00500/SettingsData: rPos 67
06-11 09:40:40.302  4666  4666 I A00500/SettingsData: lPos 63
06-11 09:40:40.302  4666  4666 I A00500/SettingsData: userID substring: ATA
06-11 09:40:40.303  4666  4666 I A00500/SettingsData: getUserIDFromUri: user ID: 100
06-11 09:40:40.303   737  1275 I C01655/DRDB: RdbServiceImpl::InitNotifier: success tokenId:2009679d, pid=4666
06-11 09:40:40.303  4666  4666 I A00500/SettingsData: current maxuserno is: 100
06-11 09:40:40.303  4666  4666 I A00500/SettingsData: query start uri:datashare:///com.ohos.settingsdata/entry/settingsdata/SETTINGSDATA?Proxy=true&key=basic_statement_agreed with userID: 100 , callback is: function AsyncCallback() { [native code] }
06-11 09:40:40.303  4666  4666 I A00500/SettingsData: query request
06-11 09:40:40.303  4666  4666 E A00500/SettingsData: DB not ready request = datashare:///com.ohos.settingsdata/entry/settingsdata/SETTINGSDATA?Proxy=true&key=basic_statement_agreed , retry after DB startup
06-11 09:40:40.303  4666  4916 I C01651/DataShare: [SyncCall()-datashare_uv_queue.cpp:80]: function ended successfully. times 1781142040303.
06-11 09:40:40.303   737  1275 I C01655/DRDB: RdbServiceStub::OnRemoteRequest: code:16, callingPid:4666
06-11 09:40:40.309  4666  4938 I C01650/Rdb: SqliteConnection[CreateSlaveConnection]: slave cfg:[0,1,0,0,1,0,0]settingsdata_slave.db:<DB,0x2b2,4096><SHM,0x2bd,32768><WAL,0x2b3,4597952> master:<DB,0x29f,4096><SHM,0x2ae,32768><WAL,0x2a0,4597952>,[1,0,0,0]
06-11 09:40:40.311  4666  4938 I C01650/Rdb: ConnectionPool[Create]: code:0 app:com.ohos.settingsdata path:[/***/el1/***/settingsdata.db] cfg:[0,1,0,1,1,0,0]settingsdata.db:<DB,0x29f,4096><SHM,0x2ae,32768><WAL,0x2a0,4597952>
06-11 09:40:40.312   737  1275 I C01655/DRDB: RdbServiceStub::OnRemoteRequest: code:17, callingPid:4666
06-11 09:40:40.317   664   723 E C01400/OHOS::RS: RsFrameReport:[loadSymbol]Get RSRenderStart symbol failed: do_dlsym failed: Symbol not found: RSRenderStart, version: null so=/system/lib64/platformsdk/libframe_ui_intf.z.so
06-11 09:40:40.317   664   723 E C01400/OHOS::RS: RsFrameReport:[RSRenderStart]load RSRenderStart function failed!
06-11 09:40:40.327   664   723 E C02515/DGLES: [unset_id@glv3_resource.cpp:75] id is bigger than bitmap_size, id: 916
06-11 09:40:40.327   664   723 E C02515/DGLES: [unset_id@glv3_resource.cpp:75] id is bigger than bitmap_size, id: 917
06-11 09:40:40.327   664   723 E C02515/DGLES: [unset_id@glv3_resource.cpp:75] id is bigger than bitmap_size, id: 918
06-11 09:40:40.327   664   723 E C02515/DGLES: [unset_id@glv3_resource.cpp:75] id is bigger than bitmap_size, id: 919
06-11 09:40:40.337   664   723 E C01400/OHOS::RS: RsFrameReport:[loadSymbol]Get RSRenderEnd symbol failed: do_dlsym failed: Symbol not found: RSRenderEnd, version: null so=/system/lib64/platformsdk/libframe_ui_intf.z.so
06-11 09:40:40.337   664   723 E C01400/OHOS::RS: RsFrameReport:[RSRenderEnd]load RSRenderEnd function failed!
06-11 09:40:40.337   503   762 W C02510/DISP: [SetLayerMaskInfo:437] <private> is not supported
06-11 09:40:40.388   517   591 I C057ff/nStackXEpoll: DeRegisterEpollTask:[230] :DeRegisterEpollTask
06-11 09:40:40.389   517   591 I C057ff/nStackXEpoll: PrintTaskInfo:[71] :task: 00******a1b418, task->epollfd: 45, task->taskfd: 64, task->readHandle: 00******a1b420
06-11 09:40:40.389   517   591 I C057ff/nStackXEpoll: RegisterEpollTask:[206] :RegisterEpollTask
06-11 09:40:40.389   517   591 I C057ff/nStackXEpoll: PrintTaskInfo:[71] :task: 00******a1b418, task->epollfd: 45, task->taskfd: 64, task->readHandle: 00******a1b420
06-11 09:40:40.421   737  1196 E C01613/CLOUD: CloudServiceImpl::GetCloudInfoFromMeta: no exist meta, user:100 times:1781142040421.
06-11 09:40:40.421  4666  4938 I C01650/Rdb: SqliteConnection[GenerateExchangeStrategy]: equal, main:4,slave:4
06-11 09:40:40.439  4666  4666 I A00500/SettingsData: get rdbStore success, rdbstore: 0
06-11 09:40:40.439  4666  4666 I A00500/SettingsData: rdbStore [object Object]
06-11 09:40:40.440  4666  4666 I A00500/SettingsData: firstStartupConfig start
06-11 09:40:40.441  4666  4666 I C01653/PreferencesJsKit: GetContextMode: set gContextNode: 1, status: 0,
06-11 09:40:40.442  4666  4935 I C01653/NativePreferences: XmlReadFile: read xml file:/***/el1/***/Sett***ence, muti processing status is 0.
06-11 09:40:40.451  4666  4935 W C01653/NativePreferences: LoadFromDisk: The settingXml /***/el1/***/Sett***User load failed.
06-11 09:40:40.451  4666  4666 I A00500/SettingsData: firstStartupConfig isFirstStartUp = false max user no: 100
06-11 09:40:40.452  4666  4940 I C01650/Rdb: RdbStoreImpl[ExecuteSql]: db:settingsdata.db exe DDL schema<0->3> app self can check the SQL.
06-11 09:40:40.459  4666  4666 I A00500/SettingsData: firstStartupConfig end
06-11 09:40:40.459  4666  4666 I A00500/SettingsData: call initRdbStore end
06-11 09:40:40.459  4666  4666 I A00500/SettingsData: start load ccm json file
06-11 09:40:40.459  4666  4666 I A00500/SettingsData: WakeUpDataMigrate start doWakeUpMigrate
06-11 09:40:40.460  4666  4666 I A00500/SettingsData: WakeUpDataMigrate srcPath: false dstPath: false
06-11 09:40:40.460  4666  4666 I A00500/SettingsData: WakeUpDataMigrate srcfile is null or dstfile not null
06-11 09:40:40.460   121   837 I C01800/SAMGR: NF SA:65962,876_877
06-11 09:40:40.469  4666  4666 I A00500/SettingsData: ccm json file read success
06-11 09:40:40.471  4666  4666 I A00500/SettingsData: KeyMap:power_saving_on  -  settings.push.sleep_notification_enable
06-11 09:40:40.471  4666  4666 I A00500/SettingsData: KeyMap:swing_quick_pay  -  quick_pay_open_switch
06-11 09:40:40.471  4666  4666 I A00500/SettingsData: KeyMap:swing_scan_code  -  scan_code_open_switch
06-11 09:40:40.471  4666  4666 I A00500/SettingsData: KeyMap:enable_annoy_card_1  -  spamshield_sim1_phone_switch_ring_once
06-11 09:40:40.471  4666  4666 I A00500/SettingsData: KeyMap:enable_annoy_card_2  -  spamshield_sim2_phone_switch_ring_once
06-11 09:40:40.471  4666  4666 I A00500/SettingsData: KeyMap:airplane_mode_on  -  settings.telephony.airplanemode
06-11 09:40:40.471  4666  4666 I A00500/SettingsData: KeyMap:sle_on  -  nearlink_switch_enable
06-11 09:40:40.471  4666  4666 I A00500/SettingsData: KeyMap:location_mode  -  location_switch_enable
06-11 09:40:40.471  4666  4666 I A00500/SettingsData: KeyMap:accelerometer_rotation  -  settings.general.accelerometer_rotation_status
06-11 09:40:40.471  4666  4666 I A00500/SettingsData: KeyMap:screen_brightness_mode  -  settings.display.auto_screen_brightness
06-11 09:40:40.471  4666  4666 I A00500/SettingsData: KeyMap:screen_brightness  -  settings.display.screen_brightness_status
06-11 09:40:40.473  4666  4666 I A00500/SettingsData: KeyMap:screen_off_timeout  -  settings.display.screen_off_timeout
06-11 09:40:40.475  4666  4666 I A00500/SettingsData: KeyMap:time_12_24  -  settings.date.time_format
06-11 09:40:40.475  4666  4666 I A00500/SettingsData: KeyMap:parentcontrol_screentime_status  -  parent_control_switch
06-11 09:40:40.475  4666  4666 I A00500/SettingsData: KeyMap:parentcontrol_controlmode_status  -  parentcontrol_controlmode_status
06-11 09:40:40.475  4666  4666 I A00500/SettingsData: KeyMap:unified_default_device_name  -  settings.general.device_name
06-11 09:40:40.475  4666  4666 I A00500/SettingsData: KeyMap:unified_device_name  -  settings.general.user_defined_device_name
06-11 09:40:40.475  4666  4666 I A00500/SettingsData: KeyMap:unified_display_device_name  -  settings.general.display_device_name
06-11 09:40:40.475  4666  4666 I A00500/SettingsData: KeyMap:auto_time_zone  -  auto_timezone
06-11 09:40:40.475  4666  4666 I A00500/SettingsData: KeyMap:status_bar_pure_display_enabled  -  status_bar_pure_show
06-11 09:40:40.475  4666  4666 I A00500/SettingsData: KeyMap:show_network_speed_enabled  -  status_bar_show_real_time_network_speed
06-11 09:40:40.475  4666  4666 I A00500/SettingsData: KeyMap:notification_way_switch  -  status_bar_show_notification_icon
06-11 09:40:40.475  4666  4666 I A00500/SettingsData: KeyMap:lock_screen_allow_private_notifications  -  app_ntf_config_hide_content
06-11 09:40:40.475  4666  4666 I A00500/SettingsData: KeyMap:wakeup_when_receive_notification  -  app_ntf_config_screen_on
06-11 09:40:40.475  4666  4666 I A00500/SettingsData: KeyMap:hw_system_night_upgrade_switch  -  night_upgrade_switch
06-11 09:40:40.475  4666  4666 I A00500/SettingsData: KeyMap:hw_system_update_auto_download  -  wlan_auto_download_switch
06-11 09:40:40.475  4666  4666 I A00500/SettingsData: KeyMap:default_simcard_slotid  -  is_voice_card
06-11 09:40:40.475  4666  4666 I A00500/SettingsData: KeyMap:user_experience_involved  -  hiview_ue_switch_tmp
06-11 09:40:40.475  4666  4666 I A00500/SettingsData: KeyMap:call_log_merge_type  -  settings.telephony.calllogmergetype
06-11 09:40:40.475  4666  4666 I A00500/SettingsData: KeyMap:oobe_statement_agreed  -  basic_statement_agreed
06-11 09:40:40.475  4666  4666 I A00500/SettingsData: KeyMap:elder_care_switch  -  accessibility_elder_care_switch_enabled
06-11 09:40:40.475  4666  4666 I A00500/SettingsData: KeyMap:persist.sys.easyflag  -  settings.power.wakeup_double_click
06-11 09:40:40.475  4666  4666 I A00500/SettingsData: KeyMap:low_resolution_switch  -  settings.display.resolution_smart_switch
06-11 09:40:40.476  4666  4666 I A00500/SettingsData: KeyMap:SmartModeStatus  -  settings.power.smart_mode_status
06-11 09:40:40.476  4666  4666 I A00500/SettingsData: KeyMap:battery_percent_switch  -  status_bar_show_battery_soc
06-11 09:40:40.476  4666  4666 I A00500/SettingsData: KeyMap:app_ntf_config_hide_content  -  app_ntf_config_hide_banner_content
06-11 09:40:40.476  4666  4666 I A00500/SettingsData: KeyMap:mode_ringer  -  ringer_mode
06-11 09:40:40.476  4666  4666 I A00500/SettingsData: KeyMap:volume_alarm  -  alarm_volume
06-11 09:40:40.476  4666  4666 I A00500/SettingsData: KeyMap:volume_alarm_speaker  -  alarm_volume_builtin
06-11 09:40:40.476  4666  4666 I A00500/SettingsData: KeyMap:volume_music  -  music_volume
06-11 09:40:40.476  4666  4666 I A00500/SettingsData: KeyMap:volume_music_speaker  -  music_volume_builtin
06-11 09:40:40.476  4666  4666 I A00500/SettingsData: KeyMap:volume_music_bt_a2dp  -  music_volume_wireless
06-11 09:40:40.476  4666  4666 I A00500/SettingsData: KeyMap:volume_music_usb_device  -  music_volume_wired
06-11 09:40:40.476  4666  4666 I A00500/SettingsData: KeyMap:volume_notification  -  notification_volume_builtin
06-11 09:40:40.476  4666  4666 I A00500/SettingsData: KeyMap:volume_ring  -  ring_volume
06-11 09:40:40.476  4666  4666 I A00500/SettingsData: KeyMap:volume_ring_bt_a2dp  -  ring_volume_wireless
06-11 09:40:40.476  4666  4666 I A00500/SettingsData: KeyMap:volume_ring_usb_device  -  ring_volume_wired
06-11 09:40:40.476  4666  4666 I A00500/SettingsData: KeyMap:volume_ring_speaker  -  ring_volume_builtin
06-11 09:40:40.476  4666  4666 I A00500/SettingsData: KeyMap:volume_system  -  system_volume
06-11 09:40:40.476  4666  4666 I A00500/SettingsData: KeyMap:volume_voice  -  voice_call_volume
06-11 09:40:40.476  4666  4666 I A00500/SettingsData: KeyMap:volume_voice_earpiece  -  voice_call_volume_builtin
06-11 09:40:40.476  4666  4666 I A00500/SettingsData: KeyMap:volume_voice_bt_a2dp  -  voice_call_volume_wireless
06-11 09:40:40.476  4666  4666 I A00500/SettingsData: KeyMap:volume_voice_usb_device  -  voice_call_volume_wired
06-11 09:40:40.476  4666  4666 I A00500/SettingsData: KeyMap:volume_tts  -  voice_assistant_volume_builtin
06-11 09:40:40.476  4666  4666 I A00500/SettingsData: KeyMap:volume_tts_bt_a2dp  -  voice_assistant_volume_wireless
06-11 09:40:40.476  4666  4666 I A00500/SettingsData: KeyMap:volume_tts_usb_device  -  voice_assistant_volume_wired
06-11 09:40:40.476  4666  4666 I A00500/SettingsData: KeyMap:haptic_feedback_enabled  -  physic_navi_haptic_feedback_enabled
06-11 09:40:40.476  4666  4666 I A00500/SettingsData: KeyMap:hw_screen_freq  -  settings.display.hw_screen_freq
06-11 09:40:40.476  4666  4666 I A00500/SettingsData: KeyMap:screen_lock_fingerprint_unlock_protection_db  -  key_fp_unlock_protection_for_screen_lock
06-11 09:40:40.476  4666  4666 I A00500/SettingsData: KeyMap:setting_distributed_pasteboard_switch  -  distributed_pasteboard_switch
06-11 09:40:40.476  4666  4666 I A00500/SettingsData: KeyMap:nfc_payment_default_component  -  nfc_payment_default_app
06-11 09:40:40.476  4666  4666 I A00500/SettingsData: KeyMap:play_camera_sound  -  always_play_screenshot_sound
06-11 09:40:40.476  4666  4666 I A00500/SettingsData: KeyMap:accessibility_shortcut_dialog_shown  -  accessibility_shortcut_timeout
06-11 09:40:40.476  4666  4666 I A00500/SettingsData: KeyMap:default_input_method  -  default_input_method
06-11 09:40:40.476  4666  4666 I A00500/SettingsData: KeyMap:cover_enabled  -  cover_enabled
06-11 09:40:40.476  4666  4666 I A00500/SettingsData: KeyMap:cover_type  -  cover_type
06-11 09:40:40.476  4666  4666 I A00500/SettingsData: KeyMap:hw_gnss_high_accuracy_state  -  loc_hd_gnss_status
06-11 09:40:40.476  4666  4666 I A00500/SettingsData: KeyMap:hw_ebook_mode_switch  -  settings.display.ebook_switch
06-11 09:40:40.476  4666  4666 I A00500/SettingsData: KeyMap:hw_ebook_mode_value  -  settings.display.ebook_mode
06-11 09:40:40.476  4666  4666 I A00500/SettingsData: KeyMap:eyes_protection_mode  -  settings.eyeshield.enable
06-11 09:40:40.476  4666  4666 I A00500/SettingsData: KeyMap:eye_comfort_schedule_switch  -  settings.display.eye_comfort_mode
06-11 09:40:40.476  4666  4666 I A00500/SettingsData: KeyMap:eye_comfort_starttime  -  settings.display.eye_comfort_starttime
06-11 09:40:40.476  4666  4666 I A00500/SettingsData: KeyMap:eye_comfort_endtime  -  settings.display.eye_comfort_endtime
06-11 09:40:40.476  4666  4666 I A00500/SettingsData: KeyMap:wallpaperAodDisplay  -  wallpaperAodDisplay
06-11 09:40:40.476  4666  4666 I A00500/SettingsData: KeyMap:color_mode_switch  -  settings.color_mode
06-11 09:40:40.476  4666  4666 I A00500/SettingsData: KeyMap:color_temperature_mode  -  settings.color_temperature
06-11 09:40:40.476  4666  4666 I A00500/SettingsData: KeyMap:color_temperature_pos  -  settings.color_temperature_coordinate
06-11 09:40:40.476  4666  4666 I A00500/SettingsData: KeyMap:hw_natural_tone_display_switch  -  settings.hw_natural_tone_display_switch
06-11 09:40:40.476  4666  4666 I A00500/SettingsData: KeyMap:hw_dc_brightness_dimming_switch  -  settings.display.eye_dc_brightness_switch
06-11 09:40:40.476  4666  4666 I A00500/SettingsData: KeyMap:user_set_warm  -  settings.display.eye_comfort_level
06-11 09:40:40.476  4666  4666 I A00500/SettingsData: KeyMap:hdr_image_display  -  settings.display.hdr_picture_switch
06-11 09:40:40.476  4666  4666 I A00500/SettingsData: KeyMap:smart_backlight_enable  -  settings.display.natural_light_switch
06-11 09:40:40.476  4666  4666 I A00500/SettingsData: KeyMap:multi_win_interact  -  multi_dock_status
06-11 09:40:40.476  4666  4666 I A00500/SettingsData: KeyMap:default_input_method  -  default_input_method
06-11 09:40:40.476  4666  4666 I A00500/SettingsData: KeyMap:VOICE_AIVOICE_ENABLE_FLAG  -  ai_voice_noise_suppression_flag
06-11 09:40:40.476  4666  4666 I A00500/SettingsData: KeyMap:AIVOICE_POPUP_TIMES  -  ai_voice_banner_noitication_popup_times
06-11 09:40:40.476  4666  4666 I A00500/SettingsData: KeyMap:ui_night_mode  -  settings.uiappearance.darkmode_mode
06-11 09:40:40.476  4666  4666 I A00500/SettingsData: KeyMap:com.android.settings.development.stereo_enhancement_disabled  -  settings.developer.stereo_enhancement
06-11 09:40:40.476  4666  4666 I A00500/SettingsData: KeyMap:undefined  -  undefined
06-11 09:40:40.476  4666  4666 I A00500/SettingsData: dump map: doSystemMigrate migrateKeyMap:  with size: 214
06-11 09:40:40.476  4666  4666 I A00500/SettingsData: myMap.size > 0 dump map: doSystemMigrate migrateKeyMap:  with size: 214
06-11 09:40:40.476  4666  4666 I A00500/SettingsData: start load ccm json file
06-11 09:40:40.478  4666  4666 I A00500/SettingsData: ccm json file read success
06-11 09:40:40.499  4666  4666 I A00500/SettingsData: dump map: doSystemMigrate targetsTableMap:  with size: 206
06-11 09:40:40.499  4666  4666 I A00500/SettingsData: myMap.size > 0 dump map: doSystemMigrate targetsTableMap:  with size: 206
06-11 09:40:40.501  4666  4666 I A00500/SettingsData: doSystemMigrate start... 
06-11 09:40:40.508   664   777 I C01400/Vsync: ThreadMain: <private>_DisableVSync, there is no valid connections
06-11 09:40:40.509  4666  4666 I A00000/ABX_CONVERTER: abx2Xml start
06-11 09:40:40.509  4666  4666 I A00000/ABX_CONVERTER: src value is /data/migrate/settings_global.xml , dest value is /data/storage/el1/database/settings_global.xml
06-11 09:40:40.509  4666  4666 I A00000/ABX_CONVERTER: convert result is  -1
06-11 09:40:40.509  4666  4666 E A00500/SettingsData: decoder failure: /data/migrate/settings_global.xml , error code:-1
06-11 09:40:40.510  4666  4666 E A00500/SettingsData: readText failed:No such file or directory, error code:13900002
06-11 09:40:40.510  4666  4666 I A00500/SettingsData: doSystemMigrate end - no need!
06-11 09:40:40.510  4666  4666 I A00500/SettingsData: userLeft : 0
06-11 09:40:40.510  4666  4666 I A00500/SettingsData: current maxuserno is: 100
06-11 09:40:40.510  4666  4666 I A00500/SettingsData: loadDefaultSettingsData exists
06-11 09:40:40.510  4666  4666 I A00500/SettingsData: checkAndDoDBVersionUpgrade start 
06-11 09:40:40.516  4666  4666 I A00500/SettingsData: query result:1
06-11 09:40:40.516  4666  4666 I A00500/SettingsData: DB version 6 <==> 6 is latest
06-11 09:40:40.519   121   837 I C01800/SAMGR: SubscribeSA:1301,4666_59_2
06-11 09:40:40.519   121   837 I C01800/SAMGR: NotifyAddSA:1301,4666_2
06-11 09:40:40.523  4666  4925 I C01651/DataShare: [operator()()-data_share_manager_impl.cpp:134]: RecoverObs start
06-11 09:40:40.525   737  1275 I C01651/DataShare: DataShareServiceStub::OnRemoteRequest: code:18, callingPid:4666
06-11 09:40:40.525   737  1275 I C01651/DataShare: DataShareSilentConfig::EnableSilentProxy: Enable silent proxy, callerTokenId:537487261, enable:1, uri:******
06-11 09:40:40.526  4666  4666 I A00500/SettingsData: SilentProxy processInitialRequests enable success
06-11 09:40:40.526  4666  4666 I A00500/SettingsData: processInitialRequests
06-11 09:40:40.526  4666  4666 I A00500/SettingsData: onInitialized query start with uri: datashare:///com.ohos.settingsdata/entry/settingsdata/SETTINGSDATA?Proxy=true&key=basic_statement_agreed
06-11 09:40:40.528  4666  4666 I A00500/SettingsData: query result from datashare: empty! DB state: 3
06-11 09:40:40.532   682   718 E C01336/AMS: [ability_connect_manager.cpp:687]recordList empty
06-11 09:40:40.535   682   718 I C01335/Connection: [connection_record.cpp:120]DisconnectAbility called
06-11 09:40:40.535   682   718 I C01336/AMS: [ability_record.cpp:1687]DisconnectAbility, bundle:com.ohos.settingsdata, ability:DataExtAbility.
06-11 09:40:40.536   682   718 E C01311/AppMS: [app_running_manager.cpp:724]null
06-11 09:40:40.537  4666  4666 I C057c2/IPCObjectProxy: SendRequest 155: handle:12 desc:*.AbilityManager refcnt:3 2144390016
06-11 09:40:40.537   631   683 I C01651/DataShare: [DisconnectDataShareExtAbility()-datashare_connection.cpp:219]: disconnect uri:******/com.ohos.settingsdata.DataAbility, ret = 0
06-11 09:40:40.538   682  1121 I C01336/AMS: [ability_manager_service.cpp:5950]call
06-11 09:40:40.538   682  1121 I C01336/AMS: [ability_connect_manager.cpp:1096]schedule disconnect /com.ohos.settingsdata/entry/DataExtAbility.
06-11 09:40:40.538   682  1121 W C01300/AAFwk: [task_handler_wrap.cpp:175]cancel task name: DisconnectTimeout_38, taskId: 1836, queueName: AbilityManagerService
06-11 09:40:40.540   631   878 I C01651/DataShare: [OnAbilityDisconnectDone()-datashare_connection.cpp:75]: on disconnect done, req uri:, rev uri:******ttingsdata//DataExtAbility, ret=0
06-11 09:40:40.540   631   878 I C01336/AMS: [ability_connect_callback_stub.cpp:149]ON_ABILITY_DISCONNECT_DONE end
06-11 09:40:40.540   542   542 W C057c3/IPCObjectStub: OnRemoteRequest 140: unknown code:2 desc:*.IApplicationStateObserver time:475857266808
06-11 09:40:40.540   682  1121 I C01336/AMS: [ability_connect_manager.cpp:1105]need terminate or cache
06-11 09:40:40.540   682  1121 I C01336/AMS: [ability_connect_manager.cpp:734]called
06-11 09:40:40.540   682  1121 E C01336/AMS: [ability_cache_manager.cpp:61]not find record
06-11 09:40:40.541   254  4900 I C01702/CgroupAdjuster: AdjustProcessGroup for 4666, source : 2
06-11 09:40:40.541   254  4900 E C01702/CgroupAdjuster: ApplyProcessGroup set 4666 to group 0 failed, ret=-1!
06-11 09:40:40.544  4666  4666 I C01340/Ext: [extension_impl.cpp:97]DataExtAbility;sourceState:2;targetState:0;isNewWant:0
06-11 09:40:40.544  4666  4666 I C057c2/IPCObjectProxy: SendRequest 155: handle:12 desc:*.AbilityManager refcnt:3 2144390016
06-11 09:40:40.544   631   683 W C04707/HaService: Query string failed: empty rows
06-11 09:40:40.551   225  4923 I C02699/MemMgr: PrioManager::UpdateReclaimPriorityInner pid=4666, bundleUid=20001, bundleName=com.ohos.settingsdata, procName=, time=1781142040542800000, reason=UNBIND_EXTENSION
06-11 09:40:40.551   225  4923 I C057c2/IPCObjectProxy: SendRequest 155: handle:4 desc:*.AbilityManager refcnt:2 2422421248
06-11 09:40:40.551   682  1121 I C01336/AMS: [ability_manager_service.cpp:5861]Lifecycle: ability: /com.ohos.settingsdata/entry/DataExtAbility.
06-11 09:40:40.552   682  1121 I C01336/AMS: [ability_connect_manager.cpp:905]AbilityTransitionDone called, ability:/com.ohos.settingsdata/entry/DataExtAbility, state:INITIAL
06-11 09:40:40.552   682  1121 W C01300/AAFwk: [task_handler_wrap.cpp:175]cancel task name: terminate_41, taskId: 1841, queueName: AbilityManagerService
06-11 09:40:40.555   631   683 W C04707/HaService: Base statement: -1.
06-11 09:40:40.556  4666  4943 I C057c1/IPCWorkThread: ThreadHandler 124: proto:0 policy:0 name:OS_IPC_3_4943 invoker:2058531200
06-11 09:40:40.556   682  4913 I C01311/AppMS: [app_running_record.cpp:1166]TerminateAbility:DataExtAbility
06-11 09:40:40.556   682  4913 I C01311/AppMS: [app_running_manager.cpp:657]TerminateAbility:isLast:1,keepAlive:0
06-11 09:40:40.556   682  4913 I C01311/AppMS: [app_running_manager.cpp:673]Terminate last ability in app:com.ohos.settingsdata.
06-11 09:40:40.557   125   669 W C02d10/HiView-SysEventSource: IsValidSysEvent: type defined for event[DISTDATAMGR|DISTRIBUTED_DATA_SHARE_BEHAVIOR|1781142040537] is invalid.
06-11 09:40:40.558   682  4913 I C01311/AppMS: [app_running_record.cpp:1329]eventId 58
06-11 09:40:40.558  4666  4666 I C01340/Ext: [extension_impl.cpp:32]~ExtensionImpl
06-11 09:40:40.558  4666  4666 I C01201/EventHandler: ~EventHandler enter 5_475524020599
06-11 09:40:40.559  4666  4666 W C01317/AppKit: [context_impl.cpp:326]moudle[entry] temp path not exist,path: /data/storage/el2/base/haps/entry/temp
06-11 09:40:40.559   542   542 W C057c3/IPCObjectStub: OnRemoteRequest 140: unknown code:2 desc:*.IApplicationStateObserver time:475876658058
06-11 09:40:40.561   254  4899 I C01702/CgroupAdjuster: AdjustProcessGroup for 4666, source : 2
06-11 09:40:40.561   254  4899 E C01702/CgroupAdjuster: ApplyProcessGroup set 4666 to group 0 failed, ret=-1!
06-11 09:40:40.565  4666  4666 I C02c11/APPSPAWN: [appspawn_server.c:42]App exit code: 0
06-11 09:40:40.596   937   937 I C02d13/HDC_LOG: [ReadStream:130] HdcJdwp::ReadStream invalid package nread:-4095.
06-11 09:40:40.596   937   937 I C02d13/HDC_LOG: [ReadStream:178] ReadStream proc:4666 err, free it.
06-11 09:40:40.596   937   937 I C02d13/HDC_LOG: [FreeContext:82] FreeContext for targetPID :4666
06-11 09:40:40.596   937   937 I C02d13/HDC_LOG: [RemoveFdFromPollList:105] RemoveFdFromPollList for pid:4666.
06-11 09:40:40.597   664   690 W C057c2/IPCObjectProxy: SendObituary 535: handle:80 desc: 2306845376
06-11 09:40:40.597   937   937 I C02d13/HDC_LOG: [DispUvStreamInfo:624] before uv handle close, the uv handle type is 6
06-11 09:40:40.597   664  1666 W C057c2/IPCObjectProxy: SendObituary 535: handle:86 desc: 2032719552
06-11 09:40:40.597   737  1275 W C057c2/IPCObjectProxy: SendObituary 535: handle:35 desc: 2837964480
06-11 09:40:40.597   737  1275 I C01610/ZDDS: KvStoreDataService::OnRemoteDied: begin
06-11 09:40:40.597   737  1275 I C01610/ZDDS: KvStoreDataService::NotifyClientDie: appId: com.ohos.settingsdata uid:20001 tokenId:537487261
06-11 09:40:40.597   737  1275 I C01610/ZDDS: KvStoreDataService::AppExit: AppExit
06-11 09:40:40.597   737  1275 I C01610/ZDDS: KvStoreDataService::~KvStoreClientDeathObserverImpl: ~KvStoreClientDeathObserverImpl
06-11 09:40:40.597   737  1275 I C01610/ZDDS: KvStoreDataService::~KvStoreClientDeathObserverImpl: remove death recipient
06-11 09:40:40.597   737  1275 I C01610/ZDDS: KvStoreDataService::~KvStoreClientDeathObserverImpl: ~KvStoreClientDeathObserverImpl
06-11 09:40:40.597   737  1275 I C01654/DOBJECT: SAMGR::OnAppExit: ObjectServiceImpl::OnAppExit uid=20001, pid=4666, tokenId=537487261, bundleName=com.ohos.settingsdata
06-11 09:40:40.598   737  1275 I C01651/DataShare: DataShareServiceImpl::OnAppExit: AppExit uid=20001, pid=4666, tokenId=0x2009679d, bundleName=com.ohos.settingsdata
06-11 09:40:40.598   737  1275 I C01610/ZDDS: KVDBServiceImpl::OnAppExit: pid:4666 uid:20001 appId:com.ohos.settingsdata
06-11 09:40:40.598   737  1275 I C01655/DRDB: RdbServiceImpl::OnAppExit: client dead, tokenId:537487261, pid:4666 
06-11 09:40:40.599   121  1062 W C057c2/IPCObjectProxy: SendObituary 535: handle:109 desc:*.ISystemAbilityStatusChange 2725627648
06-11 09:40:40.600   682  1121 W C057c2/IPCObjectProxy: SendObituary 535: handle:221 desc:*.AppScheduler 2939901824
06-11 09:40:40.605   126   126 I C02c11/APPSPAWN: [appspawn_service.c:561]Clear process group with pid 4666, pidFd 37
06-11 09:40:40.606   124   128 W C057c2/IPCObjectProxy: SendObituary 535: handle:23 desc:*.IWatcher 2208819328
06-11 09:40:40.605   126   126 W C02c11/APPSPAWN: [appspawn_cgroup.c:78]SetForkDenied 4666 open failed 
06-11 09:40:40.607   126   126 E C02c11/APPSPAWN: [appspawn_cgroup.c:95]Open file fail /dev/pids/0/com.ohos.settingsdata/app_4666/cgroup.procs errno: 2
06-11 09:40:40.609   126   126 I C02c11/APPSPAWN: [appspawn_service.c:179]ProcessSignal signum 17 4666
06-11 09:40:40.612   124   128 I C02c03/PARAM_WATCHER: [watcher_manager.cpp:467]Agent died 56 4666
06-11 09:40:40.612   124   128 I C02c03/PARAM_WATCHER: [watcher_manager.cpp:653]Delete param watcher remoteWatcherId 56 group 41
06-11 09:40:40.636   126   126 W C02c11/APPSPAWN: [appspawn_service.c:139]com.ohos.settingsdata with pid 4666 exit with code:0
06-11 09:40:40.637   126   126 W C02c11/APPSPAWN: [appspawn_cgroup.c:78]SetForkDenied 4666 open failed 
06-11 09:40:40.637   126   126 E C02c11/APPSPAWN: [appspawn_cgroup.c:95]Open file fail /dev/pids/0/com.ohos.settingsdata/app_4666/cgroup.procs errno: 2
06-11 09:40:40.639   664   777 I C01400/Vsync: ThreadMain: <private>_DisableVSync, there is no valid connections
06-11 09:40:40.640   664   664 I C01406/OHOS::RS: RSMainThread::UnRegisterUIExtensionCallback for PID: 4666.
06-11 09:40:40.640   126   126 I C02c11/APPSPAWN: [sandbox_utils.cpp:2310]Umount2 sandbox path /mnt/sandbox/0/com.ohos.settingsdata/data/storage/el1/bundle success
06-11 09:40:40.640   682  4909 I C01311/AppMS: [app_running_manager.cpp:428]pname: com.ohos.settingsdata
06-11 09:40:40.640   682  4909 I C01311/AppMS: [app_running_manager.cpp:431]pid: 4666
06-11 09:40:40.641   682  4909 I C01311/AppMS: [app_mgr_service_inner.cpp:2247]KillProcessByPid, process not exists, pid: 4666
06-11 09:40:40.641   121  1062 I C01800/SAMGR: rm SAListener 4666,58
06-11 09:40:40.642   682  4909 I C01311/AppMS: [app_running_manager.cpp:1720]app is unset permission
06-11 09:40:40.644   542   542 I C05a02/PrivacySecCompEnhanceAgent: [OnProcessDied:37]OnProcessDied pid 4666
06-11 09:40:40.644   542   542 I C05a02/PrivacySecCompEnhanceAgent: [RemoveSecCompEnhance:108]Remove pid 4666 data.
06-11 09:40:40.645   682  4908 W C01335/Connection: [connection_state_manager.cpp:404]callerPid:4666.
06-11 09:40:40.645  4823  4920 I C05a05/AppStateObserver: [OnProcessDied]OnProcessDied die com.ohos.settingsdata pid 4666
06-11 09:40:40.645  4823  4920 I C05a05/SecCompEnhanceService: [NotifyProcessDied]NotifyProcessDied 4666.
06-11 09:40:40.645  4823  4920 E C05a05/SecCompEnhanceService: [UnregisterCheckCallback]pid 4666 has not registerd.
06-11 09:40:40.648   225  1116 I C02699/MemMgr: AppObs::OnProcessDied uid=20001, pid=4666, processName=com.ohos.settingsdata, bundle=com.ohos.settingsdata
06-11 09:40:40.649  1564  1689 I C05a04/AppStateObserver: [OnProcessDied:289]com.ohos.settingsdata is died, uid: 20001
06-11 09:40:40.650   254  4898 I C01706/ueaServer-IntelliSenseServer: ProcessInfo NewDiedProcess
06-11 09:40:40.650   254  4898 E C01706/qos_manager: thread 4898 belong to user 1096 open auth node failed
06-11 09:40:40.650   254  4898 E C01706/ueaServer-IntelliSenseServer: auth_delete 4666 failed
06-11 09:40:40.650   254  4898 I C01706/ueaServer-IntelliSenseServer: [ReportMessage]pid 4666 died.
06-11 09:40:40.651   121   837 W C057c2/IPCObjectProxy: SendObituary 535: handle:103 desc:*.ISystemAbilityStatusChange 2725360128
06-11 09:40:40.651   121   837 I C01800/SAMGR: rm SAListener 4666,61
06-11 09:40:40.651   254  4898 I C01702/CgroupEventHandler: HandleOnAppStopped : 20001, com.ohos.settingsdata
06-11 09:40:40.652   225  4918 I C02699/MemMgr: PrioManager::UpdateReclaimPriorityInner pid=4666, bundleUid=20001, bundleName=com.ohos.settingsdata, procName=com.ohos.settingsdata, time=1781142040648723000, reason=PROCESS_TERMINATED
06-11 09:40:40.655   371   732 I C02220/SocketSessionManager: in OnProcessDied, 'com.ohos.settingsdata' died, pid:4666
06-11 09:40:40.658   125  3809 I C057c2/IPCObjectProxy: SendRequest 155: handle:23 desc:*.AbilityManager refcnt:2 2643056384
06-11 09:40:40.659   631   683 I C04707/HaService: MaintLogger DeviceStatusLogger : [ mode:0,screen:1,net:1,overHeated:0,game:0] | SysEventLogger : [3, 1, 0, 1, 1, 1, 0] | RDBLogger : [0, 0, 0, 1, 0, 10, 0] | 
06-11 09:40:40.661   121   837 I C01800/SAMGR: NF SA:65962,876_878
06-11 09:40:40.685   125  4905 I C02da0/FaultLeakDetectorManager: NotifyProcessDied: NotifyProcessDied process:com.ohos.settingsdata:4666
06-11 09:40:40.690   682   718 I C01120/BMS: rdb GetBundleResourceInfo -n com.ohos.settingsdata -i 0
06-11 09:40:40.784   293  4895 W C01719/ffrt: 302:~WorkerThread:72 to exit, qos[2]
06-11 09:40:40.789   293  4896 W C01719/ffrt: 303:~WorkerThread:72 to exit, qos[2]
06-11 09:40:40.814   664   723 E C01400/OHOS::RS: RsFrameReport:[loadSymbol]Get RSRenderStart symbol failed: do_dlsym failed: Symbol not found: RSRenderStart, version: null so=/system/lib64/platformsdk/libframe_ui_intf.z.so
06-11 09:40:40.814   664   723 E C01400/OHOS::RS: RsFrameReport:[RSRenderStart]load RSRenderStart function failed!
06-11 09:40:40.823   664   723 E C02515/DGLES: [unset_id@glv3_resource.cpp:75] id is bigger than bitmap_size, id: 920
06-11 09:40:40.823   664   723 E C02515/DGLES: [unset_id@glv3_resource.cpp:75] id is bigger than bitmap_size, id: 921
06-11 09:40:40.823   664   723 E C02515/DGLES: [unset_id@glv3_resource.cpp:75] id is bigger than bitmap_size, id: 922
06-11 09:40:40.823   664   723 E C02515/DGLES: [unset_id@glv3_resource.cpp:75] id is bigger than bitmap_size, id: 923
06-11 09:40:40.823   664   723 E C02515/DGLES: [d_eglSwapBuffers_special@egl_gpu.cpp:729] thread output size 1454183 speed 957k/s API_num 640
06-11 09:40:40.824   664   723 E C01400/OHOS::RS: RsFrameReport:[loadSymbol]Get RSRenderEnd symbol failed: do_dlsym failed: Symbol not found: RSRenderEnd, version: null so=/system/lib64/platformsdk/libframe_ui_intf.z.so
06-11 09:40:40.824   664   723 E C01400/OHOS::RS: RsFrameReport:[RSRenderEnd]load RSRenderEnd function failed!
06-11 09:40:40.824   503  3425 W C02510/DISP: [SetLayerMaskInfo:437] <private> is not supported
06-11 09:40:40.861   121   837 I C01800/SAMGR: NF SA:65962,876_879
06-11 09:40:41.064   121   837 I C01800/SAMGR: NF SA:65962,876_880
06-11 09:40:41.260   125  4770 I C02d10/CpuCollector: CalculateProcessCpuStatInfos: startTime=1781142031062, endTime=1781142041260, startBootTime=466378, endBootTime=476576, period=10198
06-11 09:40:41.260   125  4770 I C02d10/CpuCollector: CollectProcessCpuStatInfos: collect process cpu statistics information size=185, isNeedUpdate=1
06-11 09:40:41.260   125  4770 W C02d10/HiView-MemCgProcess: GetMemCgProcesses: node not found
06-11 09:40:41.265   121   837 I C01800/SAMGR: NF SA:65962,876_881
06-11 09:40:41.308   664   723 E C01400/OHOS::RS: RsFrameReport:[loadSymbol]Get RSRenderStart symbol failed: do_dlsym failed: Symbol not found: RSRenderStart, version: null so=/system/lib64/platformsdk/libframe_ui_intf.z.so
06-11 09:40:41.308   664   723 E C01400/OHOS::RS: RsFrameReport:[RSRenderStart]load RSRenderStart function failed!
06-11 09:40:41.311   664   723 E C02515/DGLES: [unset_id@glv3_resource.cpp:75] id is bigger than bitmap_size, id: 924
06-11 09:40:41.311   664   723 E C02515/DGLES: [unset_id@glv3_resource.cpp:75] id is bigger than bitmap_size, id: 925
06-11 09:40:41.311   664   723 E C02515/DGLES: [unset_id@glv3_resource.cpp:75] id is bigger than bitmap_size, id: 926
06-11 09:40:41.311   664   723 E C02515/DGLES: [unset_id@glv3_resource.cpp:75] id is bigger than bitmap_size, id: 927
06-11 09:40:41.316   664   723 E C01400/OHOS::RS: RsFrameReport:[loadSymbol]Get RSRenderEnd symbol failed: do_dlsym failed: Symbol not found: RSRenderEnd, version: null so=/system/lib64/platformsdk/libframe_ui_intf.z.so
06-11 09:40:41.316   664   723 E C01400/OHOS::RS: RsFrameReport:[RSRenderEnd]load RSRenderEnd function failed!
06-11 09:40:41.316   503  3425 W C02510/DISP: [SetLayerMaskInfo:437] <private> is not supported
06-11 09:40:41.324   664   723 E C01400/OHOS::RS: RsFrameReport:[loadSymbol]Get RSRenderStart symbol failed: do_dlsym failed: Symbol not found: RSRenderStart, version: null so=/system/lib64/platformsdk/libframe_ui_intf.z.so
06-11 09:40:41.324   664   723 E C01400/OHOS::RS: RsFrameReport:[RSRenderStart]load RSRenderStart function failed!
06-11 09:40:41.326   664   723 E C02515/DGLES: [unset_id@glv3_resource.cpp:75] id is bigger than bitmap_size, id: 928
06-11 09:40:41.326   664   723 E C02515/DGLES: [unset_id@glv3_resource.cpp:75] id is bigger than bitmap_size, id: 929
06-11 09:40:41.326   664   723 E C02515/DGLES: [unset_id@glv3_resource.cpp:75] id is bigger than bitmap_size, id: 930
06-11 09:40:41.326   664   723 E C02515/DGLES: [unset_id@glv3_resource.cpp:75] id is bigger than bitmap_size, id: 931
06-11 09:40:41.331   664   723 E C01400/OHOS::RS: RsFrameReport:[loadSymbol]Get RSRenderEnd symbol failed: do_dlsym failed: Symbol not found: RSRenderEnd, version: null so=/system/lib64/platformsdk/libframe_ui_intf.z.so
06-11 09:40:41.331   664   723 E C01400/OHOS::RS: RsFrameReport:[RSRenderEnd]load RSRenderEnd function failed!
06-11 09:40:41.332   503  3425 W C02510/DISP: [SetLayerMaskInfo:437] <private> is not supported
06-11 09:40:41.375   125  4770 W C02d10/UCollectUtil-CpuCalculator: CalculateCpuUsage: invalid params, currCpuUsage=50, lastCpuUsage=80, statPeriod=10278
06-11 09:40:41.375   125  4770 W C02d10/UCollectUtil-CpuCalculator: CalculateCpuUsage: invalid params, currCpuUsage=40, lastCpuUsage=120, statPeriod=10278
06-11 09:40:41.375   125  4770 W C02d10/UCollectUtil-CpuCalculator: CalculateCpuUsage: invalid params, currCpuUsage=0, lastCpuUsage=50, statPeriod=10278
06-11 09:40:41.387   517   591 I C057ff/nStackXEpoll: DeRegisterEpollTask:[230] :DeRegisterEpollTask
06-11 09:40:41.387   517   591 I C057ff/nStackXEpoll: PrintTaskInfo:[71] :task: 00******a1b418, task->epollfd: 45, task->taskfd: 64, task->readHandle: 00******a1b420
06-11 09:40:41.388   517   591 I C057ff/nStackXEpoll: RegisterEpollTask:[206] :RegisterEpollTask
06-11 09:40:41.388   517   591 I C057ff/nStackXEpoll: PrintTaskInfo:[71] :task: 00******a1b418, task->epollfd: 45, task->taskfd: 64, task->readHandle: 00******a1b420
06-11 09:40:41.472   121   837 I C01800/SAMGR: NF SA:65962,876_882
06-11 09:40:41.472   876   905 E C01810/SA_CLIENT: GetSaWrap SA:65962 not start
06-11 09:40:41.472   876   905 I C01409/APS_MANAGER: request system service object is not ready yet!
06-11 09:40:41.543   664   777 I C01400/Vsync: ThreadMain: <private>_DisableVSync, there is no valid connections
06-11 09:40:41.825   664   723 E C01400/OHOS::RS: RsFrameReport:[loadSymbol]Get RSRenderStart symbol failed: do_dlsym failed: Symbol not found: RSRenderStart, version: null so=/system/lib64/platformsdk/libframe_ui_intf.z.so
06-11 09:40:41.825   664   723 E C01400/OHOS::RS: RsFrameReport:[RSRenderStart]load RSRenderStart function failed!
06-11 09:40:41.840   664   723 E C02515/DGLES: [unset_id@glv3_resource.cpp:75] id is bigger than bitmap_size, id: 932
06-11 09:40:41.840   664   723 E C02515/DGLES: [unset_id@glv3_resource.cpp:75] id is bigger than bitmap_size, id: 933
06-11 09:40:41.840   664   723 E C02515/DGLES: [unset_id@glv3_resource.cpp:75] id is bigger than bitmap_size, id: 934
06-11 09:40:41.840   664   723 E C02515/DGLES: [unset_id@glv3_resource.cpp:75] id is bigger than bitmap_size, id: 935
06-11 09:40:41.841   664   723 E C02515/DGLES: [d_eglSwapBuffers_special@egl_gpu.cpp:729] thread output size 1259682 speed 1209k/s API_num 617
06-11 09:40:41.841   664   723 E C01400/OHOS::RS: RsFrameReport:[loadSymbol]Get RSRenderEnd symbol failed: do_dlsym failed: Symbol not found: RSRenderEnd, version: null so=/system/lib64/platformsdk/libframe_ui_intf.z.so
06-11 09:40:41.841   664   723 E C01400/OHOS::RS: RsFrameReport:[RSRenderEnd]load RSRenderEnd function failed!
06-11 09:40:41.875   503  3425 W C02510/DISP: [SetLayerMaskInfo:437] <private> is not supported
06-11 09:40:41.941   664   777 I C01400/Vsync: ThreadMain: <private>_DisableVSync, there is no valid connections
06-11 09:40:42.317   664   723 E C01400/OHOS::RS: RsFrameReport:[loadSymbol]Get RSRenderStart symbol failed: do_dlsym failed: Symbol not found: RSRenderStart, version: null so=/system/lib64/platformsdk/libframe_ui_intf.z.so
06-11 09:40:42.317   664   723 E C01400/OHOS::RS: RsFrameReport:[RSRenderStart]load RSRenderStart function failed!
06-11 09:40:42.321   664   723 E C02515/DGLES: [unset_id@glv3_resource.cpp:75] id is bigger than bitmap_size, id: 936
06-11 09:40:42.321   664   723 E C02515/DGLES: [unset_id@glv3_resource.cpp:75] id is bigger than bitmap_size, id: 937
06-11 09:40:42.321   664   723 E C02515/DGLES: [unset_id@glv3_resource.cpp:75] id is bigger than bitmap_size, id: 938
06-11 09:40:42.321   664   723 E C02515/DGLES: [unset_id@glv3_resource.cpp:75] id is bigger than bitmap_size, id: 939
06-11 09:40:42.326   664   723 E C01400/OHOS::RS: RsFrameReport:[loadSymbol]Get RSRenderEnd symbol failed: do_dlsym failed: Symbol not found: RSRenderEnd, version: null so=/system/lib64/platformsdk/libframe_ui_intf.z.so
06-11 09:40:42.326   664   723 E C01400/OHOS::RS: RsFrameReport:[RSRenderEnd]load RSRenderEnd function failed!
06-11 09:40:42.326   503  3425 W C02510/DISP: [SetLayerMaskInfo:437] <private> is not supported
06-11 09:40:42.381   963  4902 W C01719/ffrt: 205:~WorkerThread:72 to exit, qos[2]
06-11 09:40:42.386   517   591 I C057ff/nStackXEpoll: DeRegisterEpollTask:[230] :DeRegisterEpollTask
06-11 09:40:42.386   517   591 I C057ff/nStackXEpoll: PrintTaskInfo:[71] :task: 00******a1b418, task->epollfd: 45, task->taskfd: 64, task->readHandle: 00******a1b420
06-11 09:40:42.386   517   591 I C057ff/nStackXEpoll: RegisterEpollTask:[206] :RegisterEpollTask
06-11 09:40:42.387   517   591 I C057ff/nStackXEpoll: PrintTaskInfo:[71] :task: 00******a1b418, task->epollfd: 45, task->taskfd: 64, task->readHandle: 00******a1b420
06-11 09:40:42.404   963  4901 W C01719/ffrt: 206:~WorkerThread:72 to exit, qos[2]
06-11 09:40:42.521   125  4903 W C01719/ffrt: 500:~WorkerThread:72 to exit, qos[2]
06-11 09:40:42.522   125  4906 W C01719/ffrt: 501:~WorkerThread:72 to exit, qos[2]
06-11 09:40:42.749   664   777 I C01400/Vsync: ThreadMain: <private>_DisableVSync, there is no valid connections
06-11 09:40:42.829   664   723 E C01400/OHOS::RS: RsFrameReport:[loadSymbol]Get RSRenderStart symbol failed: do_dlsym failed: Symbol not found: RSRenderStart, version: null so=/system/lib64/platformsdk/libframe_ui_intf.z.so
06-11 09:40:42.829   664   723 E C01400/OHOS::RS: RsFrameReport:[RSRenderStart]load RSRenderStart function failed!
06-11 09:40:42.839   664   723 E C02515/DGLES: [unset_id@glv3_resource.cpp:75] id is bigger than bitmap_size, id: 940
06-11 09:40:42.839   664   723 E C02515/DGLES: [unset_id@glv3_resource.cpp:75] id is bigger than bitmap_size, id: 941
06-11 09:40:42.839   664   723 E C02515/DGLES: [unset_id@glv3_resource.cpp:75] id is bigger than bitmap_size, id: 942
06-11 09:40:42.839   664   723 E C02515/DGLES: [unset_id@glv3_resource.cpp:75] id is bigger than bitmap_size, id: 943
06-11 09:40:42.848   664   723 E C02515/DGLES: [d_eglSwapBuffers_special@egl_gpu.cpp:729] thread output size 839240 speed 813k/s API_num 406
06-11 09:40:42.848   664   723 E C01400/OHOS::RS: RsFrameReport:[loadSymbol]Get RSRenderEnd symbol failed: do_dlsym failed: Symbol not found: RSRenderEnd, version: null so=/system/lib64/platformsdk/libframe_ui_intf.z.so
06-11 09:40:42.848   664   723 E C01400/OHOS::RS: RsFrameReport:[RSRenderEnd]load RSRenderEnd function failed!
06-11 09:40:42.849   503  3425 W C02510/DISP: [SetLayerMaskInfo:437] <private> is not supported
06-11 09:40:43.085   664   777 I C01400/Vsync: ThreadMain: <private>_DisableVSync, there is no valid connections
06-11 09:40:43.328   664   723 E C01400/OHOS::RS: RsFrameReport:[loadSymbol]Get RSRenderStart symbol failed: do_dlsym failed: Symbol not found: RSRenderStart, version: null so=/system/lib64/platformsdk/libframe_ui_intf.z.so
06-11 09:40:43.328   664   723 E C01400/OHOS::RS: RsFrameReport:[RSRenderStart]load RSRenderStart function failed!
06-11 09:40:43.336   664   723 E C02515/DGLES: [unset_id@glv3_resource.cpp:75] id is bigger than bitmap_size, id: 944
06-11 09:40:43.336   664   723 E C02515/DGLES: [unset_id@glv3_resource.cpp:75] id is bigger than bitmap_size, id: 945
06-11 09:40:43.336   664   723 E C02515/DGLES: [unset_id@glv3_resource.cpp:75] id is bigger than bitmap_size, id: 946
06-11 09:40:43.336   664   723 E C02515/DGLES: [unset_id@glv3_resource.cpp:75] id is bigger than bitmap_size, id: 947
06-11 09:40:43.343   664   723 E C01400/OHOS::RS: RsFrameReport:[loadSymbol]Get RSRenderEnd symbol failed: do_dlsym failed: Symbol not found: RSRenderEnd, version: null so=/system/lib64/platformsdk/libframe_ui_intf.z.so
06-11 09:40:43.343   664   723 E C01400/OHOS::RS: RsFrameReport:[RSRenderEnd]load RSRenderEnd function failed!
06-11 09:40:43.344   503  3425 W C02510/DISP: [SetLayerMaskInfo:437] <private> is not supported
06-11 09:40:43.386   517   591 I C057ff/nStackXEpoll: DeRegisterEpollTask:[230] :DeRegisterEpollTask
06-11 09:40:43.386   517   591 I C057ff/nStackXEpoll: PrintTaskInfo:[71] :task: 00******a1b418, task->epollfd: 45, task->taskfd: 64, task->readHandle: 00******a1b420
06-11 09:40:43.386   517   591 I C057ff/nStackXEpoll: RegisterEpollTask:[206] :RegisterEpollTask
06-11 09:40:43.386   517   591 I C057ff/nStackXEpoll: PrintTaskInfo:[71] :task: 00******a1b418, task->epollfd: 45, task->taskfd: 64, task->readHandle: 00******a1b420
06-11 09:40:43.476   121   837 I C01800/SAMGR: NF SA:65962,876_883
06-11 09:40:43.901   664   777 I C01400/Vsync: ThreadMain: <private>_DisableVSync, there is no valid connections
06-11 09:40:43.922   121   837 I C01800/SAMGR: NF SA:65962,876_884
06-11 09:40:43.980   478   663 W C02943/ThermalHdi: get node failed
06-11 09:40:43.981   478   663 W C02943/ThermalHdi: get node failed
06-11 09:40:43.981   478   663 W C02943/ThermalHdi: get node failed
06-11 09:40:43.982   664   777 I C01400/Vsync: ThreadMain: <private>_DisableVSync, there is no valid connections
06-11 09:40:44.006   664   723 E C01400/OHOS::RS: RsFrameReport:[loadSymbol]Get RSRenderStart symbol failed: do_dlsym failed: Symbol not found: RSRenderStart, version: null so=/system/lib64/platformsdk/libframe_ui_intf.z.so
06-11 09:40:44.006   664   723 E C01400/OHOS::RS: RsFrameReport:[RSRenderStart]load RSRenderStart function failed!
06-11 09:40:44.023   664   723 E C02515/DGLES: [unset_id@glv3_resource.cpp:75] id is bigger than bitmap_size, id: 948
06-11 09:40:44.023   664   723 E C02515/DGLES: [unset_id@glv3_resource.cpp:75] id is bigger than bitmap_size, id: 949
06-11 09:40:44.023   664   723 E C02515/DGLES: [unset_id@glv3_resource.cpp:75] id is bigger than bitmap_size, id: 950
06-11 09:40:44.023   664   723 E C02515/DGLES: [unset_id@glv3_resource.cpp:75] id is bigger than bitmap_size, id: 951
06-11 09:40:44.034   664   723 E C02515/DGLES: [d_eglSwapBuffers_special@egl_gpu.cpp:729] thread output size 839240 speed 691k/s API_num 406
06-11 09:40:44.035   664   723 E C01400/OHOS::RS: RsFrameReport:[loadSymbol]Get RSRenderEnd symbol failed: do_dlsym failed: Symbol not found: RSRenderEnd, version: null so=/system/lib64/platformsdk/libframe_ui_intf.z.so
06-11 09:40:44.035   664   723 E C01400/OHOS::RS: RsFrameReport:[RSRenderEnd]load RSRenderEnd function failed!
06-11 09:40:44.036   503  3425 W C02510/DISP: [SetLayerMaskInfo:437] <private> is not supported
06-11 09:40:44.126   121   837 I C01800/SAMGR: NF SA:65962,876_885
06-11 09:40:44.309   378  4910 W C01719/ffrt: 55:~WorkerThread:72 to exit, qos[2]
06-11 09:40:44.328   121   837 I C01800/SAMGR: NF SA:65962,876_886
06-11 09:40:44.386   517   591 I C057ff/nStackXEpoll: DeRegisterEpollTask:[230] :DeRegisterEpollTask
06-11 09:40:44.386   517   591 I C057ff/nStackXEpoll: PrintTaskInfo:[71] :task: 00******a1b418, task->epollfd: 45, task->taskfd: 64, task->readHandle: 00******a1b420
06-11 09:40:44.386   517   591 I C057ff/nStackXEpoll: RegisterEpollTask:[206] :RegisterEpollTask
06-11 09:40:44.386   517   591 I C057ff/nStackXEpoll: PrintTaskInfo:[71] :task: 00******a1b418, task->epollfd: 45, task->taskfd: 64, task->readHandle: 00******a1b420
06-11 09:40:44.446   664   723 E C01400/OHOS::RS: RsFrameReport:[loadSymbol]Get RSRenderStart symbol failed: do_dlsym failed: Symbol not found: RSRenderStart, version: null so=/system/lib64/platformsdk/libframe_ui_intf.z.so
06-11 09:40:44.446   664   723 E C01400/OHOS::RS: RsFrameReport:[RSRenderStart]load RSRenderStart function failed!
06-11 09:40:44.453   664   723 E C02515/DGLES: [unset_id@glv3_resource.cpp:75] id is bigger than bitmap_size, id: 952
06-11 09:40:44.453   664   723 E C02515/DGLES: [unset_id@glv3_resource.cpp:75] id is bigger than bitmap_size, id: 953
06-11 09:40:44.453   664   723 E C02515/DGLES: [unset_id@glv3_resource.cpp:75] id is bigger than bitmap_size, id: 954
06-11 09:40:44.453   664   723 E C02515/DGLES: [unset_id@glv3_resource.cpp:75] id is bigger than bitmap_size, id: 955
06-11 09:40:44.464   664   723 E C01400/OHOS::RS: RsFrameReport:[loadSymbol]Get RSRenderEnd symbol failed: do_dlsym failed: Symbol not found: RSRenderEnd, version: null so=/system/lib64/platformsdk/libframe_ui_intf.z.so
06-11 09:40:44.464   664   723 E C01400/OHOS::RS: RsFrameReport:[RSRenderEnd]load RSRenderEnd function failed!
06-11 09:40:44.464   503  3425 W C02510/DISP: [SetLayerMaskInfo:437] <private> is not supported
06-11 09:40:44.529   121   837 I C01800/SAMGR: NF SA:65962,876_887
06-11 09:40:44.684   392   407 W C01c42/TimeService: uid: 7023 id:1424080011 name:push_manager_service wk:1
06-11 09:40:44.686   543   659 I C02908/PowerRunningLock: try Lock, name: timeServiceRunningLock_159331, type: 5
06-11 09:40:44.687   478   485 I C02511/HDF_LOG_TAG: Background runningLock active, type=5 name=timeServiceRunningLock_159331
06-11 09:40:44.687   478   485 E C02510/power_interface_stub: PowerInterfaceStubHoldRunningLockExt_ failed, error code is -1
06-11 09:40:44.687   543   659 E C02510/power_interface_proxy: HoldRunningLockExt_ failed, error code is -1
06-11 09:40:44.687   543   659 E C02908/PowerRunningLock: LockCounter increase failed, type=5, count=0
06-11 09:40:44.687   543   659 I C02908/PowerRunningLock: AddRunningLockTimer timerid=45, timeoutMs=1000
06-11 09:40:44.689   392   407 W C01c42/TimeService: cb: 1424080011 ret: 0
06-11 09:40:44.689   392   407 W C01c42/TimeService: typ:2 trig: 642 316807452, bt: 480006446143
06-11 09:40:44.689   392   407 W C01c42/TimeService: typ:3 trig: 495 316807663, bt: 480006446143
06-11 09:40:44.690   378  1665 I C05300/push10005226: Destroy timer with timerId(1424080011)
06-11 09:40:44.691   392   398 I C01c42/TimeService: StopTimerInner# id: 1424080011, needDestroy: 1
06-11 09:40:44.694   378  1665 I C05300/push10005226: Callback timer:sync_heartbeat_timer
06-11 09:40:44.697   378  4947 I C05300/push10005226: Start timer:sync_heartbeat_timer, triggerTime:240000,isAccurate:1
06-11 09:40:44.701   392   398 I C01c42/TimeService: StartTimer# id: 1707908818 typ:2 len: 0 int: 0 flg :1 trig: 720000 uid:7023 pid:378
06-11 09:40:44.701   392   398 W C01c42/TimeService: bat: -1 id:1707908818 we:720000000000 mwe:720000000000
06-11 09:40:44.701   392   398 W C01c42/TimeService: typ:2 trig: 642 316807452, bt: 480018234226
06-11 09:40:44.701   392   398 W C01c42/TimeService: typ:3 trig: 495 316807663, bt: 480018234226
06-11 09:40:44.701   543   659 I C02908/PowerRunningLock: try Lock, name: timeServiceRunningLock_159331, type: 5
06-11 09:40:44.702   478   485 I C02511/HDF_LOG_TAG: Background runningLock active, type=5 name=timeServiceRunningLock_159331
06-11 09:40:44.702   478   485 E C02510/power_interface_stub: PowerInterfaceStubHoldRunningLockExt_ failed, error code is -1
06-11 09:40:44.703   378  4947 I C05300/push10005226: Start timer named(sync_heartbeat_timer) with triggerTime(720000) succeed, timerId(1707908818)
06-11 09:40:44.703   378  4947 I C05300/push10005226: [1]SocketState(SynState) state process (20) begin
06-11 09:40:44.704   543   659 E C02510/power_interface_proxy: HoldRunningLockExt_ failed, error code is -1
06-11 09:40:44.704   378  4947 I C05300/push10005226: Start timer:default_heartbeat_ack_timer, triggerTime:10000,isAccurate:1
06-11 09:40:44.704   543   659 E C02908/PowerRunningLock: LockCounter increase failed, type=5, count=0
06-11 09:40:44.704   543   659 W C02908/PowerRunningLock: RunningLockTimer exist, unregister timerId=45
06-11 09:40:44.704   543   659 I C02908/PowerRunningLock: AddRunningLockTimer timerid=46, timeoutMs=1000
06-11 09:40:44.707   392   398 I C01c42/TimeService: StartTimer# id: 569345348 typ:2 len: 0 int: 0 flg :1 trig: 490023 uid:7023 pid:378
06-11 09:40:44.707   392   398 W C01c42/TimeService: bat: -1 id:569345348 we:490023000000 mwe:490023000000
06-11 09:40:44.707   392   398 W C01c42/TimeService: typ:2 trig: 490 23000000, bt: 480023987559
06-11 09:40:44.707   378  4947 I C05300/push10005226: Start timer named(default_heartbeat_ack_timer) with triggerTime(490023) succeed, timerId(569345348)
06-11 09:40:44.708   378  4947 I C05300/push10005226: Create heartbeat, client status is (0)
06-11 09:40:44.708   378  4947 I C05300/push10005226: Specify hold begin: push_manager_service_connmsg, 3000, retry: 0
06-11 09:40:44.708   543   659 I C02908/PowerRunningLock: try Lock, name: push_manager_service_connmsg_37321, type: 65
06-11 09:40:44.709   478   485 I C02511/HDF_LOG_TAG: Background runningLock active, type=65 name=push_manager_service_connmsg_37321
06-11 09:40:44.709   478   485 E C02510/power_interface_stub: PowerInterfaceStubHoldRunningLockExt_ failed, error code is -1
06-11 09:40:44.709   543   659 E C02510/power_interface_proxy: HoldRunningLockExt_ failed, error code is -1
06-11 09:40:44.709   543   659 E C02908/PowerRunningLock: LockCounter increase failed, type=65, count=0
06-11 09:40:44.709   543   659 I C02908/PowerRunningLock: AddRunningLockTimer timerid=47, timeoutMs=3000
06-11 09:40:44.711   378  4947 I C05300/push10005226: Retran:0, RTT:103339, rcvRTT:0, RTTvar:92760,Segsout:12, Segsin:11
06-11 09:40:44.711   378  4947 I C05300/push10005226: Send message with length(15) succeed
06-11 09:40:44.711   378  4947 I C05300/push10005226: [1]Send message(0x09),length(15)
06-11 09:40:44.712   378  4947 I C05300/push10005226: No need to start heartbeat detection. Not in charging state is : 0.
06-11 09:40:44.712   378  4947 W C05300/push10005226: Start heartbeat detection is not required, failed count(0)
06-11 09:40:44.716   543   659 I C02908/PowerRunningLock: try Lock, name: timeServiceRunningLock_159331, type: 5
06-11 09:40:44.716   478   485 I C02511/HDF_LOG_TAG: Background runningLock active, type=5 name=timeServiceRunningLock_159331
06-11 09:40:44.716   478   485 E C02510/power_interface_stub: PowerInterfaceStubHoldRunningLockExt_ failed, error code is -1
06-11 09:40:44.717   543   659 E C02510/power_interface_proxy: HoldRunningLockExt_ failed, error code is -1
06-11 09:40:44.717   543   659 E C02908/PowerRunningLock: LockCounter increase failed, type=5, count=0
06-11 09:40:44.717   543   659 W C02908/PowerRunningLock: RunningLockTimer exist, unregister timerId=46
06-11 09:40:44.717   543   659 I C02908/PowerRunningLock: AddRunningLockTimer timerid=48, timeoutMs=1000
06-11 09:40:44.729   121   837 I C01800/SAMGR: NF SA:65962,876_888
06-11 09:40:44.730   543   659 I C02908/PowerRunningLock: try Lock, name: timeServiceRunningLock_159331, type: 5
06-11 09:40:44.730   478   485 I C02511/HDF_LOG_TAG: Background runningLock active, type=5 name=timeServiceRunningLock_159331
06-11 09:40:44.730   478   485 E C02510/power_interface_stub: PowerInterfaceStubHoldRunningLockExt_ failed, error code is -1
06-11 09:40:44.730   543   659 E C02510/power_interface_proxy: HoldRunningLockExt_ failed, error code is -1
06-11 09:40:44.730   543   659 E C02908/PowerRunningLock: LockCounter increase failed, type=5, count=0
06-11 09:40:44.730   543   659 W C02908/PowerRunningLock: RunningLockTimer exist, unregister timerId=48
06-11 09:40:44.730   543   659 I C02908/PowerRunningLock: AddRunningLockTimer timerid=49, timeoutMs=1000
06-11 09:40:44.751   543   659 I C02908/PowerRunningLock: try Lock, name: timeServiceRunningLock_159331, type: 5
06-11 09:40:44.753   478   485 I C02511/HDF_LOG_TAG: Background runningLock active, type=5 name=timeServiceRunningLock_159331
06-11 09:40:44.753   478   485 E C02510/power_interface_stub: PowerInterfaceStubHoldRunningLockExt_ failed, error code is -1
06-11 09:40:44.755   543   659 E C02510/power_interface_proxy: HoldRunningLockExt_ failed, error code is -1
06-11 09:40:44.755   543   659 E C02908/PowerRunningLock: LockCounter increase failed, type=5, count=0
06-11 09:40:44.755   543   659 W C02908/PowerRunningLock: RunningLockTimer exist, unregister timerId=49
06-11 09:40:44.755   543   659 I C02908/PowerRunningLock: AddRunningLockTimer timerid=50, timeoutMs=1000
06-11 09:40:44.768   543   659 I C02908/PowerRunningLock: try Lock, name: timeServiceRunningLock_159331, type: 5
06-11 09:40:44.768   478   485 I C02511/HDF_LOG_TAG: Background runningLock active, type=5 name=timeServiceRunningLock_159331
06-11 09:40:44.768   478   485 E C02510/power_interface_stub: PowerInterfaceStubHoldRunningLockExt_ failed, error code is -1
06-11 09:40:44.769   543   659 E C02510/power_interface_proxy: HoldRunningLockExt_ failed, error code is -1
06-11 09:40:44.769   543   659 E C02908/PowerRunningLock: LockCounter increase failed, type=5, count=0
06-11 09:40:44.769   543   659 W C02908/PowerRunningLock: RunningLockTimer exist, unregister timerId=50
06-11 09:40:44.769   543   659 I C02908/PowerRunningLock: AddRunningLockTimer timerid=51, timeoutMs=1000
06-11 09:40:44.781   543   659 I C02908/PowerRunningLock: try Lock, name: timeServiceRunningLock_159331, type: 5
06-11 09:40:44.781   478   485 I C02511/HDF_LOG_TAG: Background runningLock active, type=5 name=timeServiceRunningLock_159331
06-11 09:40:44.781   478   485 E C02510/power_interface_stub: PowerInterfaceStubHoldRunningLockExt_ failed, error code is -1
06-11 09:40:44.781   543   659 E C02510/power_interface_proxy: HoldRunningLockExt_ failed, error code is -1
06-11 09:40:44.781   543   659 E C02908/PowerRunningLock: LockCounter increase failed, type=5, count=0
06-11 09:40:44.781   543   659 W C02908/PowerRunningLock: RunningLockTimer exist, unregister timerId=51
06-11 09:40:44.781   543   659 I C02908/PowerRunningLock: AddRunningLockTimer timerid=52, timeoutMs=1000
06-11 09:40:44.795   543   659 I C02908/PowerRunningLock: try Lock, name: timeServiceRunningLock_159331, type: 5
06-11 09:40:44.796   478   485 I C02511/HDF_LOG_TAG: Background runningLock active, type=5 name=timeServiceRunningLock_159331
06-11 09:40:44.796   478   485 E C02510/power_interface_stub: PowerInterfaceStubHoldRunningLockExt_ failed, error code is -1
06-11 09:40:44.796   543   659 E C02510/power_interface_proxy: HoldRunningLockExt_ failed, error code is -1
06-11 09:40:44.796   543   659 E C02908/PowerRunningLock: LockCounter increase failed, type=5, count=0
06-11 09:40:44.796   543   659 W C02908/PowerRunningLock: RunningLockTimer exist, unregister timerId=52
06-11 09:40:44.796   543   659 I C02908/PowerRunningLock: AddRunningLockTimer timerid=53, timeoutMs=1000
06-11 09:40:44.807   543   659 I C02908/PowerRunningLock: try Lock, name: timeServiceRunningLock_159331, type: 5
06-11 09:40:44.807   478   485 I C02511/HDF_LOG_TAG: Background runningLock active, type=5 name=timeServiceRunningLock_159331
06-11 09:40:44.807   478   485 E C02510/power_interface_stub: PowerInterfaceStubHoldRunningLockExt_ failed, error code is -1
06-11 09:40:44.807   543   659 E C02510/power_interface_proxy: HoldRunningLockExt_ failed, error code is -1
06-11 09:40:44.808   543   659 E C02908/PowerRunningLock: LockCounter increase failed, type=5, count=0
06-11 09:40:44.808   543   659 W C02908/PowerRunningLock: RunningLockTimer exist, unregister timerId=53
06-11 09:40:44.808   543   659 I C02908/PowerRunningLock: AddRunningLockTimer timerid=54, timeoutMs=1000
06-11 09:40:44.819   543   659 I C02908/PowerRunningLock: try Lock, name: timeServiceRunningLock_159331, type: 5
06-11 09:40:44.819   478   485 I C02511/HDF_LOG_TAG: Background runningLock active, type=5 name=timeServiceRunningLock_159331
06-11 09:40:44.819   478   485 E C02510/power_interface_stub: PowerInterfaceStubHoldRunningLockExt_ failed, error code is -1
06-11 09:40:44.819   543   659 E C02510/power_interface_proxy: HoldRunningLockExt_ failed, error code is -1
06-11 09:40:44.819   543   659 E C02908/PowerRunningLock: LockCounter increase failed, type=5, count=0
06-11 09:40:44.819   543   659 W C02908/PowerRunningLock: RunningLockTimer exist, unregister timerId=54
06-11 09:40:44.820   543   659 I C02908/PowerRunningLock: AddRunningLockTimer timerid=55, timeoutMs=1000
06-11 09:40:44.830   543   659 I C02908/PowerRunningLock: try Lock, name: timeServiceRunningLock_159331, type: 5
06-11 09:40:44.831   478   485 I C02511/HDF_LOG_TAG: Background runningLock active, type=5 name=timeServiceRunningLock_159331
06-11 09:40:44.831   478   485 E C02510/power_interface_stub: PowerInterfaceStubHoldRunningLockExt_ failed, error code is -1
06-11 09:40:44.831   543   659 E C02510/power_interface_proxy: HoldRunningLockExt_ failed, error code is -1
06-11 09:40:44.831   543   659 E C02908/PowerRunningLock: LockCounter increase failed, type=5, count=0
06-11 09:40:44.831   543   659 W C02908/PowerRunningLock: RunningLockTimer exist, unregister timerId=55
06-11 09:40:44.832   543   659 I C02908/PowerRunningLock: AddRunningLockTimer timerid=56, timeoutMs=1000
06-11 09:40:44.873   378  1670 I C05300/push10005226: Received message(0x0a) length(10), control flag 0x00
06-11 09:40:44.873   378  1670 I C05300/push10005226: Specify unhold begin: push_manager_service_connmsg
06-11 09:40:44.874   543   659 I C02908/PowerRunningLock: Running lock timer is exist, unregister timerId=47
06-11 09:40:44.874   543   659 I C02908/PowerRunningLock: try UnLock, name: push_manager_service_connmsg_37321, type: 65
06-11 09:40:44.874   543   659 I C02908/PowerRunningLock: Lock is already disabled, name=push_manager_service_connmsg_37321
06-11 09:40:44.874   378  1670 I C05300/push10005226: [1]SocketState(SynState) state process (40) begin
06-11 09:40:44.874   378  1670 I C05300/push10005226: Clear timer:default_heartbeat_ack_timer
06-11 09:40:44.874   378  1670 I C05300/push10005226: Destroy timer with timerId(569345348)
06-11 09:40:44.874   392   398 I C01c42/TimeService: StopTimerInner# id: 569345348, needDestroy: 1
06-11 09:40:44.874   392   398 I C01c42/TimeService: RemoveLocked# remove id: 569345348
06-11 09:40:44.874   392   398 W C01c42/TimeService: typ:2 trig: 642 316807452, bt: 480191727143
06-11 09:40:44.874   392   398 W C01c42/TimeService: typ:3 trig: 495 316807663, bt: 480191727143
06-11 09:40:44.876   378  4948 I C05300/push10005226: Unregister special net
06-11 09:40:44.907   125  4907 W C01719/ffrt: 502:~WorkerThread:72 to exit, qos[2]
06-11 09:40:44.930   121   837 I C01800/SAMGR: NF SA:65962,876_889
06-11 09:40:44.930   876   905 E C01810/SA_CLIENT: GetSaWrap SA:65962 not start
06-11 09:40:44.931   876   905 I C01409/APS_MANAGER: request system service object is not ready yet!
06-11 09:40:44.941   664   723 E C01400/OHOS::RS: RsFrameReport:[loadSymbol]Get RSRenderStart symbol failed: do_dlsym failed: Symbol not found: RSRenderStart, version: null so=/system/lib64/platformsdk/libframe_ui_intf.z.so
06-11 09:40:44.941   664   723 E C01400/OHOS::RS: RsFrameReport:[RSRenderStart]load RSRenderStart function failed!
06-11 09:40:44.945   664   723 E C02515/DGLES: [unset_id@glv3_resource.cpp:75] id is bigger than bitmap_size, id: 956
06-11 09:40:44.945   664   723 E C02515/DGLES: [unset_id@glv3_resource.cpp:75] id is bigger than bitmap_size, id: 957
06-11 09:40:44.945   664   723 E C02515/DGLES: [unset_id@glv3_resource.cpp:75] id is bigger than bitmap_size, id: 958
06-11 09:40:44.945   664   723 E C02515/DGLES: [unset_id@glv3_resource.cpp:75] id is bigger than bitmap_size, id: 959
06-11 09:40:44.948   254  4919 W C01719/ffrt: 397:~WorkerThread:72 to exit, qos[2]
06-11 09:40:44.953   664   723 E C01400/OHOS::RS: RsFrameReport:[loadSymbol]Get RSRenderEnd symbol failed: do_dlsym failed: Symbol not found: RSRenderEnd, version: null so=/system/lib64/platformsdk/libframe_ui_intf.z.so
06-11 09:40:44.953   664   723 E C01400/OHOS::RS: RsFrameReport:[RSRenderEnd]load RSRenderEnd function failed!
06-11 09:40:44.955   503  3425 W C02510/DISP: [SetLayerMaskInfo:437] <private> is not supported
06-11 09:40:45.276   125  4770 E C02d66/Hiview-XPerformance: [InquiryOhImpl::ExtractStringValue] Canonical FilePath: /sys/class/ithermal/lpm/lpm_freq failed.
06-11 09:40:45.276   125  4770 E C02d66/Hiview-XPerformance: [InquiryOhImpl::ExtractStringValue] Canonical FilePath: /sys/class/power_supply/Battery/status failed.
06-11 09:40:45.301   225  4922 W C01719/ffrt: 169:~WorkerThread:72 to exit, qos[2]
06-11 09:40:45.388   517   591 I C057ff/nStackXEpoll: DeRegisterEpollTask:[230] :DeRegisterEpollTask
06-11 09:40:45.388   517   591 I C057ff/nStackXEpoll: PrintTaskInfo:[71] :task: 00******a1b418, task->epollfd: 45, task->taskfd: 64, task->readHandle: 00******a1b420
06-11 09:40:45.388   517   591 I C057ff/nStackXEpoll: RegisterEpollTask:[206] :RegisterEpollTask
06-11 09:40:45.388   517   591 I C057ff/nStackXEpoll: PrintTaskInfo:[71] :task: 00******a1b418, task->epollfd: 45, task->taskfd: 64, task->readHandle: 00******a1b420
06-11 09:40:45.441   664   723 E C01400/OHOS::RS: RsFrameReport:[loadSymbol]Get RSRenderStart symbol failed: do_dlsym failed: Symbol not found: RSRenderStart, version: null so=/system/lib64/platformsdk/libframe_ui_intf.z.so
06-11 09:40:45.441   664   723 E C01400/OHOS::RS: RsFrameReport:[RSRenderStart]load RSRenderStart function failed!
06-11 09:40:45.553   121  4890 W C01719/ffrt: 254:~WorkerThread:72 to exit, qos[2]
06-11 09:40:45.564   254  4900 W C01719/ffrt: 398:~WorkerThread:72 to exit, qos[5]
06-11 09:40:45.573   682  4913 W C01719/ffrt: 18157:~WorkerThread:72 to exit, qos[5]
06-11 09:40:45.573   682  4942 W C01719/ffrt: 18158:~WorkerThread:72 to exit, qos[2]
06-11 09:40:45.575   254  4897 W C01719/ffrt: 399:~WorkerThread:72 to exit, qos[5]
06-11 09:40:45.575   225  4923 W C01719/ffrt: 170:~WorkerThread:72 to exit, qos[2]
06-11 09:40:45.580   664   723 E C02515/DGLES: [unset_id@glv3_resource.cpp:75] id is bigger than bitmap_size, id: 960
06-11 09:40:45.580   664   723 E C02515/DGLES: [unset_id@glv3_resource.cpp:75] id is bigger than bitmap_size, id: 961
06-11 09:40:45.580   664   723 E C02515/DGLES: [unset_id@glv3_resource.cpp:75] id is bigger than bitmap_size, id: 962
06-11 09:40:45.580   664   723 E C02515/DGLES: [unset_id@glv3_resource.cpp:75] id is bigger than bitmap_size, id: 963
06-11 09:40:45.581   664   723 E C02515/DGLES: [d_eglSwapBuffers_special@egl_gpu.cpp:729] thread output size 1258038 speed 793k/s API_num 601
06-11 09:40:45.581   664   723 E C01400/OHOS::RS: RsFrameReport:[loadSymbol]Get RSRenderEnd symbol failed: do_dlsym failed: Symbol not found: RSRenderEnd, version: null so=/system/lib64/platformsdk/libframe_ui_intf.z.so
06-11 09:40:45.581   664   723 E C01400/OHOS::RS: RsFrameReport:[RSRenderEnd]load RSRenderEnd function failed!
06-11 09:40:45.581   664   723 W C01406/OHOS::RS: RSJankStats::SetJankStats jank frames 8
06-11 09:40:45.585   503  3425 W C02510/DISP: [SetLayerMaskInfo:437] <private> is not supported
06-11 09:40:45.587   682  4912 W C01719/ffrt: 18161:~WorkerThread:72 to exit, qos[5]
06-11 09:40:45.789   254  4917 W C01719/ffrt: 400:~WorkerThread:72 to exit, qos[2]
06-11 09:40:45.792   254  4899 W C01719/ffrt: 401:~WorkerThread:72 to exit, qos[5]
06-11 09:40:45.798   254  4898 W C01719/ffrt: 402:~WorkerThread:72 to exit, qos[5]
06-11 09:40:45.803   682  4908 W C01719/ffrt: 18163:~WorkerThread:72 to exit, qos[2]
06-11 09:40:45.618  2704  4950 W C01719/ffrt: 4765:FFRTQosApplyForOther:244 tid 4950, Interrupted system call, ret:-1, eno:4
06-11 09:40:45.819   125  4904 W C01719/ffrt: 503:~WorkerThread:72 to exit, qos[2]
06-11 09:40:45.820   664   777 I C01400/Vsync: ThreadMain: <private>_DisableVSync, there is no valid connections
06-11 09:40:45.822   125  4872 W C01719/ffrt: 504:~WorkerThread:72 to exit, qos[2]
06-11 09:40:45.834   543  1661 I C02908/PowerRunningLock: Running lock timer is exist, unregister timerId=56
06-11 09:40:45.835   543  1661 I C02908/PowerRunningLock: runninglock message: PID=392 UID=3819 TYPE=5 NAME=timeServiceRunningLock_159331 BUNDLENAME= TAG=DUBAI_TAG_RUNNINGLOCK_UPDATE
06-11 09:40:45.834   293  4951 W C01719/ffrt: 304:FFRTQosApplyForOther:244 tid 4951, Interrupted system call, ret:-1, eno:4
06-11 09:40:45.835   543  1661 I C02908/PowerRunningLock: try UnLock, name: timeServiceRunningLock_159331, type: 5
06-11 09:40:45.835   543  1661 I C02908/PowerRunningLock: Lock is already disabled, name=timeServiceRunningLock_159331
06-11 09:40:45.837   293  4951 E C01f04/CoreService: [GetSimAccountInfo-(multi_sim_controller.cpp:700)] MultiSimController::GetSimAccountInfo failed by out of range
06-11 09:40:45.838   293  4951 E C01f04/CoreService: [GetSimId-(sim_manager.cpp:623)] GetSimAccountInfo fail!
06-11 09:40:45.847   293  4951 I C01f03/CellularData: [OnStallDetectionTimer-(data_connection_monitor.cpp:97)] stallDetectionPeriod = 10000
06-11 09:40:45.849   125  4879 E C02d15/XPower: [task_45]#lockId 548238013824 hasn't been added, return
06-11 09:40:45.848   293  4952 W C01719/ffrt: 305:FFRTQosApplyForOther:244 tid 4952, Interrupted system call, ret:-1, eno:4
06-11 09:40:45.870   788  1784 I C02b02/CAMERA_DPS: {operator()():800} PhotoPostProcessor Watchdog executed, handle: 44
06-11 09:40:45.872   788  1784 I C02b02/CAMERA_DPS: {ConnectServiceIfNecessary():731} entered.
06-11 09:40:46.151   664   777 I C01400/Vsync: ThreadMain: <private>_DisableVSync, there is no valid connections
06-11 09:40:46.168   118   122 E C02510/devsvc_manager_stub: StubGetService service camera_image_process_service not found
06-11 09:40:46.172   788  1784 E C02510/hdi_servmgr_client: get hdi service camera_image_process_service failed, -1
06-11 09:40:46.190   788  1784 E C02510/image_process_service_proxy: Get:get remote object failed!
06-11 09:40:46.192   664   777 I C01400/Vsync: ThreadMain: <private>_DisableVSync, there is no valid connections
06-11 09:40:46.197   788  1784 I C02b02/CAMERA_DPS: {ConnectServiceIfNecessary():743} Failed to CreateImageProcessSession
06-11 09:40:46.198   788  1784 I C02b02/CAMERA_DPS: {ScheduleConnectService():794} entered.
06-11 09:40:46.198   664   723 E C01400/OHOS::RS: RsFrameReport:[loadSymbol]Get RSRenderStart symbol failed: do_dlsym failed: Symbol not found: RSRenderStart, version: null so=/system/lib64/platformsdk/libframe_ui_intf.z.so
06-11 09:40:46.198   664   723 E C01400/OHOS::RS: RsFrameReport:[RSRenderStart]load RSRenderStart function failed!
06-11 09:40:46.199   788  1784 I C02b02/CAMERA_DPS: {StartMonitor():57} (DPSGlobalWatchdog) handle = 45
06-11 09:40:46.199   788  1784 I C02b02/CAMERA_DPS: {ScheduleConnectService():803} PhotoPostProcessor Watchdog registered, handle: 45
06-11 09:40:46.216   664   723 E C02515/DGLES: [unset_id@glv3_resource.cpp:75] id is bigger than bitmap_size, id: 964
06-11 09:40:46.216   664   723 E C02515/DGLES: [unset_id@glv3_resource.cpp:75] id is bigger than bitmap_size, id: 965
06-11 09:40:46.216   664   723 E C02515/DGLES: [unset_id@glv3_resource.cpp:75] id is bigger than bitmap_size, id: 966
06-11 09:40:46.216   664   723 E C02515/DGLES: [unset_id@glv3_resource.cpp:75] id is bigger than bitmap_size, id: 967
06-11 09:40:46.229   664   723 E C01400/OHOS::RS: RsFrameReport:[loadSymbol]Get RSRenderEnd symbol failed: do_dlsym failed: Symbol not found: RSRenderEnd, version: null so=/system/lib64/platformsdk/libframe_ui_intf.z.so
06-11 09:40:46.229   664   723 E C01400/OHOS::RS: RsFrameReport:[RSRenderEnd]load RSRenderEnd function failed!
06-11 09:40:46.234   503  3425 W C02510/DISP: [SetLayerMaskInfo:437] <private> is not supported
06-11 09:40:46.388   517   591 I C057ff/nStackXEpoll: DeRegisterEpollTask:[230] :DeRegisterEpollTask
06-11 09:40:46.388   517   591 I C057ff/nStackXEpoll: PrintTaskInfo:[71] :task: 00******a1b418, task->epollfd: 45, task->taskfd: 64, task->readHandle: 00******a1b420
06-11 09:40:46.388   517   591 I C057ff/nStackXEpoll: RegisterEpollTask:[206] :RegisterEpollTask
06-11 09:40:46.388   517   591 I C057ff/nStackXEpoll: PrintTaskInfo:[71] :task: 00******a1b418, task->epollfd: 45, task->taskfd: 64, task->readHandle: 00******a1b420
06-11 09:40:46.543   682  4909 W C01719/ffrt: 18165:~WorkerThread:72 to exit, qos[2]
06-11 09:40:46.904   664   777 I C01400/Vsync: ThreadMain: <private>_DisableVSync, there is no valid connections
06-11 09:40:46.980   225  4918 W C01719/ffrt: 171:~WorkerThread:72 to exit, qos[2]
06-11 09:40:46.995   121   837 I C01800/SAMGR: NF SA:65962,876_890
06-11 09:40:47.011   664   723 E C01400/OHOS::RS: RsFrameReport:[loadSymbol]Get RSRenderStart symbol failed: do_dlsym failed: Symbol not found: RSRenderStart, version: null so=/system/lib64/platformsdk/libframe_ui_intf.z.so
06-11 09:40:47.011   664   723 E C01400/OHOS::RS: RsFrameReport:[RSRenderStart]load RSRenderStart function failed!
06-11 09:40:47.027   664   723 E C02515/DGLES: [unset_id@glv3_resource.cpp:75] id is bigger than bitmap_size, id: 968
06-11 09:40:47.027   664   723 E C02515/DGLES: [unset_id@glv3_resource.cpp:75] id is bigger than bitmap_size, id: 969
06-11 09:40:47.027   664   723 E C02515/DGLES: [unset_id@glv3_resource.cpp:75] id is bigger than bitmap_size, id: 970
06-11 09:40:47.027   664   723 E C02515/DGLES: [unset_id@glv3_resource.cpp:75] id is bigger than bitmap_size, id: 971
06-11 09:40:47.046   664   723 E C02515/DGLES: [d_eglSwapBuffers_special@egl_gpu.cpp:729] thread output size 839240 speed 559k/s API_num 406
06-11 09:40:47.048   664   723 E C01400/OHOS::RS: RsFrameReport:[loadSymbol]Get RSRenderEnd symbol failed: do_dlsym failed: Symbol not found: RSRenderEnd, version: null so=/system/lib64/platformsdk/libframe_ui_intf.z.so
06-11 09:40:47.048   664   723 E C01400/OHOS::RS: RsFrameReport:[RSRenderEnd]load RSRenderEnd function failed!
06-11 09:40:47.048   503  3425 W C02510/DISP: [SetLayerMaskInfo:437] <private> is not supported
06-11 09:40:47.202   121   837 I C01800/SAMGR: NF SA:65962,876_891
06-11 09:40:47.388   517   591 I C057ff/nStackXEpoll: DeRegisterEpollTask:[230] :DeRegisterEpollTask
06-11 09:40:47.388   517   591 I C057ff/nStackXEpoll: PrintTaskInfo:[71] :task: 00******a1b418, task->epollfd: 45, task->taskfd: 64, task->readHandle: 00******a1b420
06-11 09:40:47.388   517   591 I C057ff/nStackXEpoll: RegisterEpollTask:[206] :RegisterEpollTask
06-11 09:40:47.388   517   591 I C057ff/nStackXEpoll: PrintTaskInfo:[71] :task: 00******a1b418, task->epollfd: 45, task->taskfd: 64, task->readHandle: 00******a1b420
06-11 09:40:47.402   121   837 I C01800/SAMGR: NF SA:65962,876_892
06-11 09:40:47.431   963  4953 W C01719/ffrt: 207:FFRTQosApplyForOther:244 tid 4953, Interrupted system call, ret:-1, eno:4
06-11 09:40:47.434   963  4953 I C057c1/ProcessSkeleton: DetachObject 141: can not erase it because addr if different, desc:*.DistributedConnection, recorded object:3114546304, detach object:3114556672
06-11 09:40:47.434   963  4953 I C02300/FenceExtension: [(DoConnect:128)]start connectAbility-1
06-11 09:40:47.434   963  4953 I C02300/FenceExtension: [(ConnectAbility:113)]ConnectAbility
06-11 09:40:47.435   963  4953 I C01336/AMS: [ability_manager_client.cpp:500]name:com.huawei.hmos.location SAFeatureServiceExtensionAbility, userId:-1
06-11 09:40:47.436   963  4953 I C057c2/IPCObjectProxy: SendRequest 155: handle:1 desc:*.AbilityManager refcnt:3 3153201344
06-11 09:40:47.439   682   718 I C01336/AMS: [ability_manager_service.cpp:3955]elementuri: /com.huawei.hmos.location//SAFeatureServiceExtensionAbility.
06-11 09:40:47.439   963  4954 W C01719/ffrt: 208:FFRTQosApplyForOther:244 tid 4954, Interrupted system call, ret:-1, eno:4
06-11 09:40:47.460   682   718 W C01121/BMSQuery: ExplicitQueryAbility not found UIAbility -n com.huawei.hmos.location -m  -a SAFeatureServiceExtensionAbility
06-11 09:40:47.460   682   718 W C01121/BMSQuery: ExplicitQueryAbility error -n com.huawei.hmos.location -a SAFeatureServiceExtensionAbility -u 100 -i 0
06-11 09:40:47.461   682   718 W C01121/BMSQuery: bundle_data_mgr.cpp:ExplicitQueryExtensionInfo:5463 extensionAbility not found or disabled
06-11 09:40:47.461   682   718 W C01121/BMSQuery: ExplicitQueryExtension error -n com.huawei.hmos.location -e SAFeatureServiceExtensionAbility -u 100 -i 0
06-11 09:40:47.461   682   718 E C01121/BMSQuery: bundle_mgr_host_impl.cpp:QueryExtensionAbilityInfos:2586 no valid extension info can be inquired
06-11 09:40:47.461   682   718 E C01336/AMS: [start_ability_utils.cpp:259]Get extension info failed.
06-11 09:40:47.461   682   718 E C01336/AMS: [ability_manager_service.cpp:4193]Generate ability request error.
06-11 09:40:47.462   963  4953 E C02300/FenceExtension: [(DoConnect:131)]CONNECT_ABILITY_FAILED
06-11 09:40:47.463   963  4953 I C02300/FenceExtension: [(DoConnect:128)]start connectAbility-1
06-11 09:40:47.463   963  4953 I C02300/FenceExtension: [(ConnectAbility:113)]ConnectAbility
06-11 09:40:47.463   963  4953 I C01336/AMS: [ability_manager_client.cpp:500]name:com.huawei.hmos.location SAFeatureServiceExtensionAbility, userId:-1
06-11 09:40:47.463   963  4953 I C057c2/IPCObjectProxy: SendRequest 155: handle:1 desc:*.AbilityManager refcnt:3 3153201344
06-11 09:40:47.464   682   718 I C01336/AMS: [ability_manager_service.cpp:3955]elementuri: /com.huawei.hmos.location//SAFeatureServiceExtensionAbility.
06-11 09:40:47.466   682   718 W C01121/BMSQuery: ExplicitQueryAbility not found UIAbility -n com.huawei.hmos.location -m  -a SAFeatureServiceExtensionAbility
06-11 09:40:47.466   682   718 W C01121/BMSQuery: ExplicitQueryAbility error -n com.huawei.hmos.location -a SAFeatureServiceExtensionAbility -u 100 -i 0
06-11 09:40:47.466   682   718 W C01121/BMSQuery: bundle_data_mgr.cpp:ExplicitQueryExtensionInfo:5463 extensionAbility not found or disabled
06-11 09:40:47.466   682   718 W C01121/BMSQuery: ExplicitQueryExtension error -n com.huawei.hmos.location -e SAFeatureServiceExtensionAbility -u 100 -i 0
06-11 09:40:47.466   682   718 E C01121/BMSQuery: bundle_mgr_host_impl.cpp:QueryExtensionAbilityInfos:2586 no valid extension info can be inquired
06-11 09:40:47.467   682   718 E C01336/AMS: [start_ability_utils.cpp:259]Get extension info failed.
06-11 09:40:47.467   682   718 E C01336/AMS: [ability_manager_service.cpp:4193]Generate ability request error.
06-11 09:40:47.468   963  4953 E C02300/FenceExtension: [(DoConnect:131)]CONNECT_ABILITY_FAILED
06-11 09:40:47.468   963  4953 W C02300/FenceExtension: [(ProcessEvent:107)]connect failed,retry again
06-11 09:40:47.501   125  4905 E C02d15/XPower: [task_35]#Failed to open /dev/dubai: No such file or directory
06-11 09:40:47.501   125  4905 E C02d15/XPower: [task_35]#Failed to open dubai driver device
06-11 09:40:47.501   125  4905 E C02d15/XPower: [task_35]#Failed to get battery prop: <private>, ret: <private>
06-11 09:40:47.502   125  4905 E C02d15/XPower: [task_35]#Failed to open /dev/dubai: No such file or directory
06-11 09:40:47.502   125  4905 E C02d15/XPower: [task_35]#Failed to open dubai driver device
06-11 09:40:47.502   125  4905 E C02d15/XPower: [task_35]#Failed to get battery prop: <private>, ret: <private>
06-11 09:40:47.502   125  4905 E C02d15/XPower: [task_35]#Failed to open /dev/dubai: No such file or directory
06-11 09:40:47.502   125  4905 E C02d15/XPower: [task_35]#Failed to open dubai driver device
06-11 09:40:47.502   125  4905 E C02d15/XPower: [task_35]#Failed to get battery prop: <private>, ret: <private>
06-11 09:40:47.502   664   723 E C01400/OHOS::RS: RsFrameReport:[loadSymbol]Get RSRenderStart symbol failed: do_dlsym failed: Symbol not found: RSRenderStart, version: null so=/system/lib64/platformsdk/libframe_ui_intf.z.so
06-11 09:40:47.502   664   723 E C01400/OHOS::RS: RsFrameReport:[RSRenderStart]load RSRenderStart function failed!
06-11 09:40:47.504   125  4905 E C02d15/XPower: [task_35]#Failed to open /dev/dubai: No such file or directory
06-11 09:40:47.504   125  4905 E C02d15/XPower: [task_35]#Failed to open dubai driver device
06-11 09:40:47.504   125  4905 E C02d15/XPower: [task_35]#Failed to get battery prop: <private>, ret: <private>
06-11 09:40:47.504   125  4905 E C02d15/XPower: [task_35]#Failed to open /dev/dubai: No such file or directory
06-11 09:40:47.504   125  4905 E C02d15/XPower: [task_35]#Failed to open dubai driver device
06-11 09:40:47.504   125  4905 E C02d15/XPower: [task_35]#Failed to get battery prop: <private>, ret: <private>
06-11 09:40:47.504   125  4905 E C02d15/XPower: [task_35]#Failed to open /dev/dubai: No such file or directory
06-11 09:40:47.504   125  4879 E C02d15/XPower: [task_45]#Failed to open wakeup_sources: No such file or directory
06-11 09:40:47.504   125  4905 E C02d15/XPower: [task_35]#Failed to open dubai driver device
06-11 09:40:47.504   125  4905 E C02d15/XPower: [task_35]#Failed to get battery prop: <private>, ret: <private>
06-11 09:40:47.504   125  4879 E C02d15/XPower: [task_45]#Failed to read kernel wakelock data
06-11 09:40:47.504   125  4879 E C02d15/XPower: [task_45]#Failed to open /dev/dubai: No such file or directory
06-11 09:40:47.505   125  4879 E C02d15/XPower: [task_45]#Failed to open dubai driver device
06-11 09:40:47.509   281   294 E C015b0/NetsysNativeService: [netsys_native_service_proxy.cpp:1918]fail to GetIfaceStats ret= 2103011
06-11 09:40:47.511   125  4770 E C015b0/NetStatsClient: [net_stats_service_proxy.cpp:407]proxy SendRequest failed, error code: [2103011]
06-11 09:40:47.511   125  4770 E C02d15/XPower: [task_41]#Failed to read traffic from epbf: <private>
06-11 09:40:47.511   125  4955 W C01719/ffrt: 505:FFRTQosApplyForOther:244 tid 4955, Interrupted system call, ret:-1, eno:4
06-11 09:40:47.514   281   281 E C015b0/NetsysNativeService: [netsys_native_service_proxy.cpp:1918]fail to GetIfaceStats ret= 2103011
06-11 09:40:47.514   125  4905 E C015b0/NetStatsClient: [net_stats_service_proxy.cpp:407]proxy SendRequest failed, error code: [2103011]
06-11 09:40:47.515   125  4905 E C02d15/XPower: [task_52]#Failed to read traffic from epbf: <private>
06-11 09:40:47.515   125  4957 W C01719/ffrt: 506:FFRTQosApplyForOther:244 tid 4957, Interrupted system call, ret:-1, eno:4
06-11 09:40:47.521   664   723 E C02515/DGLES: [unset_id@glv3_resource.cpp:75] id is bigger than bitmap_size, id: 972
06-11 09:40:47.521   664   723 E C02515/DGLES: [unset_id@glv3_resource.cpp:75] id is bigger than bitmap_size, id: 973
06-11 09:40:47.521   664   723 E C02515/DGLES: [unset_id@glv3_resource.cpp:75] id is bigger than bitmap_size, id: 974
06-11 09:40:47.521   664   723 E C02515/DGLES: [unset_id@glv3_resource.cpp:75] id is bigger than bitmap_size, id: 975
06-11 09:40:47.522   125  4956 W C01719/ffrt: 507:FFRTQosApplyForOther:244 tid 4956, Interrupted system call, ret:-1, eno:4
06-11 09:40:47.533   664   723 E C01400/OHOS::RS: RsFrameReport:[loadSymbol]Get RSRenderEnd symbol failed: do_dlsym failed: Symbol not found: RSRenderEnd, version: null so=/system/lib64/platformsdk/libframe_ui_intf.z.so
06-11 09:40:47.533   664   723 E C01400/OHOS::RS: RsFrameReport:[RSRenderEnd]load RSRenderEnd function failed!
06-11 09:40:47.536   503  3425 W C02510/DISP: [SetLayerMaskInfo:437] <private> is not supported
06-11 09:40:47.612   121   837 I C01800/SAMGR: NF SA:65962,876_893
06-11 09:40:47.813   121   837 I C01800/SAMGR: NF SA:65962,876_894
06-11 09:40:47.825  2704  2719 W C01719/ffrt: 4767:RecordPollerInfo:323 3:312;
06-11 09:40:47.987   125  4905 W C02d15/XPower: [task_47]#ThermalDaemon:can't find type [shell_frame], return INVALID_TEMP
06-11 09:40:48.012   664   723 E C01400/OHOS::RS: RsFrameReport:[loadSymbol]Get RSRenderStart symbol failed: do_dlsym failed: Symbol not found: RSRenderStart, version: null so=/system/lib64/platformsdk/libframe_ui_intf.z.so
06-11 09:40:48.012   664   723 E C01400/OHOS::RS: RsFrameReport:[RSRenderStart]load RSRenderStart function failed!
06-11 09:40:48.017   121   837 I C01800/SAMGR: NF SA:65962,876_895
06-11 09:40:48.021   664   723 E C02515/DGLES: [unset_id@glv3_resource.cpp:75] id is bigger than bitmap_size, id: 976
06-11 09:40:48.021   664   723 E C02515/DGLES: [unset_id@glv3_resource.cpp:75] id is bigger than bitmap_size, id: 977
06-11 09:40:48.021   664   723 E C02515/DGLES: [unset_id@glv3_resource.cpp:75] id is bigger than bitmap_size, id: 978
06-11 09:40:48.021   664   723 E C02515/DGLES: [unset_id@glv3_resource.cpp:75] id is bigger than bitmap_size, id: 979
06-11 09:40:48.039   664   723 E C01400/OHOS::RS: RsFrameReport:[loadSymbol]Get RSRenderEnd symbol failed: do_dlsym failed: Symbol not found: RSRenderEnd, version: null so=/system/lib64/platformsdk/libframe_ui_intf.z.so
06-11 09:40:48.039   664   723 E C01400/OHOS::RS: RsFrameReport:[RSRenderEnd]load RSRenderEnd function failed!
06-11 09:40:48.040   503  3425 W C02510/DISP: [SetLayerMaskInfo:437] <private> is not supported
06-11 09:40:48.218   121   837 I C01800/SAMGR: NF SA:65962,876_896
06-11 09:40:48.218   876   905 E C01810/SA_CLIENT: GetSaWrap SA:65962 not start
06-11 09:40:48.218   876   905 I C01409/APS_MANAGER: request system service object is not ready yet!
06-11 09:40:48.386   517   591 I C057ff/nStackXEpoll: DeRegisterEpollTask:[230] :DeRegisterEpollTask
06-11 09:40:48.386   517   591 I C057ff/nStackXEpoll: PrintTaskInfo:[71] :task: 00******a1b418, task->epollfd: 45, task->taskfd: 64, task->readHandle: 00******a1b420
06-11 09:40:48.386   517   591 I C057ff/nStackXEpoll: RegisterEpollTask:[206] :RegisterEpollTask
06-11 09:40:48.386   517   591 I C057ff/nStackXEpoll: PrintTaskInfo:[71] :task: 00******a1b418, task->epollfd: 45, task->taskfd: 64, task->readHandle: 00******a1b420
06-11 09:40:48.532   664   777 I C01400/Vsync: ThreadMain: <private>_DisableVSync, there is no valid connections
06-11 09:40:48.533   664   723 E C01400/OHOS::RS: RsFrameReport:[loadSymbol]Get RSRenderStart symbol failed: do_dlsym failed: Symbol not found: RSRenderStart, version: null so=/system/lib64/platformsdk/libframe_ui_intf.z.so
06-11 09:40:48.533   664   723 E C01400/OHOS::RS: RsFrameReport:[RSRenderStart]load RSRenderStart function failed!
06-11 09:40:48.543   664   723 E C02515/DGLES: [unset_id@glv3_resource.cpp:75] id is bigger than bitmap_size, id: 980
06-11 09:40:48.543   664   723 E C02515/DGLES: [unset_id@glv3_resource.cpp:75] id is bigger than bitmap_size, id: 981
06-11 09:40:48.543   664   723 E C02515/DGLES: [unset_id@glv3_resource.cpp:75] id is bigger than bitmap_size, id: 982
06-11 09:40:48.543   664   723 E C02515/DGLES: [unset_id@glv3_resource.cpp:75] id is bigger than bitmap_size, id: 983
06-11 09:40:48.564   664   723 E C02515/DGLES: [d_eglSwapBuffers_special@egl_gpu.cpp:729] thread output size 1259682 speed 810k/s API_num 617
06-11 09:40:48.564   664   723 E C01400/OHOS::RS: RsFrameReport:[loadSymbol]Get RSRenderEnd symbol failed: do_dlsym failed: Symbol not found: RSRenderEnd, version: null so=/system/lib64/platformsdk/libframe_ui_intf.z.so
06-11 09:40:48.564   664   723 E C01400/OHOS::RS: RsFrameReport:[RSRenderEnd]load RSRenderEnd function failed!
06-11 09:40:48.565   503  3425 W C02510/DISP: [SetLayerMaskInfo:437] <private> is not supported
06-11 09:40:49.040   126   126 I C02c11/APPSPAWN: [appspawn_kickdog.c:79]kick appspawn dog start
06-11 09:40:49.042   126   126 I C02c11/APPSPAWN: [appspawn_kickdog.c:47]OpenAppSpawnWatchdogFile
06-11 09:40:49.044   126   126 E C02c11/APPSPAWN: [appspawn_kickdog.c:29]open /proc/sys/hguard/user_list fail,errno:2
06-11 09:40:49.044   126   126 I C02c11/APPSPAWN: [appspawn_kickdog.c:57]open finish,result:-1
06-11 09:40:49.059   478   663 W C02943/ThermalHdi: get node failed
06-11 09:40:49.060   478   663 W C02943/ThermalHdi: get node failed
06-11 09:40:49.060   478   663 W C02943/ThermalHdi: get node failed
06-11 09:40:49.090   664   723 E C01400/OHOS::RS: RsFrameReport:[loadSymbol]Get RSRenderStart symbol failed: do_dlsym failed: Symbol not found: RSRenderStart, version: null so=/system/lib64/platformsdk/libframe_ui_intf.z.so
06-11 09:40:49.090   664   723 E C01400/OHOS::RS: RsFrameReport:[RSRenderStart]load RSRenderStart function failed!
06-11 09:40:49.105   125   669 W C02d10/HiView-SysEventSource: IsValidSysEvent: type defined for event[ACE|JANK_FRAME_UNFILTERED|1781142049087] is invalid.
06-11 09:40:49.106   125   669 W C02d10/HiView-SysEventSource: IsValidSysEvent: type defined for event[ACE|JANK_FRAME_FILTERED|1781142049094] is invalid.
06-11 09:40:49.402   517   591 I C057ff/nStackXEpoll: DeRegisterEpollTask:[230] :DeRegisterEpollTask
06-11 09:40:49.704   664   777 I C01400/Vsync: ThreadMain: <private>_DisableVSync, there is no valid connections
06-11 09:40:49.784   664   777 I C01400/Vsync: ThreadMain: <private>_DisableVSync, there is no valid connections
06-11 09:40:49.802   664   723 E C02515/DGLES: [unset_id@glv3_resource.cpp:75] id is bigger than bitmap_size, id: 984
06-11 09:40:49.802   664   723 E C02515/DGLES: [unset_id@glv3_resource.cpp:75] id is bigger than bitmap_size, id: 985
06-11 09:40:49.802   664   723 E C02515/DGLES: [unset_id@glv3_resource.cpp:75] id is bigger than bitmap_size, id: 986
06-11 09:40:49.802   664   723 E C02515/DGLES: [unset_id@glv3_resource.cpp:75] id is bigger than bitmap_size, id: 987
06-11 09:40:49.806   664   723 E C02515/DGLES: [d_eglSwapBuffers_special@egl_gpu.cpp:729] thread output size 418798 speed 329k/s API_num 195
06-11 09:40:49.806   664   723 E C01400/OHOS::RS: RsFrameReport:[loadSymbol]Get RSRenderEnd symbol failed: do_dlsym failed: Symbol not found: RSRenderEnd, version: null so=/system/lib64/platformsdk/libframe_ui_intf.z.so
06-11 09:40:49.806   664   723 E C01400/OHOS::RS: RsFrameReport:[RSRenderEnd]load RSRenderEnd function failed!
06-11 09:40:49.807   664   723 W C01406/OHOS::RS: RSJankStats::SetJankStats jank frames 44
06-11 09:40:49.808   682  4958 W C01719/ffrt: 18168:FFRTQosApplyForOther:244 tid 4958, Interrupted system call, ret:-1, eno:4
06-11 09:40:49.810   125   669 W C02d10/HiView-SysEventSource: IsValidSysEvent: type defined for event[ACE|JANK_FRAME_UNFILTERED|1781142049806] is invalid.
06-11 09:40:49.810   125   669 W C02d10/HiView-SysEventSource: IsValidSysEvent: type defined for event[ACE|JANK_FRAME_FILTERED|1781142049808] is invalid.
06-11 09:40:49.811   503  3425 W C02510/DISP: [SetLayerMaskInfo:437] <private> is not supported
06-11 09:40:49.812   517   591 I C057ff/nStackXEpoll: PrintTaskInfo:[71] :task: 00******a1b418, task->epollfd: 45, task->taskfd: 64, task->readHandle: 00******a1b420
06-11 09:40:49.813   517   591 I C057ff/nStackXEpoll: RegisterEpollTask:[206] :RegisterEpollTask
06-11 09:40:49.813   517   591 I C057ff/nStackXEpoll: PrintTaskInfo:[71] :task: 00******a1b418, task->epollfd: 45, task->taskfd: 64, task->readHandle: 00******a1b420
06-11 09:40:49.818   682  4959 W C01719/ffrt: 18178:FFRTQosApplyForOther:244 tid 4959, Interrupted system call, ret:-1, eno:4
06-11 09:40:49.825   664   723 E C01400/OHOS::RS: RsFrameReport:[loadSymbol]Get RSRenderStart symbol failed: do_dlsym failed: Symbol not found: RSRenderStart, version: null so=/system/lib64/platformsdk/libframe_ui_intf.z.so
06-11 09:40:49.825   664   723 E C01400/OHOS::RS: RsFrameReport:[RSRenderStart]load RSRenderStart function failed!
06-11 09:40:49.843   664   723 E C02515/DGLES: [unset_id@glv3_resource.cpp:75] id is bigger than bitmap_size, id: 988
06-11 09:40:49.843   664   723 E C02515/DGLES: [unset_id@glv3_resource.cpp:75] id is bigger than bitmap_size, id: 989
06-11 09:40:49.843   664   723 E C02515/DGLES: [unset_id@glv3_resource.cpp:75] id is bigger than bitmap_size, id: 990
06-11 09:40:49.843   664   723 E C02515/DGLES: [unset_id@glv3_resource.cpp:75] id is bigger than bitmap_size, id: 991
06-11 09:40:49.861   664   723 E C01400/OHOS::RS: RsFrameReport:[loadSymbol]Get RSRenderEnd symbol failed: do_dlsym failed: Symbol not found: RSRenderEnd, version: null so=/system/lib64/platformsdk/libframe_ui_intf.z.so
06-11 09:40:49.861   664   723 E C01400/OHOS::RS: RsFrameReport:[RSRenderEnd]load RSRenderEnd function failed!
06-11 09:40:49.867   503  3425 W C02510/DISP: [SetLayerMaskInfo:437] <private> is not supported
06-11 09:40:50.081   664   777 I C01400/Vsync: ThreadMain: <private>_DisableVSync, there is no valid connections
06-11 09:40:50.288   121   837 I C01800/SAMGR: NF SA:65962,876_897
06-11 09:40:50.300   664   723 E C01400/OHOS::RS: RsFrameReport:[loadSymbol]Get RSRenderStart symbol failed: do_dlsym failed: Symbol not found: RSRenderStart, version: null so=/system/lib64/platformsdk/libframe_ui_intf.z.so
06-11 09:40:50.300   664   723 E C01400/OHOS::RS: RsFrameReport:[RSRenderStart]load RSRenderStart function failed!
06-11 09:40:50.330   664   723 E C02515/DGLES: [unset_id@glv3_resource.cpp:75] id is bigger than bitmap_size, id: 992
06-11 09:40:50.332   664   723 E C02515/DGLES: [unset_id@glv3_resource.cpp:75] id is bigger than bitmap_size, id: 993
06-11 09:40:50.332   664   723 E C02515/DGLES: [unset_id@glv3_resource.cpp:75] id is bigger than bitmap_size, id: 994
06-11 09:40:50.332   664   723 E C02515/DGLES: [unset_id@glv3_resource.cpp:75] id is bigger than bitmap_size, id: 995
06-11 09:40:50.350   664   723 E C01400/OHOS::RS: RsFrameReport:[loadSymbol]Get RSRenderEnd symbol failed: do_dlsym failed: Symbol not found: RSRenderEnd, version: null so=/system/lib64/platformsdk/libframe_ui_intf.z.so
06-11 09:40:50.350   664   723 E C01400/OHOS::RS: RsFrameReport:[RSRenderEnd]load RSRenderEnd function failed!
06-11 09:40:50.351   503  3425 W C02510/DISP: [SetLayerMaskInfo:437] <private> is not supported
06-11 09:40:50.405   517   591 I C057ff/nStackXEpoll: DeRegisterEpollTask:[230] :DeRegisterEpollTask
06-11 09:40:50.405   517   591 I C057ff/nStackXEpoll: PrintTaskInfo:[71] :task: 00******a1b418, task->epollfd: 45, task->taskfd: 64, task->readHandle: 00******a1b420
06-11 09:40:50.405   517   591 I C057ff/nStackXEpoll: RegisterEpollTask:[206] :RegisterEpollTask
06-11 09:40:50.405   517   591 I C057ff/nStackXEpoll: PrintTaskInfo:[71] :task: 00******a1b418, task->epollfd: 45, task->taskfd: 64, task->readHandle: 00******a1b420
06-11 09:40:50.442   121   837 W C057c2/IPCObjectProxy: SendObituary 535: handle:389 desc:*.ISystemAbilityStatusChange 2725402880
06-11 09:40:50.443   121  1066 W C057c2/IPCObjectProxy: SendObituary 535: handle:654 desc:*.ISystemAbilityStatusChange 2725720064
06-11 09:40:50.443   121  1063 W C057c2/IPCObjectProxy: SendObituary 535: handle:391 desc: 2725403328
06-11 09:40:50.444   121  1063 I C01800/SAMGR: rm DeadProc:cloudinterfaceauth,59
06-11 09:40:50.444   121  1062 W C057c2/IPCObjectProxy: SendObituary 535: handle:653 desc: 2682995008
06-11 09:40:50.444   121  1063 I C01800/SAMGR: Scheduler proc:cloudinterfaceauth handle stopped event
06-11 09:40:50.444   121  1063 I C01800/SAMGR: Scheduler proc:cloudinterfaceauth state 1 to 0
06-11 09:40:50.444   121  1063 I C01800/SAMGR: Scheduler proc:cloudinterfaceauth stopped
06-11 09:40:50.444   121  1063 W C01800/SAMGR: rm task unloadTimeoutcloudinterfaceauth NF
06-11 09:40:50.445   121  1063 I C01800/SAMGR: Scheduler SA:65888 abnormally died
06-11 09:40:50.445   121  1063 I C01800/SAMGR: Scheduler SA:65888 not loaded
06-11 09:40:50.448   121  1066 I C01800/SAMGR: rm SAListener 4186,30
06-11 09:40:50.448   121  1062 I C01800/SAMGR: rm DeadSA:65888_120
06-11 09:40:50.448   628   628 W C057c2/IPCObjectProxy: SendObituary 535: handle:16 desc:*.ICloudAuthService 2246566272
06-11 09:40:50.448   631   878 W C057c2/IPCObjectProxy: SendObituary 535: handle:19 desc:*.IRemoteConfigObserver 2978601152
06-11 09:40:50.450   628   628 W C05500/AuthInnerApi: Remote systemAbility dead.
06-11 09:40:50.450   628   628 I C05500/AuthInnerApi: OnRemoteSaDead
06-11 09:40:50.450   121   837 I C01800/SAMGR: rm SAListener 4186,60
06-11 09:40:50.451   631   878 I C04707/HaService: Observer removed: 4186
06-11 09:40:50.459   121  4960 W C01719/ffrt: 255:FFRTQosApplyForOther:244 tid 4960, Interrupted system call, ret:-1, eno:4
06-11 09:40:50.460   121  4960 I C01800/SAMGR: FindSaNotify SA:65888,4_93
06-11 09:40:50.472   937  1034 I C02d13/HDC_LOG: [FetchCommand:891] FetchCommand channelId:4245452007 command:1001
06-11 09:40:50.472   937  1034 I C02d13/HDC_LOG: [DispatchTaskData:1392] New HTaskInfo channelId:4245452007 command:1001
06-11 09:40:50.473   937  1034 W C02d13/HDC_LOG: [AdminTask:796] AdminTask add session 237924010, channelId 4245452007, mapTask size: 1
06-11 09:40:50.473   937  1034 I C02d13/HDC_LOG: [HdcTaskBase:32] HdcTaskBase channelId:4245452007
06-11 09:40:50.473   937  1034 W C02d13/HDC_LOG: [GetDevItem:111] GetDevItem false key:persist.hdc.root
06-11 09:40:50.474   937  4961 I C02d13/HDC_LOG: [Popen:219] Popen pipe fds[pipeRead]:39 fds[pipeWrite]:40, mode 0
06-11 09:40:50.476   124   547 I C02c03/PARAM_WATCHER: [watcher_manager.cpp:254]ProcessParameterChange key 'startup.service.ctl.*' pid: 125
06-11 09:40:50.477   124   547 I C02c03/PARAM_WATCHER: [watcher_manager.cpp:254]ProcessParameterChange key 'startup.service.ctl.*' pid: 125
06-11 09:40:50.491   121  1062 I C01800/SAMGR: NF SA:65962,876_898
06-11 09:40:50.508   937  1034 I C02d13/HDC_LOG: [ExecuteCommand:274] ExecuteCommand cmd:hilog -x > /data/local/tmp/nti_final.log fd:39 pid:4962
06-11 09:40:50.524  4962  4962 E C02c02/PARAM: [param_base.c:356]Forbid to open workspace for u:object_r:startup_init_param:s0 error 13
06-11 09:40:50.524  4962  4962 E C02c02/PARAM: [param_base.c:530]Selinux check name persist.init.debug.loglevel in u:object_r:startup_init_param:s0 info [4962 2000 2000] fai
06-11 09:40:50.524  4962  4962 E C02c02/PARAM: [param_manager.c:688]Forbid to access persist.init.debug.loglevel label 11548 7
06-11 09:40:50.524  4962  4962 E C02c02/PARAM: [param_manager.c:739]SystemReadParam failed! name is:persist.init.debug.loglevel, errNum is:1002!
06-11 09:40:50.539  4964  4964 E C02c02/PARAM: [param_base.c:356]Forbid to open workspace for u:object_r:startup_init_param:s0 error 13
06-11 09:40:50.539  4964  4964 E C02c02/PARAM: [param_base.c:530]Selinux check name persist.init.debug.loglevel in u:object_r:startup_init_param:s0 info [4964 2000 2000] fai
06-11 09:40:50.539  4964  4964 E C02c02/PARAM: [param_manager.c:688]Forbid to access persist.init.debug.loglevel label 11548 7
06-11 09:40:50.540  4964  4964 E C02c02/PARAM: [param_manager.c:739]SystemReadParam failed! name is:persist.init.debug.loglevel, errNum is:1002!
06-11 09:40:50.543   125  4955 I C02da0/ThreadLeakDetector: MainProcess: === sample thread status ===
06-11 09:40:50.544   125  4956 I C02da0/FdLeakDetector: MainProcess: === sample fd status ===
06-11 09:40:50.544   125  4905 I C02da0/NativeLeakDetector: MainProcess: === sample native status ===
06-11 09:40:50.548   125  4905 E C02da0/NativeLeakInfo: GetFakePss: get fake pss failed, process: watchdog_service:89
06-11 09:40:50.548   125  4905 E C02da0/NativeLeakInfo: GetFakePss: get fake pss failed, process: faultloggerd:104
06-11 09:40:50.549   125  4905 E C02da0/NativeLeakInfo: GetFakePss: get fake pss failed, process: hilogd:105
06-11 09:40:50.549   125  4905 E C02da0/NativeLeakInfo: GetFakePss: get fake pss failed, process: hdf_devmgr:118
06-11 09:40:50.550   125  4905 E C02da0/NativeLeakInfo: GetFakePss: get fake pss failed, process: storage_manager:119
06-11 09:40:50.551   125  4905 E C02da0/NativeLeakInfo: GetFakePss: get fake pss failed, process: storage_daemon:120
06-11 09:40:50.552   125  4905 E C02da0/NativeLeakInfo: GetFakePss: get fake pss failed, process: samgr:121
06-11 09:40:50.552   125  4905 E C02da0/NativeLeakInfo: GetFakePss: get fake pss failed, process: param_watcher:124
06-11 09:40:50.553   125  4905 E C02da0/NativeLeakInfo: GetFakePss: get fake pss failed, process: hiview:125
06-11 09:40:50.554   125  4905 E C02da0/NativeLeakInfo: GetFakePss: get fake pss failed, process: wifi_hal_service:173
06-11 09:40:50.555   125  4905 E C02da0/NativeLeakInfo: GetFakePss: get fake pss failed, process: accessibility:174
06-11 09:40:50.556   125  4905 E C02da0/NativeLeakInfo: GetFakePss: get fake pss failed, process: audio_server:181
06-11 09:40:50.557   125  4905 E C02da0/NativeLeakInfo: GetFakePss: get fake pss failed, process: concurrent_task_service:188
06-11 09:40:50.558   125  4905 E C02da0/NativeLeakInfo: GetFakePss: get fake pss failed, process: deviceauth_service:189
06-11 09:40:50.558   125  4905 E C02da0/NativeLeakInfo: GetFakePss: get fake pss failed, process: dlp_credential_service_sa:196
06-11 09:40:50.559   125  4905 E C02da0/NativeLeakInfo: GetFakePss: get fake pss failed, process: healthsport_services:202
06-11 09:40:50.560   125  4905 E C02da0/NativeLeakInfo: GetFakePss: get fake pss failed, process: huks_service:215
06-11 09:40:50.560   125  4905 E C02da0/NativeLeakInfo: GetFakePss: get fake pss failed, process: memmgrservice:225
06-11 09:40:50.561   125  4905 E C02da0/NativeLeakInfo: GetFakePss: get fake pss failed, process: uinput_inject:232
06-11 09:40:50.561   125  4905 E C02da0/NativeLeakInfo: GetFakePss: get fake pss failed, process: multimodalinput:233
06-11 09:40:50.561   125  4905 E C02da0/NativeLeakInfo: GetFakePss: get fake pss failed, process: resource_schedule_executor:237
06-11 09:40:50.562   125  4905 E C02da0/NativeLeakInfo: GetFakePss: get fake pss failed, process: resource_schedule_service:254
06-11 09:40:50.565   125  4905 E C02da0/NativeLeakInfo: GetFakePss: get fake pss failed, process: netmanager:281
06-11 09:40:50.566   125  4905 E C02da0/NativeLeakInfo: GetFakePss: get fake pss failed, process: telephony:293
06-11 09:40:50.567   125  4905 E C02da0/NativeLeakInfo: GetFakePss: get fake pss failed, process: wallpaper_service:299
06-11 09:40:50.568   125  4905 E C02da0/NativeLeakInfo: GetFakePss: get fake pss failed, process: bgtaskmgr_service:354
06-11 09:40:50.569   125  4905 E C02da0/NativeLeakInfo: GetFakePss: get fake pss failed, process: file_monitor_service:361
06-11 09:40:50.569   125  4905 E C02da0/NativeLeakInfo: GetFakePss: get fake pss failed, process: msdp:371
06-11 09:40:50.569   125  4905 E C02da0/NativeLeakInfo: GetFakePss: get fake pss failed, process: push_manager_service:378
06-11 09:40:50.570   125  4905 E C02da0/NativeLeakInfo: GetFakePss: get fake pss failed, process: time_service:392
06-11 09:40:50.571   125  4905 E C02da0/NativeLeakInfo: GetFakePss: get fake pss failed, process: chargelogcat:426
06-11 09:40:50.571   125  4905 E C02da0/NativeLeakInfo: GetFakePss: get fake pss failed, process: sleeplogcat:428
06-11 09:40:50.572   125  4905 E C02da0/NativeLeakInfo: GetFakePss: get fake pss failed, process: inputlogcat:431
06-11 09:40:50.572   125  4905 E C02da0/NativeLeakInfo: GetFakePss: get fake pss failed, process: fingerprint_auth_host:442
06-11 09:40:50.573   125  4905 E C02da0/NativeLeakInfo: GetFakePss: get fake pss failed, process: user_auth_host:443
06-11 09:40:50.574   125  4905 E C02da0/NativeLeakInfo: GetFakePss: get fake pss failed, process: face_auth_host:444
06-11 09:40:50.574   125  4905 E C02da0/NativeLeakInfo: GetFakePss: get fake pss failed, process: codec_host:449
06-11 09:40:50.574   125  4905 E C02da0/NativeLeakInfo: GetFakePss: get fake pss failed, process: light_host:454
06-11 09:40:50.575   125  4905 E C02da0/NativeLeakInfo: GetFakePss: get fake pss failed, process: vibrator_host:457
06-11 09:40:50.577   125  4905 E C02da0/NativeLeakInfo: GetFakePss: get fake pss failed, process: sensor_host:458
06-11 09:40:50.577   125  4905 E C02da0/NativeLeakInfo: GetFakePss: get fake pss failed, process: input_user_host:463
06-11 09:40:50.577   125  4905 E C02da0/NativeLeakInfo: GetFakePss: get fake pss failed, process: camera_host:472
06-11 09:40:50.578   125  4905 E C02da0/NativeLeakInfo: GetFakePss: get fake pss failed, process: audio_host:473
06-11 09:40:50.579   125  4905 E C02da0/NativeLeakInfo: GetFakePss: get fake pss failed, process: wifi_host:477
06-11 09:40:50.579   125  4905 E C02da0/NativeLeakInfo: GetFakePss: get fake pss failed, process: power_host:478
06-11 09:40:50.580   125  4905 E C02da0/NativeLeakInfo: GetFakePss: get fake pss failed, process: usb_host:483
06-11 09:40:50.580   125  4905 E C02da0/NativeLeakInfo: GetFakePss: get fake pss failed, process: blue_host:484
06-11 09:40:50.598   125  4905 E C02da0/NativeLeakInfo: GetFakePss: get fake pss failed, process: allocator_host:491
06-11 09:40:50.599   125  4905 E C02da0/NativeLeakInfo: GetFakePss: get fake pss failed, process: composer_host:503
06-11 09:40:50.600   125  4905 E C02da0/NativeLeakInfo: GetFakePss: get fake pss failed, process: useriam:506
06-11 09:40:50.600   125  4905 E C02da0/NativeLeakInfo: GetFakePss: get fake pss failed, process: ui_service:509
06-11 09:40:50.601   125  4905 E C02da0/NativeLeakInfo: GetFakePss: get fake pss failed, process: softbus_server:517
06-11 09:40:50.602   125  4905 E C02da0/NativeLeakInfo: GetFakePss: get fake pss failed, process: sensors:525
06-11 09:40:50.602   125  4905 E C02da0/NativeLeakInfo: GetFakePss: get fake pss failed, process: security_guard:526
06-11 09:40:50.609   125  4905 E C02da0/NativeLeakInfo: GetFakePss: get fake pss failed, process: pin_auth_host:533
06-11 09:40:50.610   125  4905 E C02da0/NativeLeakInfo: GetFakePss: get fake pss failed, process: privacy_service:542
06-11 09:40:50.610   125  4905 E C02da0/NativeLeakInfo: GetFakePss: get fake pss failed, process: powermgr:543
06-11 09:40:50.610   125  4905 E C02da0/NativeLeakInfo: GetFakePss: get fake pss failed, process: netsysnative:544
06-11 09:40:50.611   125  4905 E C02da0/NativeLeakInfo: GetFakePss: get fake pss failed, process: media_service:598
06-11 09:40:50.622   125  4905 E C02da0/NativeLeakInfo: GetFakePss: get fake pss failed, process: media_monitor:615
06-11 09:40:50.692   125  4905 E C02da0/NativeLeakInfo: GetFakePss: get fake pss failed, process: inputmethod_service:619
06-11 09:40:50.695   125  4905 E C02da0/NativeLeakInfo: GetFakePss: get fake pss failed, process: huawei_id_svc:628
06-11 09:40:50.697   125  4905 E C02da0/NativeLeakInfo: GetFakePss: get fake pss failed, process: hianalytics:631
06-11 09:40:50.697   121  1062 I C01800/SAMGR: NF SA:65962,876_899
06-11 09:40:50.698   125  4905 E C02da0/NativeLeakInfo: GetFakePss: get fake pss failed, process: render_service:664
06-11 09:40:50.699   125  4905 E C02da0/NativeLeakInfo: GetFakePss: get fake pss failed, process: foundation:682
06-11 09:40:50.699   125  4905 E C02da0/NativeLeakInfo: GetFakePss: get fake pss failed, process: drm_service:692
06-11 09:40:50.699   125  4905 E C02da0/NativeLeakInfo: GetFakePss: get fake pss failed, process: usb_service:707
06-11 09:40:50.700   125  4905 E C02da0/NativeLeakInfo: GetFakePss: get fake pss failed, process: wifi_manager_service:719
06-11 09:40:50.700   125  4905 E C02da0/NativeLeakInfo: GetFakePss: get fake pss failed, process: distributeddata:737
06-11 09:40:50.700   125  4905 E C02da0/NativeLeakInfo: GetFakePss: get fake pss failed, process: device_manager:744
06-11 09:40:50.701   125  4905 E C02da0/NativeLeakInfo: GetFakePss: get fake pss failed, process: client_cloud_cache_service:774
06-11 09:40:50.705   125  4905 E C02da0/NativeLeakInfo: GetFakePss: get fake pss failed, process: camera_service:788
06-11 09:40:50.708   125  4905 E C02da0/NativeLeakInfo: GetFakePss: get fake pss failed, process: av_session:844
06-11 09:40:50.709   125  4905 E C02da0/NativeLeakInfo: GetFakePss: get fake pss failed, process: av_codec_service:867
06-11 09:40:50.709   125  4770 E C02d66/Hiview-XPerformance: [InquiryOhImpl::ExtractStringValue] Canonical FilePath: /sys/class/ithermal/lpm/lpm_freq failed.
06-11 09:40:50.710   125  4770 E C02d66/Hiview-XPerformance: [InquiryOhImpl::ExtractStringValue] Canonical FilePath: /sys/class/power_supply/Battery/status failed.
06-11 09:40:50.710   125  4905 E C02da0/NativeLeakInfo: GetFakePss: get fake pss failed, process: aps_manager:876
06-11 09:40:50.719   125  4905 E C02da0/NativeLeakInfo: GetFakePss: get fake pss failed, process: accountmgr:889
06-11 09:40:50.775   125  4905 E C02da0/NativeLeakInfo: GetFakePss: get fake pss failed, process: accesstoken_service:926
06-11 09:40:50.776   125  4905 E C02da0/NativeLeakInfo: GetFakePss: get fake pss failed, process: CollaborationFwk:928
06-11 09:40:50.776   125  4905 E C02da0/NativeLeakInfo: GetFakePss: get fake pss failed, process: hdcd:937
06-11 09:40:50.777   125  4905 E C02da0/NativeLeakInfo: GetFakePss: get fake pss failed, process: locationhub:963
06-11 09:40:50.777   125  4905 E C02da0/NativeLeakInfo: GetFakePss: get fake pss failed, process: pinauth:1006
06-11 09:40:50.778   125  4905 E C02da0/NativeLeakInfo: GetFakePss: get fake pss failed, process: asset_service:1298
06-11 09:40:50.778   125  4905 E C02da0/NativeLeakInfo: GetFakePss: get fake pss failed, process: deviceinfoservice:1513
06-11 09:40:50.779   125  4905 E C02da0/NativeLeakInfo: GetFakePss: get fake pss failed, process: dlp_permission_service:1564
06-11 09:40:50.780   125  4905 E C02da0/NativeLeakInfo: GetFakePss: get fake pss failed, process: deviceprofile:1679
06-11 09:40:50.780   125  4905 E C02da0/NativeLeakInfo: GetFakePss: get fake pss failed, process: com.huawei.hms.pushservice:1709
06-11 09:40:50.782   125  4905 E C02da0/NativeLeakInfo: GetFakePss: get fake pss failed, process: download_server:1791
06-11 09:40:50.782   125  4905 E C02da0/NativeLeakInfo: GetFakePss: get fake pss failed, process: device_activate_service:1823
06-11 09:40:50.783   125  4905 E C02da0/NativeLeakInfo: GetFakePss: get fake pss failed, process: cert_manager_service:1865
06-11 09:40:50.789   125  4905 E C02da0/NativeLeakInfo: GetFakePss: get fake pss failed, process: pasteboard_service:2091
06-11 09:40:50.792   125  4905 E C02da0/NativeLeakInfo: GetFakePss: get fake pss failed, process: com.ohos.sceneboard:2704
06-11 09:40:50.794   125  4905 E C02da0/NativeLeakInfo: GetFakePss: get fake pss failed, process: com.huawei.hmos.inputmethod:inputMethod:2781
06-11 09:40:50.795   125  4905 E C02da0/NativeLeakInfo: GetFakePss: get fake pss failed, process: com.ohos.sceneboard:EngineServiceAbility:3:2856
06-11 09:40:50.795   125  4905 E C02da0/NativeLeakInfo: GetFakePss: get fake pss failed, process: QemuParams:2969
06-11 09:40:50.801   125  4905 E C02da0/NativeLeakInfo: GetFakePss: get fake pss failed, process: dev.makepad.makepad_example_native_text_input:3062
06-11 09:40:50.802   125  4905 E C02da0/NativeLeakInfo: GetFakePss: get fake pss failed, process: hidumper_service:3982
06-11 09:40:50.807   125  4905 E C02da0/NativeLeakInfo: GetFakePss: get fake pss failed, process: cloudinterfaceauth:4186
06-11 09:40:50.807   125  4905 E C02da0/NativeLeakInfo: GetFakePss: get fake pss failed, process: security_component_service:4823
06-11 09:40:50.808   125  4905 I C02da0/NativeLeakDetector: SampleAllList: len:98 sampleCnt:98 succCnt:0 diedCnt:1 newlen:97
06-11 09:40:50.822   664   723 E C01400/OHOS::RS: RsFrameReport:[loadSymbol]Get RSRenderStart symbol failed: do_dlsym failed: Symbol not found: RSRenderStart, version: null so=/system/lib64/platformsdk/libframe_ui_intf.z.so
06-11 09:40:50.822   664   723 E C01400/OHOS::RS: RsFrameReport:[RSRenderStart]load RSRenderStart function failed!
06-11 09:40:50.822  2704  4950 W C01719/ffrt: 4768:~WorkerThread:72 to exit, qos[3]
06-11 09:40:50.857   293  4952 W C01719/ffrt: 306:~WorkerThread:72 to exit, qos[2]
06-11 09:40:50.859   664   777 I C01400/Vsync: ThreadMain: <private>_DisableVSync, there is no valid connections
06-11 09:40:50.859   293  4951 W C01719/ffrt: 307:~WorkerThread:72 to exit, qos[2]
06-11 09:40:50.861   664   723 E C02515/DGLES: [unset_id@glv3_resource.cpp:75] id is bigger than bitmap_size, id: 996
06-11 09:40:50.861   664   723 E C02515/DGLES: [unset_id@glv3_resource.cpp:75] id is bigger than bitmap_size, id: 997
06-11 09:40:50.861   664   723 E C02515/DGLES: [unset_id@glv3_resource.cpp:75] id is bigger than bitmap_size, id: 998
06-11 09:40:50.861   664   723 E C02515/DGLES: [unset_id@glv3_resource.cpp:75] id is bigger than bitmap_size, id: 999
06-11 09:40:50.869   664   723 E C02515/DGLES: [d_eglSwapBuffers_special@egl_gpu.cpp:729] thread output size 1259682 speed 1156k/s API_num 617
06-11 09:40:50.870   664   723 E C01400/OHOS::RS: RsFrameReport:[loadSymbol]Get RSRenderEnd symbol failed: do_dlsym failed: Symbol not found: RSRenderEnd, version: null so=/system/lib64/platformsdk/libframe_ui_intf.z.so
06-11 09:40:50.870   664   723 E C01400/OHOS::RS: RsFrameReport:[RSRenderEnd]load RSRenderEnd function failed!
06-11 09:40:50.871   503  3425 W C02510/DISP: [SetLayerMaskInfo:437] <private> is not supported
06-11 09:40:50.898   121  1062 I C01800/SAMGR: NF SA:65962,876_900
